-- Borrar tablas auxiliares

DROP TABLE G25_comentarios_user;
DROP TABLE G25_cant_amigos;
DROP TABLE G25_comentarios_edad;
DROP TABLE G25_interes_act;
DROP TABLE G25_log_paseo;
DROP SEQUENCE G25_pk_log_paseo;

-- Vaciar tablas

DELETE FROM G25_comentarios_user;
DELETE FROM G25_cant_amigos;
DELETE FROM G25_amigo;
DELETE FROM G25_comentario;
DELETE FROM G25_tipo_actividad;
DELETE FROM g25_actividad;
DELETE FROM G25_ciudad;
DELETE FROM G25_paseo;
DELETE FROM G25_realizada_en;
DELETE FROM G25_usuario;


--Autofill
DROP TRIGGER G25_autofill_comentarios; 

--Restriccion de invitaciones para carga de usuarios
DROP TRIGGER G25_confirmar_alta;

-- Triggers para completar comentarios
--Nota: completamente rustico
/* NO FUNCIONA*/
/**
CREATE OR REPLACE TRIGGER G25_autofill_comentarios
AFTER INSERT ON G25_comentario
FOR EACH ROW
BEGIN
BEGIN
	IF (:NEW.tipo = 'Original') THEN
		INSERT INTO G25_original VALUES (:NEW.cod_comentario,'En_muro');
		INSERT INTO G25_en_muro VALUES(:NEW.cod_comentario);
	ELSE
		INSERT INTO G25_respuesta VALUES (:NEW.cod_comentario,'1');
	END IF;
END;
END;
**/


/*AGREGAR OBJETOS DE:*/
/**
	Contador de cantidad de amigos (ej2)
	Contador de mensajes (ej1)
**/

--tipo actividad	
INSERT INTO G25_tipo_actividad(id_tipo_act,nombre) VALUES (1,'deportiva');
INSERT INTO G25_tipo_actividad(id_tipo_act,nombre) VALUES (2,'social');
INSERT INTO G25_tipo_actividad(id_tipo_act,nombre) VALUES (3,'cultural');
--actividad
INSERT INTO G25_actividad(id_actividad,nombre_actividad,elemento_necesario,id_tipo_act) VALUES(1,'caminata','dos patas',1);
INSERT INTO G25_actividad(id_actividad,nombre_actividad,elemento_necesario,id_tipo_act) VALUES(2,'boliche','ropa',2);
INSERT INTO G25_actividad(id_actividad,nombre_actividad,elemento_necesario,id_tipo_act) VALUES(3,'canotaje','brazos',1);
INSERT INTO G25_actividad(id_actividad,nombre_actividad,elemento_necesario,id_tipo_act) VALUES(4,'museo','Anteojos',3);
INSERT INTO G25_actividad(id_actividad,nombre_actividad,elemento_necesario,id_tipo_act) VALUES(5,'Playa','sombrilla y malla',2);
--ciudades
INSERT INTO G25_ciudad(cod_ciudad,nombre_ciudad,partido,provincia) VALUES (1,'Mar del plata','Pueyrredon','Buenos Aires');
INSERT INTO G25_ciudad(cod_ciudad,nombre_ciudad,partido,provincia) VALUES (2,'Tandil','Pueyrredon','Buenos Aires');
INSERT INTO G25_ciudad(cod_ciudad,nombre_ciudad,partido,provincia) VALUES (3,'Buenos Aires','Ninguno','Ninguno');
--Paseos
INSERT INTO G25_paseo(cod_ciudad,cod_paseo,nombre_paseo,descripcion) VALUES (1,1,'La feliz en verano','Temporada de verano');
INSERT INTO G25_paseo(cod_ciudad,cod_paseo,nombre_paseo,descripcion) VALUES (1,2,'La feliz en verano2','Temporada de verano V2');
INSERT INTO G25_paseo(cod_ciudad,cod_paseo,nombre_paseo,descripcion) VALUES (2,4,'Tandil historico','Todo trucho');
INSERT INTO G25_paseo(cod_ciudad,cod_paseo,nombre_paseo,descripcion) VALUES (2,5,'Tandil cultural','Paisanos por todos lados');
INSERT INTO G25_paseo(cod_ciudad,cod_paseo,nombre_paseo,descripcion) VALUES (2,6,'Tandil viejo','Sin caminata');
--relacion actividad-paseo
INSERT INTO G25_realizada_en(id_actividad,cod_paseo,cod_ciudad) VALUES (1,1,1);
INSERT INTO G25_realizada_en(id_actividad,cod_paseo,cod_ciudad) VALUES (2,1,1);
INSERT INTO G25_realizada_en(id_actividad,cod_paseo,cod_ciudad) VALUES (3,1,1);
INSERT INTO G25_realizada_en(id_actividad,cod_paseo,cod_ciudad) VALUES (5,1,1);
INSERT INTO G25_realizada_en(id_actividad,cod_paseo,cod_ciudad) VALUES (1,4,2);
INSERT INTO G25_realizada_en(id_actividad,cod_paseo,cod_ciudad) VALUES (4,4,2);
INSERT INTO G25_realizada_en(id_actividad,cod_paseo,cod_ciudad) VALUES (1,5,2);
INSERT INTO G25_realizada_en(id_actividad,cod_paseo,cod_ciudad) VALUES (4,5,2);
INSERT INTO G25_realizada_en(id_actividad,cod_paseo,cod_ciudad) VALUES (3,5,2);
INSERT INTO G25_realizada_en(id_actividad,cod_paseo,cod_ciudad) VALUES (4,6,2);
--Usuario

-- Extras

ALTER TABLE G25_usuario
MODIFY (borrado DEFAULT 'NO');


--Restricciones de dominio a categoria
ALTER TABLE G25_usuario
ADD CONSTRAINT RD_categoria
CHECK (categoria IN ('principiante','intermedio','senior'));

--Valor por default de categoria
ALTER TABLE G25_usuario
MODIFY (categoria DEFAULT 'principiante');



INSERT INTO G25_usuario (cod_usuario,nombres,apellidos,email,nick) VALUES ('1','Briar','Hopkins','sit.amet.massa@non.edu','Ciara');
INSERT INTO G25_usuario (cod_usuario,nombres,apellidos,email,nick) VALUES ('2','Cally','Bartlett','id@magna.org','Hyacinth');
INSERT INTO G25_usuario (cod_usuario,nombres,apellidos,email,nick) VALUES ('3','Clementine','Mccoy','risus.odio@dictumProineget.edu','Amy');
INSERT INTO G25_usuario (cod_usuario,nombres,apellidos,email,nick) VALUES ('4','Rhea','Rowland','pretium@ac.edu','Guy');
INSERT INTO G25_usuario (cod_usuario,nombres,apellidos,email,nick) VALUES ('5','Cara','Wilson','at.auctor.ullamcorper@pharetrafelis.com','Neville');
INSERT INTO G25_usuario (cod_usuario,nombres,apellidos,email,nick) VALUES ('6','Stacy','Price','fringilla.Donec.feugiat@actellus.org','Malcolm');
INSERT INTO G25_usuario (cod_usuario,nombres,apellidos,email,nick) VALUES ('7','Azalia','Suarez','lobortis.quis@atfringillapurus.edu','Remedios');
INSERT INTO G25_usuario (cod_usuario,nombres,apellidos,email,nick) VALUES ('8','Luke','Bell','Aliquam.fringilla@parturientmontesnascetur.edu','Veronica');
INSERT INTO G25_usuario (cod_usuario,nombres,apellidos,email,nick) VALUES ('9','Maggie','Tate','dictum@nullaIntincidunt.ca','Lenore');
INSERT INTO G25_usuario (cod_usuario,nombres,apellidos,email,nick) VALUES ('10','James','Sherman','lorem.eget.mollis@dictumplacerat.org','Ima');
INSERT INTO G25_usuario (cod_usuario,nombres,apellidos,email,nick) VALUES ('11','Brynne','Burton','tempor.diam@ligulaAliquamerat.ca','Kiayada');
INSERT INTO G25_usuario (cod_usuario,nombres,apellidos,email,nick) VALUES ('12','Ingrid','Gilliam','mauris.eu@duiaugueeu.edu','MacKensie');
INSERT INTO G25_usuario (cod_usuario,nombres,apellidos,email,nick) VALUES ('13','Karly','Hale','ornare.Fusce.mollis@penatibus.ca','Kitra');
INSERT INTO G25_usuario (cod_usuario,nombres,apellidos,email,nick) VALUES ('14','Kasimir','Lindsay','egestas.blandit@elitpharetraut.com','Urielle');
INSERT INTO G25_usuario (cod_usuario,nombres,apellidos,email,nick) VALUES ('15','Azalia','Newman','malesuada@dolor.org','Jeremy');
INSERT INTO G25_usuario (cod_usuario,nombres,apellidos,email,nick) VALUES ('16','Frances','Wiggins','facilisis.eget.ipsum@loremut.ca','Blair');
INSERT INTO G25_usuario (cod_usuario,nombres,apellidos,email,nick) VALUES ('17','Cole','Pollard','pede.ultrices@molestiesodales.ca','Valentine');
INSERT INTO G25_usuario (cod_usuario,nombres,apellidos,email,nick) VALUES ('18','Nevada','Franco','sagittis.felis.Donec@ut.com','Giacomo');
INSERT INTO G25_usuario (cod_usuario,nombres,apellidos,email,nick) VALUES ('19','Paki','Jefferson','placerat.eget@Nuncsollicitudin.com','Raya');
INSERT INTO G25_usuario (cod_usuario,nombres,apellidos,email,nick) VALUES ('20','Thor','Ware','felis@dolorquamelementum.org','Zeph');
INSERT INTO G25_usuario (cod_usuario,nombres,apellidos,email,nick) VALUES ('21','Quinn','Washington','dictum@Mauris.edu','Ronan');
INSERT INTO G25_usuario (cod_usuario,nombres,apellidos,email,nick) VALUES ('22','Jemima','Taylor','scelerisque@quamdignissimpharetra.edu','Nissim');
INSERT INTO G25_usuario (cod_usuario,nombres,apellidos,email,nick) VALUES ('23','Chase','Irwin','dis.parturient@Suspendisseac.com','Farrah');
INSERT INTO G25_usuario (cod_usuario,nombres,apellidos,email,nick) VALUES ('24','Murphy','Lloyd','sodales.nisi.magna@liberoInteger.com','Georgia');
INSERT INTO G25_usuario (cod_usuario,nombres,apellidos,email,nick) VALUES ('25','Grant','Rhodes','purus.in@sapienCrasdolor.com','Hermione');
INSERT INTO G25_usuario (cod_usuario,nombres,apellidos,email,nick) VALUES ('26','Keelie','Mccullough','tellus@Curae;.edu','Jordan');
INSERT INTO G25_usuario (cod_usuario,nombres,apellidos,email,nick) VALUES ('27','Nerea','Owen','est@nonmagna.com','Brennan');
INSERT INTO G25_usuario (cod_usuario,nombres,apellidos,email,nick) VALUES ('28','Brady','Delacruz','pellentesque.massa@pedeNunc.edu','Adrian');
INSERT INTO G25_usuario (cod_usuario,nombres,apellidos,email,nick) VALUES ('29','Robert','Mathis','blandit.congue@aliquet.edu','Oscar');
INSERT INTO G25_usuario (cod_usuario,nombres,apellidos,email,nick) VALUES ('30','Grant','Farrell','lacus@temporbibendum.edu','Cody');
INSERT INTO G25_usuario (cod_usuario,nombres,apellidos,email,nick) VALUES ('31','Brynne','Ford','Donec@velpedeblandit.org','Zane');
INSERT INTO G25_usuario (cod_usuario,nombres,apellidos,email,nick) VALUES ('32','Xaviera','Fernandez','metus.urna.convallis@at.org','Byron');
INSERT INTO G25_usuario (cod_usuario,nombres,apellidos,email,nick) VALUES ('33','Elvis','Burke','tellus.Suspendisse.sed@sapiengravidanon.edu','Delilah');
INSERT INTO G25_usuario (cod_usuario,nombres,apellidos,email,nick) VALUES ('34','Emery','James','elit.fermentum.risus@Aliquamultricesiaculis.edu','Amos');
INSERT INTO G25_usuario (cod_usuario,nombres,apellidos,email,nick) VALUES ('35','Harper','Giles','quis.diam@volutpat.edu','Amena');
INSERT INTO G25_usuario (cod_usuario,nombres,apellidos,email,nick) VALUES ('36','Lila','Velez','ac.mattis@ametornare.edu','Wallace');
INSERT INTO G25_usuario (cod_usuario,nombres,apellidos,email,nick) VALUES ('37','Hyacinth','Watkins','pede.ultrices@montesnasceturridiculus.org','Destiny');
INSERT INTO G25_usuario (cod_usuario,nombres,apellidos,email,nick) VALUES ('38','Camden','Justice','et@nibhQuisque.edu','Whilemina');
INSERT INTO G25_usuario (cod_usuario,nombres,apellidos,email,nick) VALUES ('39','India','Powers','ultrices@a.org','Mason');
INSERT INTO G25_usuario (cod_usuario,nombres,apellidos,email,nick) VALUES ('40','Harrison','Dale','erat.semper@musAenean.ca','Vaughan');
INSERT INTO G25_usuario (cod_usuario,nombres,apellidos,email,nick) VALUES ('41','Lilah','Hogan','Duis@lacus.ca','Devin');
INSERT INTO G25_usuario (cod_usuario,nombres,apellidos,email,nick) VALUES ('42','Elijah','Todd','egestas@felisorciadipiscing.ca','Illiana');
INSERT INTO G25_usuario (cod_usuario,nombres,apellidos,email,nick) VALUES ('43','Channing','Austin','Fusce.mollis.Duis@egestashendrerit.ca','Sonya');
INSERT INTO G25_usuario (cod_usuario,nombres,apellidos,email,nick) VALUES ('44','Nicholas','Jacobs','Mauris.non.dui@mollis.edu','Nyssa');
INSERT INTO G25_usuario (cod_usuario,nombres,apellidos,email,nick) VALUES ('45','Fatima','Harmon','laoreet@Sed.org','Jessamine');
INSERT INTO G25_usuario (cod_usuario,nombres,apellidos,email,nick) VALUES ('46','Ahmed','Arnold','adipiscing.lacus@aliquameros.com','Martena');
INSERT INTO G25_usuario (cod_usuario,nombres,apellidos,email,nick) VALUES ('47','Celeste','Gross','Etiam.bibendum.fermentum@tristiquealiquetPhasellus.org','Kristen');
INSERT INTO G25_usuario (cod_usuario,nombres,apellidos,email,nick) VALUES ('48','Danielle','Hodge','urna.Nullam.lobortis@lectus.edu','Maggy');
INSERT INTO G25_usuario (cod_usuario,nombres,apellidos,email,nick) VALUES ('49','Farrah','Graves','rutrum@velitegestas.ca','Joan');
INSERT INTO G25_usuario (cod_usuario,nombres,apellidos,email,nick) VALUES ('50','Quamar','Garner','faucibus.orci@miac.ca','May');
INSERT INTO G25_usuario (cod_usuario,nombres,apellidos,email,nick) VALUES ('51','Emerald','Reeves','luctus@elementumlorem.org','Quentin');
INSERT INTO G25_usuario (cod_usuario,nombres,apellidos,email,nick) VALUES ('52','Desiree','Joseph','non@semperauctor.edu','Odette');
INSERT INTO G25_usuario (cod_usuario,nombres,apellidos,email,nick) VALUES ('53','Kristen','Duncan','Quisque@Nulla.org','Quentin');
INSERT INTO G25_usuario (cod_usuario,nombres,apellidos,email,nick) VALUES ('54','Kermit','Aguirre','id.erat.Etiam@Duisvolutpatnunc.org','Dahlia');
INSERT INTO G25_usuario (cod_usuario,nombres,apellidos,email,nick) VALUES ('55','Maggie','Workman','eros.turpis@odioNaminterdum.ca','Barclay');
INSERT INTO G25_usuario (cod_usuario,nombres,apellidos,email,nick) VALUES ('56','Lacy','Barrett','aliquet.nec@et.org','Rhea');
INSERT INTO G25_usuario (cod_usuario,nombres,apellidos,email,nick) VALUES ('57','Brent','Vega','Donec.fringilla.Donec@nec.ca','Mollie');
INSERT INTO G25_usuario (cod_usuario,nombres,apellidos,email,nick) VALUES ('58','Gemma','Suarez','ac.arcu.Nunc@eratvolutpatNulla.org','Hanae');
INSERT INTO G25_usuario (cod_usuario,nombres,apellidos,email,nick) VALUES ('59','Guy','Sweet','vitae.mauris@eutelluseu.com','Kerry');
INSERT INTO G25_usuario (cod_usuario,nombres,apellidos,email,nick) VALUES ('60','Jorden','Waters','vitae.erat@elitNullafacilisi.org','Vernon');
INSERT INTO G25_usuario (cod_usuario,nombres,apellidos,email,nick) VALUES ('61','Burke','Green','tempus@nonummyacfeugiat.ca','Amery');
INSERT INTO G25_usuario (cod_usuario,nombres,apellidos,email,nick) VALUES ('62','Sandra','Murray','mauris@iaculis.ca','Hillary');
INSERT INTO G25_usuario (cod_usuario,nombres,apellidos,email,nick) VALUES ('63','Olympia','Kennedy','nisi.nibh@enimmitempor.edu','Irma');
INSERT INTO G25_usuario (cod_usuario,nombres,apellidos,email,nick) VALUES ('64','Sara','Reynolds','natoque@semperpretiumneque.org','Bradley');
INSERT INTO G25_usuario (cod_usuario,nombres,apellidos,email,nick) VALUES ('65','Asher','Mooney','aliquet.Phasellus@sodalesat.ca','Hunter');
INSERT INTO G25_usuario (cod_usuario,nombres,apellidos,email,nick) VALUES ('66','Abra','Cardenas','elementum.at.egestas@Integersemelit.com','Nita');
INSERT INTO G25_usuario (cod_usuario,nombres,apellidos,email,nick) VALUES ('67','Jada','Barton','ut.lacus@venenatislacusEtiam.ca','Quail');
INSERT INTO G25_usuario (cod_usuario,nombres,apellidos,email,nick) VALUES ('68','Hyatt','Anthony','Maecenas.malesuada@Loremipsumdolor.org','Reuben');
INSERT INTO G25_usuario (cod_usuario,nombres,apellidos,email,nick) VALUES ('69','Madonna','Taylor','eu.ligula@Nullam.org','Darryl');
INSERT INTO G25_usuario (cod_usuario,nombres,apellidos,email,nick) VALUES ('70','Keane','Meyer','ultrices@cubiliaCurae;.edu','Allistair');
INSERT INTO G25_usuario (cod_usuario,nombres,apellidos,email,nick) VALUES ('71','Ralph','Miles','pretium.neque@tempus.com','Nelle');
INSERT INTO G25_usuario (cod_usuario,nombres,apellidos,email,nick) VALUES ('72','Elvis','Strickland','id@magnaUttincidunt.ca','Jonas');
INSERT INTO G25_usuario (cod_usuario,nombres,apellidos,email,nick) VALUES ('73','John','Harding','orci.luctus.et@sociisnatoquepenatibus.ca','Elvis');
INSERT INTO G25_usuario (cod_usuario,nombres,apellidos,email,nick) VALUES ('74','Warren','Eaton','Sed.eu.nibh@purussapiengravida.org','Quynn');
INSERT INTO G25_usuario (cod_usuario,nombres,apellidos,email,nick) VALUES ('75','Marny','Adams','ornare.lectus@vel.org','Larissa');
INSERT INTO G25_usuario (cod_usuario,nombres,apellidos,email,nick) VALUES ('76','Scott','Pearson','consectetuer.euismod@aliquet.edu','Renee');
INSERT INTO G25_usuario (cod_usuario,nombres,apellidos,email,nick) VALUES ('77','Ria','Thompson','enim.commodo@Fusce.ca','Cecilia');
INSERT INTO G25_usuario (cod_usuario,nombres,apellidos,email,nick) VALUES ('78','Quamar','Nicholson','Nullam.vitae.diam@faucibusMorbivehicula.org','Francesca');
INSERT INTO G25_usuario (cod_usuario,nombres,apellidos,email,nick) VALUES ('79','Duncan','Andrews','Integer@nibhPhasellusnulla.edu','Robin');
INSERT INTO G25_usuario (cod_usuario,nombres,apellidos,email,nick) VALUES ('80','Leslie','Poole','lectus.sit@Nunc.org','Wayne');
INSERT INTO G25_usuario (cod_usuario,nombres,apellidos,email,nick) VALUES ('81','Lucy','Davenport','Donec.elementum@variusNamporttitor.edu','Jolene');
INSERT INTO G25_usuario (cod_usuario,nombres,apellidos,email,nick) VALUES ('82','Anika','Pennington','scelerisque@amagnaLorem.edu','Dolan');
INSERT INTO G25_usuario (cod_usuario,nombres,apellidos,email,nick) VALUES ('83','Reuben','Galloway','Phasellus.fermentum.convallis@sed.org','Regina');
INSERT INTO G25_usuario (cod_usuario,nombres,apellidos,email,nick) VALUES ('84','Nathaniel','Bray','augue.eu.tempor@Maecenasmalesuadafringilla.ca','Ignacia');
INSERT INTO G25_usuario (cod_usuario,nombres,apellidos,email,nick) VALUES ('85','Lynn','French','ligula@nostraperinceptos.ca','Phoebe');
INSERT INTO G25_usuario (cod_usuario,nombres,apellidos,email,nick) VALUES ('86','Yuri','Blankenship','odio.auctor@cursusvestibulumMauris.edu','McKenzie');
INSERT INTO G25_usuario (cod_usuario,nombres,apellidos,email,nick) VALUES ('87','Tallulah','Bird','eget.metus@Ut.ca','Olympia');
INSERT INTO G25_usuario (cod_usuario,nombres,apellidos,email,nick) VALUES ('88','Blake','Mcbride','ac.sem@ullamcorperviverraMaecenas.com','Leila');
INSERT INTO G25_usuario (cod_usuario,nombres,apellidos,email,nick) VALUES ('89','Minerva','Mcguire','urna.Vivamus.molestie@egetipsumSuspendisse.edu','Shafira');
INSERT INTO G25_usuario (cod_usuario,nombres,apellidos,email,nick) VALUES ('90','Savannah','Michael','pellentesque.massa.lobortis@quis.com','Audra');
INSERT INTO G25_usuario (cod_usuario,nombres,apellidos,email,nick) VALUES ('91','Brooke','Roberts','sem@sedorcilobortis.ca','Tashya');
INSERT INTO G25_usuario (cod_usuario,nombres,apellidos,email,nick) VALUES ('92','Maia','Hunter','suscipit.est.ac@enimMaurisquis.edu','Josephine');
INSERT INTO G25_usuario (cod_usuario,nombres,apellidos,email,nick) VALUES ('93','Petra','Bryant','bibendum.ullamcorper.Duis@Loremipsumdolor.com','Nero');
INSERT INTO G25_usuario (cod_usuario,nombres,apellidos,email,nick) VALUES ('94','Madonna','Farrell','nunc.In@egestaslacinia.ca','Jena');
INSERT INTO G25_usuario (cod_usuario,nombres,apellidos,email,nick) VALUES ('95','Kay','Beard','mi.enim@gravida.edu','Ori');
INSERT INTO G25_usuario (cod_usuario,nombres,apellidos,email,nick) VALUES ('96','Zelda','Ayala','mauris@at.com','Vera');
INSERT INTO G25_usuario (cod_usuario,nombres,apellidos,email,nick) VALUES ('97','Madonna','Clements','est.ac@adipiscing.edu','Richard');
INSERT INTO G25_usuario (cod_usuario,nombres,apellidos,email,nick) VALUES ('98','Eliana','Mccoy','faucibus.id@eu.edu','Shoshana');
INSERT INTO G25_usuario (cod_usuario,nombres,apellidos,email,nick) VALUES ('99','Kylan','Prince','tempus@ornare.com','Denton');
INSERT INTO G25_usuario (cod_usuario,nombres,apellidos,email,nick) VALUES ('100','Holly','Pickett','ligula@Nulla.org','Sophia');
INSERT INTO G25_usuario (cod_usuario,nombres,apellidos,email,nick) VALUES ('101','Kristen','Black','vitae.erat@Proin.org','Hadassah');
INSERT INTO G25_usuario (cod_usuario,nombres,apellidos,email,nick) VALUES ('102','Buckminster','Castaneda','Fusce@eratSed.com','Cora');
INSERT INTO G25_usuario (cod_usuario,nombres,apellidos,email,nick) VALUES ('103','Shaeleigh','Kent','Aliquam.vulputate.ullamcorper@maurisMorbinon.com','Echo');
INSERT INTO G25_usuario (cod_usuario,nombres,apellidos,email,nick) VALUES ('104','Addison','Houston','luctus.ut.pellentesque@velitSedmalesuada.edu','Harper');
INSERT INTO G25_usuario (cod_usuario,nombres,apellidos,email,nick) VALUES ('105','Jeanette','Jimenez','turpis@Aenean.ca','Carly');
INSERT INTO G25_usuario (cod_usuario,nombres,apellidos,email,nick) VALUES ('106','Rose','Vaughn','nibh.sit@mauris.org','Stephanie');
INSERT INTO G25_usuario (cod_usuario,nombres,apellidos,email,nick) VALUES ('107','Jacob','Mccoy','magnis.dis.parturient@iaculisaliquetdiam.org','Suki');
INSERT INTO G25_usuario (cod_usuario,nombres,apellidos,email,nick) VALUES ('108','Robert','Justice','tempus@vitaeposuereat.edu','Ginger');
INSERT INTO G25_usuario (cod_usuario,nombres,apellidos,email,nick) VALUES ('109','Odette','Cannon','sed.consequat.auctor@elitafeugiat.ca','Lydia');
INSERT INTO G25_usuario (cod_usuario,nombres,apellidos,email,nick) VALUES ('110','Philip','Lowe','a@pellentesquetellus.org','Willa');
INSERT INTO G25_usuario (cod_usuario,nombres,apellidos,email,nick) VALUES ('111','Hamilton','Morales','vitae@laoreet.edu','Rooney');
INSERT INTO G25_usuario (cod_usuario,nombres,apellidos,email,nick) VALUES ('112','Harriet','Doyle','ut.quam@enimnec.org','Conan');
INSERT INTO G25_usuario (cod_usuario,nombres,apellidos,email,nick) VALUES ('113','Lucius','Levine','lectus.a.sollicitudin@vulputaterisus.edu','Brandon');
INSERT INTO G25_usuario (cod_usuario,nombres,apellidos,email,nick) VALUES ('114','Illana','Buchanan','dictum.mi.ac@Curabituregestasnunc.ca','Duncan');
INSERT INTO G25_usuario (cod_usuario,nombres,apellidos,email,nick) VALUES ('115','Chase','Chase','Nulla.tempor@dis.edu','Ivory');
INSERT INTO G25_usuario (cod_usuario,nombres,apellidos,email,nick) VALUES ('116','Tate','Huff','turpis.Nulla.aliquet@duisemperet.org','Kelly');
INSERT INTO G25_usuario (cod_usuario,nombres,apellidos,email,nick) VALUES ('117','Stone','Mccarty','diam.eu.dolor@hendrerita.com','Talon');
INSERT INTO G25_usuario (cod_usuario,nombres,apellidos,email,nick) VALUES ('118','Audra','Downs','nec.leo.Morbi@velitinaliquet.com','Zachery');
INSERT INTO G25_usuario (cod_usuario,nombres,apellidos,email,nick) VALUES ('119','Sopoline','Robertson','mi@eueleifend.com','Florence');
INSERT INTO G25_usuario (cod_usuario,nombres,apellidos,email,nick) VALUES ('120','Marcia','Bridges','ipsum.cursus.vestibulum@euodio.edu','Finn');
INSERT INTO G25_usuario (cod_usuario,nombres,apellidos,email,nick) VALUES ('121','Tyrone','Barnett','volutpat.Nulla@Quisque.com','Aurora');
INSERT INTO G25_usuario (cod_usuario,nombres,apellidos,email,nick) VALUES ('122','Carol','Booker','hendrerit@diamDuismi.ca','Mary');
INSERT INTO G25_usuario (cod_usuario,nombres,apellidos,email,nick) VALUES ('123','Beatrice','Byrd','dis.parturient@libero.ca','Warren');
INSERT INTO G25_usuario (cod_usuario,nombres,apellidos,email,nick) VALUES ('124','Armando','Mason','gravida.sit@nonjustoProin.ca','Rudyard');
INSERT INTO G25_usuario (cod_usuario,nombres,apellidos,email,nick) VALUES ('125','Marvin','Harrington','tristique@sodales.org','Jayme');
INSERT INTO G25_usuario (cod_usuario,nombres,apellidos,email,nick) VALUES ('126','Kim','Rojas','ridiculus.mus@Nullam.ca','Cheyenne');
INSERT INTO G25_usuario (cod_usuario,nombres,apellidos,email,nick) VALUES ('127','Kamal','Martinez','mi.eleifend.egestas@etipsum.ca','Lilah');
INSERT INTO G25_usuario (cod_usuario,nombres,apellidos,email,nick) VALUES ('128','Brittany','Ferrell','urna@Suspendissenonleo.ca','Kessie');
INSERT INTO G25_usuario (cod_usuario,nombres,apellidos,email,nick) VALUES ('129','Gage','Battle','Praesent@miac.edu','Ariana');
INSERT INTO G25_usuario (cod_usuario,nombres,apellidos,email,nick) VALUES ('130','Nora','Lott','velit.eu@ligulaAliquamerat.edu','Ira');
INSERT INTO G25_usuario (cod_usuario,nombres,apellidos,email,nick) VALUES ('131','Wade','Pickett','tortor@urna.edu','Hyatt');
INSERT INTO G25_usuario (cod_usuario,nombres,apellidos,email,nick) VALUES ('132','Fatima','Coleman','in.tempus@justo.ca','Jasmine');
INSERT INTO G25_usuario (cod_usuario,nombres,apellidos,email,nick) VALUES ('133','Geoffrey','Waters','malesuada@Maurisnondui.ca','Leslie');
INSERT INTO G25_usuario (cod_usuario,nombres,apellidos,email,nick) VALUES ('134','Quail','Gaines','Aliquam.nisl@elitpellentesquea.edu','Maris');
INSERT INTO G25_usuario (cod_usuario,nombres,apellidos,email,nick) VALUES ('135','Caleb','Hardy','orci@vitaemauris.ca','Orli');
INSERT INTO G25_usuario (cod_usuario,nombres,apellidos,email,nick) VALUES ('136','Harlan','Forbes','id.blandit.at@lobortisultrices.ca','Walter');
INSERT INTO G25_usuario (cod_usuario,nombres,apellidos,email,nick) VALUES ('137','Maris','Boyd','sociis.natoque.penatibus@Donec.edu','Ashton');
INSERT INTO G25_usuario (cod_usuario,nombres,apellidos,email,nick) VALUES ('138','Anjolie','Langley','tempus.mauris.erat@lectuspedeet.com','Barbara');
INSERT INTO G25_usuario (cod_usuario,nombres,apellidos,email,nick) VALUES ('139','Drake','Lancaster','ultrices.Vivamus@nullaIntegerurna.com','Beatrice');
INSERT INTO G25_usuario (cod_usuario,nombres,apellidos,email,nick) VALUES ('140','Michelle','Guy','vel.sapien@ligula.edu','Nissim');
INSERT INTO G25_usuario (cod_usuario,nombres,apellidos,email,nick) VALUES ('141','Mollie','Ayala','sit@odiotristiquepharetra.edu','Roth');
INSERT INTO G25_usuario (cod_usuario,nombres,apellidos,email,nick) VALUES ('142','Shelly','Saunders','erat.vitae@liberoProinmi.ca','Yvette');
INSERT INTO G25_usuario (cod_usuario,nombres,apellidos,email,nick) VALUES ('143','Jessica','Heath','ac.ipsum.Phasellus@nonegestasa.com','Ivy');
INSERT INTO G25_usuario (cod_usuario,nombres,apellidos,email,nick) VALUES ('144','Jessamine','Terrell','luctus.Curabitur.egestas@lacusCras.com','Carol');
INSERT INTO G25_usuario (cod_usuario,nombres,apellidos,email,nick) VALUES ('145','Wyoming','Jordan','ante@ligulaAeneaneuismod.org','Michelle');
INSERT INTO G25_usuario (cod_usuario,nombres,apellidos,email,nick) VALUES ('146','Ali','Buckley','blandit.congue@Aliquam.org','Kyra');
INSERT INTO G25_usuario (cod_usuario,nombres,apellidos,email,nick) VALUES ('147','Phyllis','Haynes','eu.nibh.vulputate@sapienNunc.ca','Zena');
INSERT INTO G25_usuario (cod_usuario,nombres,apellidos,email,nick) VALUES ('148','Virginia','Parrish','Nunc.laoreet@duiin.org','Louis');
INSERT INTO G25_usuario (cod_usuario,nombres,apellidos,email,nick) VALUES ('149','Doris','Pruitt','orci@facilisisSuspendissecommodo.ca','Yuli');
INSERT INTO G25_usuario (cod_usuario,nombres,apellidos,email,nick) VALUES ('150','Zelda','Delacruz','egestas.Fusce.aliquet@temporbibendum.org','Galvin');
INSERT INTO G25_usuario (cod_usuario,nombres,apellidos,email,nick) VALUES ('151','Shad','Harris','risus.Morbi.metus@egestasAliquam.com','Hamish');
INSERT INTO G25_usuario (cod_usuario,nombres,apellidos,email,nick) VALUES ('152','Kristen','Stuart','Mauris.vel.turpis@estMauriseu.ca','Wendy');
INSERT INTO G25_usuario (cod_usuario,nombres,apellidos,email,nick) VALUES ('153','Brynn','Cantrell','nisi@ornare.edu','Abraham');
INSERT INTO G25_usuario (cod_usuario,nombres,apellidos,email,nick) VALUES ('154','Alvin','Romero','eget@quis.ca','Aurora');
INSERT INTO G25_usuario (cod_usuario,nombres,apellidos,email,nick) VALUES ('155','Beverly','Serrano','nulla.ante@tortordictumeu.ca','Dara');
INSERT INTO G25_usuario (cod_usuario,nombres,apellidos,email,nick) VALUES ('156','Meghan','Petersen','tristique.pharetra@lorem.com','Dean');
INSERT INTO G25_usuario (cod_usuario,nombres,apellidos,email,nick) VALUES ('157','Hayes','Garrison','justo.faucibus@sem.com','Cecilia');
INSERT INTO G25_usuario (cod_usuario,nombres,apellidos,email,nick) VALUES ('158','Ciaran','Kaufman','orci.in.consequat@ipsum.org','Eric');
INSERT INTO G25_usuario (cod_usuario,nombres,apellidos,email,nick) VALUES ('159','Leila','Washington','ut.quam.vel@Nullasempertellus.org','Harriet');
INSERT INTO G25_usuario (cod_usuario,nombres,apellidos,email,nick) VALUES ('160','Jillian','Weber','Nullam.suscipit.est@adipiscing.ca','Lesley');
INSERT INTO G25_usuario (cod_usuario,nombres,apellidos,email,nick) VALUES ('161','Galvin','Coleman','purus.in.molestie@semeget.org','Reuben');
INSERT INTO G25_usuario (cod_usuario,nombres,apellidos,email,nick) VALUES ('162','Tate','House','amet@congue.com','Raymond');
INSERT INTO G25_usuario (cod_usuario,nombres,apellidos,email,nick) VALUES ('163','Nathan','Dominguez','Integer@eros.ca','Jolene');
INSERT INTO G25_usuario (cod_usuario,nombres,apellidos,email,nick) VALUES ('164','Katelyn','Lawrence','arcu@vulputateposuere.com','Steel');
INSERT INTO G25_usuario (cod_usuario,nombres,apellidos,email,nick) VALUES ('165','Brett','Frost','In.tincidunt@enimnislelementum.org','Madeson');
INSERT INTO G25_usuario (cod_usuario,nombres,apellidos,email,nick) VALUES ('166','Isaac','Randall','Cum.sociis.natoque@vitaedolor.com','Chava');
INSERT INTO G25_usuario (cod_usuario,nombres,apellidos,email,nick) VALUES ('167','Griffin','Keith','Mauris.nulla@sem.ca','Lawrence');
INSERT INTO G25_usuario (cod_usuario,nombres,apellidos,email,nick) VALUES ('168','Venus','Watson','sodales@erategettincidunt.com','Addison');
INSERT INTO G25_usuario (cod_usuario,nombres,apellidos,email,nick) VALUES ('169','Veronica','Odonnell','pede.nec.ante@posuereatvelit.com','Brenden');
INSERT INTO G25_usuario (cod_usuario,nombres,apellidos,email,nick) VALUES ('170','Zeus','Aguilar','ac.mattis.semper@mauris.org','Jordan');
INSERT INTO G25_usuario (cod_usuario,nombres,apellidos,email,nick) VALUES ('171','Mufutau','Fisher','ac.metus.vitae@ipsumprimisin.com','Malachi');
INSERT INTO G25_usuario (cod_usuario,nombres,apellidos,email,nick) VALUES ('172','Miranda','Miller','ipsum@varius.org','Charity');
INSERT INTO G25_usuario (cod_usuario,nombres,apellidos,email,nick) VALUES ('173','Breanna','Ford','sodales.elit.erat@vitaeodio.ca','Kerry');
INSERT INTO G25_usuario (cod_usuario,nombres,apellidos,email,nick) VALUES ('174','Brynn','Ochoa','sociosqu@Namacnulla.ca','Kyla');
INSERT INTO G25_usuario (cod_usuario,nombres,apellidos,email,nick) VALUES ('175','Adam','Merrill','ac@elitpede.com','Alea');
INSERT INTO G25_usuario (cod_usuario,nombres,apellidos,email,nick) VALUES ('176','Declan','Holmes','mi.lorem@quisturpisvitae.org','Zachery');
INSERT INTO G25_usuario (cod_usuario,nombres,apellidos,email,nick) VALUES ('177','Jaime','Lewis','consectetuer.adipiscing.elit@Vivamusrhoncus.org','Rhoda');
INSERT INTO G25_usuario (cod_usuario,nombres,apellidos,email,nick) VALUES ('178','Hall','Mccarty','luctus@eu.ca','Eugenia');
INSERT INTO G25_usuario (cod_usuario,nombres,apellidos,email,nick) VALUES ('179','Ira','Buck','adipiscing@loremacrisus.ca','Zenia');
INSERT INTO G25_usuario (cod_usuario,nombres,apellidos,email,nick) VALUES ('180','Reagan','Hartman','Aenean.sed@eleifendnec.org','Addison');
INSERT INTO G25_usuario (cod_usuario,nombres,apellidos,email,nick) VALUES ('181','Ocean','Hodge','Nullam@malesuada.edu','Josiah');
INSERT INTO G25_usuario (cod_usuario,nombres,apellidos,email,nick) VALUES ('182','Byron','Dominguez','Curabitur.ut.odio@dictum.org','Judith');
INSERT INTO G25_usuario (cod_usuario,nombres,apellidos,email,nick) VALUES ('183','Merritt','Reynolds','sollicitudin@ipsum.com','Teegan');
INSERT INTO G25_usuario (cod_usuario,nombres,apellidos,email,nick) VALUES ('184','Jolie','Terry','at.egestas@molestie.edu','Rhiannon');
INSERT INTO G25_usuario (cod_usuario,nombres,apellidos,email,nick) VALUES ('185','Malik','Bentley','Suspendisse@Seddiam.com','Quail');
INSERT INTO G25_usuario (cod_usuario,nombres,apellidos,email,nick) VALUES ('186','Lucius','Acevedo','magna@pedeSuspendisse.edu','Cyrus');
INSERT INTO G25_usuario (cod_usuario,nombres,apellidos,email,nick) VALUES ('187','Noelani','Humphrey','eget.varius@eratsemper.org','Amber');
INSERT INTO G25_usuario (cod_usuario,nombres,apellidos,email,nick) VALUES ('188','Vera','Fitzgerald','ullamcorper@sapienAenean.ca','Brody');
INSERT INTO G25_usuario (cod_usuario,nombres,apellidos,email,nick) VALUES ('189','Christopher','Yates','mi.eleifend.egestas@rhoncusid.org','Xaviera');
INSERT INTO G25_usuario (cod_usuario,nombres,apellidos,email,nick) VALUES ('190','Caesar','Rojas','nisi.nibh@Inatpede.ca','Jack');
INSERT INTO G25_usuario (cod_usuario,nombres,apellidos,email,nick) VALUES ('191','Dorian','Mason','varius@Curabitursed.ca','Kennan');
INSERT INTO G25_usuario (cod_usuario,nombres,apellidos,email,nick) VALUES ('192','Emerald','Webster','dui.in@diam.ca','Elijah');
INSERT INTO G25_usuario (cod_usuario,nombres,apellidos,email,nick) VALUES ('193','Grady','Sanchez','congue@DonecestNunc.org','Belle');
INSERT INTO G25_usuario (cod_usuario,nombres,apellidos,email,nick) VALUES ('194','Jocelyn','Gay','arcu.Vestibulum.ante@luctus.org','Ifeoma');
INSERT INTO G25_usuario (cod_usuario,nombres,apellidos,email,nick) VALUES ('195','Emerson','Weber','amet@Aliquamvulputateullamcorper.com','Declan');
INSERT INTO G25_usuario (cod_usuario,nombres,apellidos,email,nick) VALUES ('196','Ashely','Wright','sagittis@miDuis.com','Nora');
INSERT INTO G25_usuario (cod_usuario,nombres,apellidos,email,nick) VALUES ('197','Randall','Manning','vel.pede@amet.ca','Patricia');
INSERT INTO G25_usuario (cod_usuario,nombres,apellidos,email,nick) VALUES ('198','Jamalia','Monroe','justo.sit.amet@etmagnis.edu','Mechelle');
INSERT INTO G25_usuario (cod_usuario,nombres,apellidos,email,nick) VALUES ('199','Lilah','Estrada','augue.malesuada@liberodui.ca','Jamalia');
INSERT INTO G25_usuario (cod_usuario,nombres,apellidos,email,nick) VALUES ('200','Zelenia','Solis','sodales.at@famesacturpis.edu','Lydia');
INSERT INTO G25_usuario (cod_usuario,nombres,apellidos,email,nick) VALUES ('201','Shelley','Buckley','sed.dolor@quamvel.com','Julian');
INSERT INTO G25_usuario (cod_usuario,nombres,apellidos,email,nick) VALUES ('202','Farrah','Chase','turpis@et.edu','Iona');
INSERT INTO G25_usuario (cod_usuario,nombres,apellidos,email,nick) VALUES ('203','Gabriel','Dalton','est@luctus.org','Kuame');
INSERT INTO G25_usuario (cod_usuario,nombres,apellidos,email,nick) VALUES ('204','Clare','Stuart','sapien@placerategetvenenatis.edu','Kristen');
INSERT INTO G25_usuario (cod_usuario,nombres,apellidos,email,nick) VALUES ('205','Tanya','Rich','Suspendisse@a.ca','George');
INSERT INTO G25_usuario (cod_usuario,nombres,apellidos,email,nick) VALUES ('206','Madonna','Flores','mauris.ipsum@sociisnatoquepenatibus.com','Clinton');
INSERT INTO G25_usuario (cod_usuario,nombres,apellidos,email,nick) VALUES ('207','Solomon','James','Duis.at.lacus@nonbibendum.org','Larissa');
INSERT INTO G25_usuario (cod_usuario,nombres,apellidos,email,nick) VALUES ('208','Eugenia','Summers','Ut.nec@eleifendegestas.org','Kuame');
INSERT INTO G25_usuario (cod_usuario,nombres,apellidos,email,nick) VALUES ('209','Leilani','Middleton','erat@vestibulum.ca','Nita');
INSERT INTO G25_usuario (cod_usuario,nombres,apellidos,email,nick) VALUES ('210','Ferdinand','Harmon','Nulla.tempor@mattis.com','Tate');
INSERT INTO G25_usuario (cod_usuario,nombres,apellidos,email,nick) VALUES ('211','Donna','Brewer','dui.Cum.sociis@Aeneanegestas.edu','Samuel');
INSERT INTO G25_usuario (cod_usuario,nombres,apellidos,email,nick) VALUES ('212','Hadassah','Shelton','eget.metus.eu@lectusa.org','David');
INSERT INTO G25_usuario (cod_usuario,nombres,apellidos,email,nick) VALUES ('213','Alisa','Montgomery','ullamcorper.magna.Sed@aliquamiaculis.ca','Yasir');
INSERT INTO G25_usuario (cod_usuario,nombres,apellidos,email,nick) VALUES ('214','Curran','Green','Class@Vestibulum.edu','Indigo');
INSERT INTO G25_usuario (cod_usuario,nombres,apellidos,email,nick) VALUES ('215','Meredith','Bird','felis@nislarcu.edu','Ursula');
INSERT INTO G25_usuario (cod_usuario,nombres,apellidos,email,nick) VALUES ('216','Brooke','Sosa','sem.mollis.dui@mattis.edu','Erasmus');
INSERT INTO G25_usuario (cod_usuario,nombres,apellidos,email,nick) VALUES ('217','Chase','Trujillo','Pellentesque.habitant@semconsequatnec.ca','Xyla');
INSERT INTO G25_usuario (cod_usuario,nombres,apellidos,email,nick) VALUES ('218','Lionel','Wooten','Sed@Maecenasmalesuada.edu','Cruz');
INSERT INTO G25_usuario (cod_usuario,nombres,apellidos,email,nick) VALUES ('219','Jameson','Estrada','Quisque.purus@enimdiam.ca','Nerea');
INSERT INTO G25_usuario (cod_usuario,nombres,apellidos,email,nick) VALUES ('220','Emery','Townsend','magna.Duis@arcuSed.ca','Martena');
INSERT INTO G25_usuario (cod_usuario,nombres,apellidos,email,nick) VALUES ('221','Irene','Fields','malesuada.ut@mienim.edu','Brooke');
INSERT INTO G25_usuario (cod_usuario,nombres,apellidos,email,nick) VALUES ('222','Erica','Harrell','blandit.Nam.nulla@nonummyipsumnon.edu','Daria');
INSERT INTO G25_usuario (cod_usuario,nombres,apellidos,email,nick) VALUES ('223','Guinevere','Kirby','porttitor@velturpisAliquam.org','Dana');
INSERT INTO G25_usuario (cod_usuario,nombres,apellidos,email,nick) VALUES ('224','Bevis','Bush','magna.et.ipsum@lacusvestibulum.edu','Beck');
INSERT INTO G25_usuario (cod_usuario,nombres,apellidos,email,nick) VALUES ('225','Whilemina','Palmer','sagittis@arcu.org','Felix');
INSERT INTO G25_usuario (cod_usuario,nombres,apellidos,email,nick) VALUES ('226','Samuel','Knight','massa@conubianostra.ca','Xenos');
INSERT INTO G25_usuario (cod_usuario,nombres,apellidos,email,nick) VALUES ('227','Quincy','Buckley','arcu.ac.orci@nulla.ca','Idola');
INSERT INTO G25_usuario (cod_usuario,nombres,apellidos,email,nick) VALUES ('228','Melvin','Pugh','ligula.Aenean.gravida@Curabiturdictum.com','Gretchen');
INSERT INTO G25_usuario (cod_usuario,nombres,apellidos,email,nick) VALUES ('229','Tamara','Padilla','amet.luctus.vulputate@a.edu','Xandra');
INSERT INTO G25_usuario (cod_usuario,nombres,apellidos,email,nick) VALUES ('230','Xander','Hayden','ut.eros@dictumeleifend.org','Indigo');
INSERT INTO G25_usuario (cod_usuario,nombres,apellidos,email,nick) VALUES ('231','Kevyn','Horton','sem@Aliquamultricesiaculis.com','Maryam');
INSERT INTO G25_usuario (cod_usuario,nombres,apellidos,email,nick) VALUES ('232','Salvador','Dunlap','egestas.rhoncus.Proin@nislMaecenas.org','Fuller');
INSERT INTO G25_usuario (cod_usuario,nombres,apellidos,email,nick) VALUES ('233','Barrett','Hubbard','Vestibulum@Sedauctorodio.edu','Stewart');
INSERT INTO G25_usuario (cod_usuario,nombres,apellidos,email,nick) VALUES ('234','Shellie','Riddle','et.magnis@dolor.ca','Paul');
INSERT INTO G25_usuario (cod_usuario,nombres,apellidos,email,nick) VALUES ('235','Imogene','Boyle','vehicula.aliquet@ultricies.edu','Abbot');
INSERT INTO G25_usuario (cod_usuario,nombres,apellidos,email,nick) VALUES ('236','Burke','Barr','cursus@tristiquesenectus.ca','Kasper');
INSERT INTO G25_usuario (cod_usuario,nombres,apellidos,email,nick) VALUES ('237','Emma','Case','tempus.eu.ligula@posuerevulputate.edu','Janna');
INSERT INTO G25_usuario (cod_usuario,nombres,apellidos,email,nick) VALUES ('238','Nina','Leblanc','ipsum.nunc.id@fringillaporttitor.org','Vivian');
INSERT INTO G25_usuario (cod_usuario,nombres,apellidos,email,nick) VALUES ('239','Alexandra','Dunn','vel.turpis@est.edu','Dylan');
INSERT INTO G25_usuario (cod_usuario,nombres,apellidos,email,nick) VALUES ('240','Jared','Horne','libero.Morbi.accumsan@Lorem.com','Lesley');
INSERT INTO G25_usuario (cod_usuario,nombres,apellidos,email,nick) VALUES ('241','Vernon','Chandler','non.dapibus.rutrum@lorem.edu','Rinah');
INSERT INTO G25_usuario (cod_usuario,nombres,apellidos,email,nick) VALUES ('242','Howard','Wright','nunc.ac.mattis@aceleifendvitae.ca','Whoopi');
INSERT INTO G25_usuario (cod_usuario,nombres,apellidos,email,nick) VALUES ('243','Maggy','Davenport','tristique@urnaNullam.edu','Brady');
INSERT INTO G25_usuario (cod_usuario,nombres,apellidos,email,nick) VALUES ('244','Rhonda','Underwood','Quisque@laoreetlectusquis.org','Maile');
INSERT INTO G25_usuario (cod_usuario,nombres,apellidos,email,nick) VALUES ('245','Leonard','Justice','Aliquam@elitdictum.com','Rashad');
INSERT INTO G25_usuario (cod_usuario,nombres,apellidos,email,nick) VALUES ('246','Cathleen','Crawford','Aliquam.nec.enim@magnaNam.edu','Clementine');
INSERT INTO G25_usuario (cod_usuario,nombres,apellidos,email,nick) VALUES ('247','Rhea','Crane','non.luctus.sit@massarutrum.org','Guy');
INSERT INTO G25_usuario (cod_usuario,nombres,apellidos,email,nick) VALUES ('248','Victoria','Mathis','libero.Donec@cursusluctusipsum.com','Len');
INSERT INTO G25_usuario (cod_usuario,nombres,apellidos,email,nick) VALUES ('249','Mannix','Holloway','Integer@luctusaliquet.ca','Rebecca');
INSERT INTO G25_usuario (cod_usuario,nombres,apellidos,email,nick) VALUES ('250','Yvette','King','vestibulum.Mauris.magna@dolor.ca','Steven');
INSERT INTO G25_usuario (cod_usuario,nombres,apellidos,email,nick) VALUES ('251','Camilla','Ramos','Donec@risusaultricies.edu','Nita');
INSERT INTO G25_usuario (cod_usuario,nombres,apellidos,email,nick) VALUES ('252','Jacob','Macias','Cras.eu@facilisismagnatellus.edu','Galena');
INSERT INTO G25_usuario (cod_usuario,nombres,apellidos,email,nick) VALUES ('253','Allistair','Fry','magna.Suspendisse@massa.com','Athena');
INSERT INTO G25_usuario (cod_usuario,nombres,apellidos,email,nick) VALUES ('254','Marah','Gentry','Nunc.quis@orci.org','Inga');
INSERT INTO G25_usuario (cod_usuario,nombres,apellidos,email,nick) VALUES ('255','Camille','Tucker','ac@loremloremluctus.org','Darius');
INSERT INTO G25_usuario (cod_usuario,nombres,apellidos,email,nick) VALUES ('256','Ria','Willis','vehicula.et.rutrum@Curae;Donec.ca','Lynn');
INSERT INTO G25_usuario (cod_usuario,nombres,apellidos,email,nick) VALUES ('257','Amity','Coleman','vitae@pretium.edu','Wyatt');
INSERT INTO G25_usuario (cod_usuario,nombres,apellidos,email,nick) VALUES ('258','Amber','Singleton','ligula.Aenean.gravida@taciti.ca','Hunter');
INSERT INTO G25_usuario (cod_usuario,nombres,apellidos,email,nick) VALUES ('259','Cassandra','Valencia','pharetra.ut@imperdiet.edu','Xander');
INSERT INTO G25_usuario (cod_usuario,nombres,apellidos,email,nick) VALUES ('260','Willow','Thompson','Cras.dictum@Duismi.edu','Molly');
INSERT INTO G25_usuario (cod_usuario,nombres,apellidos,email,nick) VALUES ('261','Judith','Hester','Sed.pharetra.felis@pede.ca','Cassandra');
INSERT INTO G25_usuario (cod_usuario,nombres,apellidos,email,nick) VALUES ('262','Susan','Hunt','vitae.nibh@Crasloremlorem.org','Tanek');
INSERT INTO G25_usuario (cod_usuario,nombres,apellidos,email,nick) VALUES ('263','Carlos','Terrell','pede.Cum.sociis@accumsansedfacilisis.com','Sarah');
INSERT INTO G25_usuario (cod_usuario,nombres,apellidos,email,nick) VALUES ('264','Willa','Reynolds','consectetuer.cursus@et.com','Lars');
INSERT INTO G25_usuario (cod_usuario,nombres,apellidos,email,nick) VALUES ('265','Victor','Boone','morbi.tristique@sem.edu','Zephania');
INSERT INTO G25_usuario (cod_usuario,nombres,apellidos,email,nick) VALUES ('266','Martena','Pickett','quis@Donecdignissimmagna.com','Buckminster');
INSERT INTO G25_usuario (cod_usuario,nombres,apellidos,email,nick) VALUES ('267','Lawrence','Bryant','auctor.odio@tempus.com','Brent');
INSERT INTO G25_usuario (cod_usuario,nombres,apellidos,email,nick) VALUES ('268','Karina','Murray','ligula.eu.enim@imperdiet.edu','Bradley');
INSERT INTO G25_usuario (cod_usuario,nombres,apellidos,email,nick) VALUES ('269','Aquila','Martinez','odio@massaSuspendisseeleifend.edu','Henry');
INSERT INTO G25_usuario (cod_usuario,nombres,apellidos,email,nick) VALUES ('270','Buffy','Foreman','pellentesque.Sed.dictum@rutrummagnaCras.edu','Lacy');
INSERT INTO G25_usuario (cod_usuario,nombres,apellidos,email,nick) VALUES ('271','Brynne','Paul','Quisque@necdiam.com','Yolanda');
INSERT INTO G25_usuario (cod_usuario,nombres,apellidos,email,nick) VALUES ('272','Xavier','Camacho','enim.Suspendisse@vel.com','Castor');
INSERT INTO G25_usuario (cod_usuario,nombres,apellidos,email,nick) VALUES ('273','Erica','Holman','sed.facilisis@Cumsociisnatoque.com','Yvonne');
INSERT INTO G25_usuario (cod_usuario,nombres,apellidos,email,nick) VALUES ('274','Ruby','Daugherty','nonummy@vitae.com','Harper');
INSERT INTO G25_usuario (cod_usuario,nombres,apellidos,email,nick) VALUES ('275','Ann','Hartman','parturient.montes.nascetur@dictumProineget.org','Miriam');
INSERT INTO G25_usuario (cod_usuario,nombres,apellidos,email,nick) VALUES ('276','Davis','Bishop','quam.a.felis@tinciduntaliquamarcu.org','Boris');
INSERT INTO G25_usuario (cod_usuario,nombres,apellidos,email,nick) VALUES ('277','Karly','Stone','diam@tellusPhasellus.com','Colin');
INSERT INTO G25_usuario (cod_usuario,nombres,apellidos,email,nick) VALUES ('278','Shana','Horton','ipsum@fringillaestMauris.com','Shana');
INSERT INTO G25_usuario (cod_usuario,nombres,apellidos,email,nick) VALUES ('279','Reagan','Chapman','urna.nec@amet.edu','Keaton');
INSERT INTO G25_usuario (cod_usuario,nombres,apellidos,email,nick) VALUES ('280','Vladimir','Yang','nulla.vulputate.dui@libero.ca','Leslie');
INSERT INTO G25_usuario (cod_usuario,nombres,apellidos,email,nick) VALUES ('281','Elvis','Ballard','Aliquam.nisl.Nulla@erosnec.ca','Justine');
INSERT INTO G25_usuario (cod_usuario,nombres,apellidos,email,nick) VALUES ('282','Peter','Velasquez','iaculis.nec@Integer.com','Blaine');
INSERT INTO G25_usuario (cod_usuario,nombres,apellidos,email,nick) VALUES ('283','Darryl','Reilly','Proin.vel@odioEtiam.edu','Lara');
INSERT INTO G25_usuario (cod_usuario,nombres,apellidos,email,nick) VALUES ('284','Quinn','Walls','habitant@Phasellusin.com','Marvin');
INSERT INTO G25_usuario (cod_usuario,nombres,apellidos,email,nick) VALUES ('285','Cora','Hart','vulputate.risus@vitaeposuereat.com','Ivy');
INSERT INTO G25_usuario (cod_usuario,nombres,apellidos,email,nick) VALUES ('286','Cassidy','Woods','ornare.sagittis.felis@ornare.org','Fallon');
INSERT INTO G25_usuario (cod_usuario,nombres,apellidos,email,nick) VALUES ('287','Byron','Conway','fermentum.convallis.ligula@etrisusQuisque.com','Pascale');
INSERT INTO G25_usuario (cod_usuario,nombres,apellidos,email,nick) VALUES ('288','Sage','Nixon','mauris.elit@convallisconvallisdolor.ca','Avye');
INSERT INTO G25_usuario (cod_usuario,nombres,apellidos,email,nick) VALUES ('289','Ignacia','Christensen','Nam.consequat.dolor@dignissimlacus.org','Len');
INSERT INTO G25_usuario (cod_usuario,nombres,apellidos,email,nick) VALUES ('290','Galena','Marks','urna@ultriciessemmagna.org','Axel');
INSERT INTO G25_usuario (cod_usuario,nombres,apellidos,email,nick) VALUES ('291','Stacey','Madden','augue.eu.tempor@velturpis.org','Donovan');
INSERT INTO G25_usuario (cod_usuario,nombres,apellidos,email,nick) VALUES ('292','Stella','Church','posuere.cubilia@sapien.ca','Macy');
INSERT INTO G25_usuario (cod_usuario,nombres,apellidos,email,nick) VALUES ('293','Jaden','Roberson','amet.metus.Aliquam@nec.com','Jarrod');
INSERT INTO G25_usuario (cod_usuario,nombres,apellidos,email,nick) VALUES ('294','Stephen','Lindsay','Cras.vulputate.velit@interdum.ca','Audrey');
INSERT INTO G25_usuario (cod_usuario,nombres,apellidos,email,nick) VALUES ('295','Cairo','Reese','ligula.eu.enim@miloremvehicula.ca','Samantha');
INSERT INTO G25_usuario (cod_usuario,nombres,apellidos,email,nick) VALUES ('296','Miriam','Fry','commodo.tincidunt@Vivamusmolestie.com','Anika');
INSERT INTO G25_usuario (cod_usuario,nombres,apellidos,email,nick) VALUES ('297','Cameran','Dickerson','arcu.Nunc.mauris@Quisquevarius.org','Ila');
INSERT INTO G25_usuario (cod_usuario,nombres,apellidos,email,nick) VALUES ('298','Upton','Mercado','non@rhoncus.edu','Giacomo');
INSERT INTO G25_usuario (cod_usuario,nombres,apellidos,email,nick) VALUES ('299','Tashya','Burton','egestas.Aliquam.fringilla@eratnonummy.org','Erich');
INSERT INTO G25_usuario (cod_usuario,nombres,apellidos,email,nick) VALUES ('300','Brenna','Dixon','congue@penatibuset.ca','Quintessa');
INSERT INTO G25_usuario (cod_usuario,nombres,apellidos,email,nick) VALUES ('301','Tyrone','Park','magna@mi.ca','Addison');
INSERT INTO G25_usuario (cod_usuario,nombres,apellidos,email,nick) VALUES ('302','Ian','Cain','Phasellus@semper.ca','Casey');
INSERT INTO G25_usuario (cod_usuario,nombres,apellidos,email,nick) VALUES ('303','Jason','Vasquez','non@consectetuereuismodest.com','Shaine');
INSERT INTO G25_usuario (cod_usuario,nombres,apellidos,email,nick) VALUES ('304','Wang','Mccarthy','Duis.dignissim@Nullam.com','Cedric');
INSERT INTO G25_usuario (cod_usuario,nombres,apellidos,email,nick) VALUES ('305','Amela','Harmon','sagittis.semper@nibh.edu','Logan');
INSERT INTO G25_usuario (cod_usuario,nombres,apellidos,email,nick) VALUES ('306','Melissa','Farrell','fringilla@molestiein.edu','Basia');
INSERT INTO G25_usuario (cod_usuario,nombres,apellidos,email,nick) VALUES ('307','Britanni','Butler','cursus@cursusetmagna.org','Rama');
INSERT INTO G25_usuario (cod_usuario,nombres,apellidos,email,nick) VALUES ('308','Caryn','English','laoreet.lectus@nasceturridiculus.org','May');
INSERT INTO G25_usuario (cod_usuario,nombres,apellidos,email,nick) VALUES ('309','Asher','Dominguez','quis.diam.luctus@antedictummi.ca','Iris');
INSERT INTO G25_usuario (cod_usuario,nombres,apellidos,email,nick) VALUES ('310','Clayton','Bradley','elit.a@amet.ca','Ina');
INSERT INTO G25_usuario (cod_usuario,nombres,apellidos,email,nick) VALUES ('311','Logan','Browning','vel@Loremipsumdolor.edu','Skyler');
INSERT INTO G25_usuario (cod_usuario,nombres,apellidos,email,nick) VALUES ('312','Demetria','Marsh','ultrices@lacus.org','Fay');
INSERT INTO G25_usuario (cod_usuario,nombres,apellidos,email,nick) VALUES ('313','Brynn','Franks','accumsan.neque@vel.com','Isabelle');
INSERT INTO G25_usuario (cod_usuario,nombres,apellidos,email,nick) VALUES ('314','Keith','Pickett','In@ac.com','Robin');
INSERT INTO G25_usuario (cod_usuario,nombres,apellidos,email,nick) VALUES ('315','Erasmus','Luna','elementum@nisimagna.ca','Reece');
INSERT INTO G25_usuario (cod_usuario,nombres,apellidos,email,nick) VALUES ('316','Ali','Carr','Pellentesque.tincidunt@elit.org','Cecilia');
INSERT INTO G25_usuario (cod_usuario,nombres,apellidos,email,nick) VALUES ('317','Jonas','Chase','orci@velarcu.edu','Buckminster');
INSERT INTO G25_usuario (cod_usuario,nombres,apellidos,email,nick) VALUES ('318','Carolyn','Horton','vitae.erat.Vivamus@Phasellusornare.edu','Violet');
INSERT INTO G25_usuario (cod_usuario,nombres,apellidos,email,nick) VALUES ('319','Randall','Hogan','eget.ipsum.Donec@sodaleseliterat.edu','Ursula');
INSERT INTO G25_usuario (cod_usuario,nombres,apellidos,email,nick) VALUES ('320','Vivien','Riddle','vestibulum@sodaleseliterat.edu','Isabelle');
INSERT INTO G25_usuario (cod_usuario,nombres,apellidos,email,nick) VALUES ('321','Wylie','Dillon','arcu@duisemperet.org','Shad');
INSERT INTO G25_usuario (cod_usuario,nombres,apellidos,email,nick) VALUES ('322','Reagan','Norman','massa@NullaaliquetProin.com','Nasim');
INSERT INTO G25_usuario (cod_usuario,nombres,apellidos,email,nick) VALUES ('323','Sade','Fox','In@eros.org','Amanda');
INSERT INTO G25_usuario (cod_usuario,nombres,apellidos,email,nick) VALUES ('324','Tamara','Skinner','sagittis@ataugue.com','Louis');
INSERT INTO G25_usuario (cod_usuario,nombres,apellidos,email,nick) VALUES ('325','Idola','Huff','sit@PhasellusnullaInteger.ca','Len');
INSERT INTO G25_usuario (cod_usuario,nombres,apellidos,email,nick) VALUES ('326','Kirk','Castaneda','ante@Nullamfeugiat.edu','Hammett');
INSERT INTO G25_usuario (cod_usuario,nombres,apellidos,email,nick) VALUES ('327','Nadine','Chaney','Etiam@sed.ca','Castor');
INSERT INTO G25_usuario (cod_usuario,nombres,apellidos,email,nick) VALUES ('328','Lila','Skinner','nec@iaculis.ca','Isaiah');
INSERT INTO G25_usuario (cod_usuario,nombres,apellidos,email,nick) VALUES ('329','Perry','Ayala','Curabitur.egestas@tellusAeneanegestas.edu','Jamalia');
INSERT INTO G25_usuario (cod_usuario,nombres,apellidos,email,nick) VALUES ('330','Mariko','Carson','ac.ipsum.Phasellus@utnisi.org','Cooper');
INSERT INTO G25_usuario (cod_usuario,nombres,apellidos,email,nick) VALUES ('331','Danielle','Noble','montes@loremut.org','Ainsley');
INSERT INTO G25_usuario (cod_usuario,nombres,apellidos,email,nick) VALUES ('332','Myles','Parsons','arcu@Proin.edu','Perry');
INSERT INTO G25_usuario (cod_usuario,nombres,apellidos,email,nick) VALUES ('333','Burton','Park','Nunc@eleifend.org','Samantha');
INSERT INTO G25_usuario (cod_usuario,nombres,apellidos,email,nick) VALUES ('334','Leandra','Hobbs','vulputate@dictummagna.com','Paloma');
INSERT INTO G25_usuario (cod_usuario,nombres,apellidos,email,nick) VALUES ('335','Dexter','Glover','magna@euismod.org','Stacey');
INSERT INTO G25_usuario (cod_usuario,nombres,apellidos,email,nick) VALUES ('336','Meghan','Whitley','nec.ante@Suspendisse.com','Conan');
INSERT INTO G25_usuario (cod_usuario,nombres,apellidos,email,nick) VALUES ('337','Isabelle','Patel','id@tristique.com','Odette');
INSERT INTO G25_usuario (cod_usuario,nombres,apellidos,email,nick) VALUES ('338','Chiquita','Johnston','Vivamus.rhoncus.Donec@odio.com','Galvin');
INSERT INTO G25_usuario (cod_usuario,nombres,apellidos,email,nick) VALUES ('339','Katelyn','Pacheco','orci@primisin.org','Faith');
INSERT INTO G25_usuario (cod_usuario,nombres,apellidos,email,nick) VALUES ('340','Natalie','Cash','fermentum.convallis.ligula@Nullamfeugiatplacerat.ca','Garrett');
INSERT INTO G25_usuario (cod_usuario,nombres,apellidos,email,nick) VALUES ('341','Basil','Duffy','ultrices.posuere.cubilia@Mauris.ca','Colton');
INSERT INTO G25_usuario (cod_usuario,nombres,apellidos,email,nick) VALUES ('342','Tiger','Romero','non.vestibulum.nec@ultriciesdignissimlacus.com','John');
INSERT INTO G25_usuario (cod_usuario,nombres,apellidos,email,nick) VALUES ('343','Amery','Glenn','velit@Sed.edu','Quail');
INSERT INTO G25_usuario (cod_usuario,nombres,apellidos,email,nick) VALUES ('344','Unity','Wood','velit.eu@velnisl.edu','James');
INSERT INTO G25_usuario (cod_usuario,nombres,apellidos,email,nick) VALUES ('345','Rama','Byrd','lacus.Quisque.imperdiet@penatibuset.edu','Jared');
INSERT INTO G25_usuario (cod_usuario,nombres,apellidos,email,nick) VALUES ('346','Iola','Wallace','semper.egestas@lorem.ca','Fritz');
INSERT INTO G25_usuario (cod_usuario,nombres,apellidos,email,nick) VALUES ('347','Bo','Boone','eu@ascelerisquesed.ca','Quintessa');
INSERT INTO G25_usuario (cod_usuario,nombres,apellidos,email,nick) VALUES ('348','Alexis','Jordan','aliquet.Proin@congue.ca','Raya');
INSERT INTO G25_usuario (cod_usuario,nombres,apellidos,email,nick) VALUES ('349','Stone','Luna','nunc.risus@massa.ca','Maite');
INSERT INTO G25_usuario (cod_usuario,nombres,apellidos,email,nick) VALUES ('350','Kibo','Goff','eu@mi.edu','Cullen');
INSERT INTO G25_usuario (cod_usuario,nombres,apellidos,email,nick) VALUES ('351','Adrian','Conrad','magna.malesuada@metus.org','Diana');
INSERT INTO G25_usuario (cod_usuario,nombres,apellidos,email,nick) VALUES ('352','Scarlet','Daniels','tempor.erat@penatibusetmagnis.org','Shad');
INSERT INTO G25_usuario (cod_usuario,nombres,apellidos,email,nick) VALUES ('353','Arsenio','Dalton','sociosqu@Phasellusataugue.ca','Hammett');
INSERT INTO G25_usuario (cod_usuario,nombres,apellidos,email,nick) VALUES ('354','Kathleen','Villarreal','dolor@Vivamusmolestiedapibus.ca','Sopoline');
INSERT INTO G25_usuario (cod_usuario,nombres,apellidos,email,nick) VALUES ('355','Lana','Erickson','elit.elit.fermentum@diamSed.edu','Jameson');
INSERT INTO G25_usuario (cod_usuario,nombres,apellidos,email,nick) VALUES ('356','Leila','Potts','mattis@felis.com','Fitzgerald');
INSERT INTO G25_usuario (cod_usuario,nombres,apellidos,email,nick) VALUES ('357','Cameran','Norris','dolor.Fusce@tortornibhsit.com','Haley');
INSERT INTO G25_usuario (cod_usuario,nombres,apellidos,email,nick) VALUES ('358','Hillary','May','aptent@ametmetusAliquam.edu','Kasimir');
INSERT INTO G25_usuario (cod_usuario,nombres,apellidos,email,nick) VALUES ('359','Caesar','Solomon','tristique@lacus.edu','Roanna');
INSERT INTO G25_usuario (cod_usuario,nombres,apellidos,email,nick) VALUES ('360','Brynne','Lewis','nisl.Maecenas@Nullasemper.org','Macy');
INSERT INTO G25_usuario (cod_usuario,nombres,apellidos,email,nick) VALUES ('361','Iona','Floyd','pharetra.nibh@ProinmiAliquam.org','Chancellor');
INSERT INTO G25_usuario (cod_usuario,nombres,apellidos,email,nick) VALUES ('362','Kerry','Noel','tempor.est@Vestibulumut.edu','Nadine');
INSERT INTO G25_usuario (cod_usuario,nombres,apellidos,email,nick) VALUES ('363','Ima','Gilbert','mus.Aenean@atortorNunc.com','Steven');
INSERT INTO G25_usuario (cod_usuario,nombres,apellidos,email,nick) VALUES ('364','Constance','Schmidt','auctor@necleo.com','Alan');
INSERT INTO G25_usuario (cod_usuario,nombres,apellidos,email,nick) VALUES ('365','Doris','Valdez','et@miDuisrisus.edu','Ila');
INSERT INTO G25_usuario (cod_usuario,nombres,apellidos,email,nick) VALUES ('366','Marsden','Nguyen','in.felis.Nulla@mattis.ca','Melanie');
INSERT INTO G25_usuario (cod_usuario,nombres,apellidos,email,nick) VALUES ('367','Desiree','George','ipsum@convallis.ca','Dara');
INSERT INTO G25_usuario (cod_usuario,nombres,apellidos,email,nick) VALUES ('368','Lester','Cantrell','augue.id.ante@diam.edu','Hayley');
INSERT INTO G25_usuario (cod_usuario,nombres,apellidos,email,nick) VALUES ('369','Camden','Knight','risus.Nulla@fringillaornare.com','Brianna');
INSERT INTO G25_usuario (cod_usuario,nombres,apellidos,email,nick) VALUES ('370','Freya','Gutierrez','Duis@ac.edu','Kuame');
INSERT INTO G25_usuario (cod_usuario,nombres,apellidos,email,nick) VALUES ('371','Keegan','Livingston','sed.libero@orci.ca','Teegan');
INSERT INTO G25_usuario (cod_usuario,nombres,apellidos,email,nick) VALUES ('372','Lareina','Peters','neque@egestasDuisac.edu','Bo');
INSERT INTO G25_usuario (cod_usuario,nombres,apellidos,email,nick) VALUES ('373','Raymond','Larson','hymenaeos@magna.com','Kasimir');
INSERT INTO G25_usuario (cod_usuario,nombres,apellidos,email,nick) VALUES ('374','Xyla','Patrick','ut@nonfeugiatnec.ca','Ina');
INSERT INTO G25_usuario (cod_usuario,nombres,apellidos,email,nick) VALUES ('375','Sharon','Harding','purus.gravida.sagittis@fermentumconvallisligula.edu','Hedwig');
INSERT INTO G25_usuario (cod_usuario,nombres,apellidos,email,nick) VALUES ('376','Jonas','Carey','eu@conguea.org','Coby');
INSERT INTO G25_usuario (cod_usuario,nombres,apellidos,email,nick) VALUES ('377','Nayda','Pate','ultricies.adipiscing@Aliquam.com','Eagan');
INSERT INTO G25_usuario (cod_usuario,nombres,apellidos,email,nick) VALUES ('378','Lawrence','Justice','aliquet.molestie@eratvolutpatNulla.ca','Martena');
INSERT INTO G25_usuario (cod_usuario,nombres,apellidos,email,nick) VALUES ('379','Quemby','Taylor','hendrerit.consectetuer.cursus@ultricesDuis.ca','Candice');
INSERT INTO G25_usuario (cod_usuario,nombres,apellidos,email,nick) VALUES ('380','Adria','Bird','orci.in@a.org','Victor');
INSERT INTO G25_usuario (cod_usuario,nombres,apellidos,email,nick) VALUES ('381','Susan','Burton','Nulla.interdum.Curabitur@urnasuscipitnonummy.com','Latifah');
INSERT INTO G25_usuario (cod_usuario,nombres,apellidos,email,nick) VALUES ('382','Nissim','Arnold','rutrum@aliquetnec.edu','Carlos');
INSERT INTO G25_usuario (cod_usuario,nombres,apellidos,email,nick) VALUES ('383','Stacy','Welch','Cras.dictum.ultricies@etultricesposuere.org','Scott');
INSERT INTO G25_usuario (cod_usuario,nombres,apellidos,email,nick) VALUES ('384','Rhona','Fox','scelerisque@Nuncac.ca','Ginger');
INSERT INTO G25_usuario (cod_usuario,nombres,apellidos,email,nick) VALUES ('385','Amaya','Rowland','rutrum.Fusce@et.org','Oprah');
INSERT INTO G25_usuario (cod_usuario,nombres,apellidos,email,nick) VALUES ('386','Alice','Nunez','Mauris@Quisquevarius.org','Kathleen');
INSERT INTO G25_usuario (cod_usuario,nombres,apellidos,email,nick) VALUES ('387','Gary','Gillespie','purus@mauris.edu','Stephanie');
INSERT INTO G25_usuario (cod_usuario,nombres,apellidos,email,nick) VALUES ('388','Anthony','Farmer','placerat.Cras.dictum@Morbi.ca','Danielle');
INSERT INTO G25_usuario (cod_usuario,nombres,apellidos,email,nick) VALUES ('389','Nehru','Holloway','pharetra@eteuismod.com','Jeremy');
INSERT INTO G25_usuario (cod_usuario,nombres,apellidos,email,nick) VALUES ('390','Lamar','Oconnor','suscipit.nonummy.Fusce@felis.org','Honorato');
INSERT INTO G25_usuario (cod_usuario,nombres,apellidos,email,nick) VALUES ('391','Sean','Russo','enim.Curabitur@inhendrerit.ca','MacKenzie');
INSERT INTO G25_usuario (cod_usuario,nombres,apellidos,email,nick) VALUES ('392','Sloane','Pacheco','Phasellus@scelerisquesed.com','Elijah');
INSERT INTO G25_usuario (cod_usuario,nombres,apellidos,email,nick) VALUES ('393','Jermaine','Mayer','nunc@telluseu.com','Alma');
INSERT INTO G25_usuario (cod_usuario,nombres,apellidos,email,nick) VALUES ('394','Bruce','Francis','auctor@elitCurabitursed.org','Mariko');
INSERT INTO G25_usuario (cod_usuario,nombres,apellidos,email,nick) VALUES ('395','Roanna','Coleman','auctor.quis@musProinvel.ca','Mara');
INSERT INTO G25_usuario (cod_usuario,nombres,apellidos,email,nick) VALUES ('396','Alice','Cameron','eu.tellus.Phasellus@posuere.ca','Maya');
INSERT INTO G25_usuario (cod_usuario,nombres,apellidos,email,nick) VALUES ('397','Laith','Vasquez','eu.erat@imperdietnon.edu','Justina');
INSERT INTO G25_usuario (cod_usuario,nombres,apellidos,email,nick) VALUES ('398','Edward','Gentry','metus.In.nec@diamDuis.org','Caleb');
INSERT INTO G25_usuario (cod_usuario,nombres,apellidos,email,nick) VALUES ('399','Judah','Ferguson','ornare.In@luctusfelis.ca','Marshall');
INSERT INTO G25_usuario (cod_usuario,nombres,apellidos,email,nick) VALUES ('400','Malik','Mclaughlin','nunc@necmalesuada.com','Caryn');
INSERT INTO G25_usuario (cod_usuario,nombres,apellidos,email,nick) VALUES ('401','Ivor','May','Donec.tempor.est@Quisqueliberolacus.ca','Harlan');
INSERT INTO G25_usuario (cod_usuario,nombres,apellidos,email,nick) VALUES ('402','Brandon','Silva','et.libero@ut.org','Ciaran');
INSERT INTO G25_usuario (cod_usuario,nombres,apellidos,email,nick) VALUES ('403','Mufutau','Sargent','fermentum.arcu@sitamet.ca','Oliver');
INSERT INTO G25_usuario (cod_usuario,nombres,apellidos,email,nick) VALUES ('404','Bradley','Mccall','Etiam.imperdiet@temporlorem.edu','Samantha');
INSERT INTO G25_usuario (cod_usuario,nombres,apellidos,email,nick) VALUES ('405','Jamal','Byers','a@ultrices.org','Bryar');
INSERT INTO G25_usuario (cod_usuario,nombres,apellidos,email,nick) VALUES ('406','Audrey','Bennett','cursus@dolortempus.com','Charlotte');
INSERT INTO G25_usuario (cod_usuario,nombres,apellidos,email,nick) VALUES ('407','Jaden','Reeves','risus.a@velit.org','Carter');
INSERT INTO G25_usuario (cod_usuario,nombres,apellidos,email,nick) VALUES ('408','Yen','Workman','Vivamus.euismod.urna@etliberoProin.edu','Gabriel');
INSERT INTO G25_usuario (cod_usuario,nombres,apellidos,email,nick) VALUES ('409','Beck','Kinney','Proin.eget@sedtortorInteger.edu','Roary');
INSERT INTO G25_usuario (cod_usuario,nombres,apellidos,email,nick) VALUES ('410','Arthur','Gomez','eros.non.enim@anteipsumprimis.ca','Irma');
INSERT INTO G25_usuario (cod_usuario,nombres,apellidos,email,nick) VALUES ('411','Yvette','Chavez','rutrum@miac.edu','Kessie');
INSERT INTO G25_usuario (cod_usuario,nombres,apellidos,email,nick) VALUES ('412','Ulysses','Whitfield','elit.erat.vitae@arcuAliquamultrices.edu','Alexander');
INSERT INTO G25_usuario (cod_usuario,nombres,apellidos,email,nick) VALUES ('413','Lee','Mcneil','facilisis@Namporttitor.edu','Moses');
INSERT INTO G25_usuario (cod_usuario,nombres,apellidos,email,nick) VALUES ('414','Otto','Barry','In@urna.edu','Delilah');
INSERT INTO G25_usuario (cod_usuario,nombres,apellidos,email,nick) VALUES ('415','Chanda','Joyner','lacinia@actellus.com','Fritz');
INSERT INTO G25_usuario (cod_usuario,nombres,apellidos,email,nick) VALUES ('416','Janna','Cole','turpis@quis.com','Shelby');
INSERT INTO G25_usuario (cod_usuario,nombres,apellidos,email,nick) VALUES ('417','Sophia','Manning','Suspendisse@ametornarelectus.edu','Mufutau');
INSERT INTO G25_usuario (cod_usuario,nombres,apellidos,email,nick) VALUES ('418','Garrison','Hicks','non.ante@uteros.ca','Lucy');
INSERT INTO G25_usuario (cod_usuario,nombres,apellidos,email,nick) VALUES ('419','Angela','Chan','sodales.nisi@natoquepenatibus.ca','Brian');
INSERT INTO G25_usuario (cod_usuario,nombres,apellidos,email,nick) VALUES ('420','Sara','Velasquez','Aliquam.nec@sollicitudin.ca','Amy');
INSERT INTO G25_usuario (cod_usuario,nombres,apellidos,email,nick) VALUES ('421','Julian','Burton','ut.nulla@ullamcorpervelit.edu','Quamar');
INSERT INTO G25_usuario (cod_usuario,nombres,apellidos,email,nick) VALUES ('422','Brendan','Logan','libero.Proin@mollis.edu','Carly');
INSERT INTO G25_usuario (cod_usuario,nombres,apellidos,email,nick) VALUES ('423','Hiroko','Lane','malesuada.fames@quis.edu','Zeph');
INSERT INTO G25_usuario (cod_usuario,nombres,apellidos,email,nick) VALUES ('424','Giacomo','Paul','dictum@etpede.org','Cameran');
INSERT INTO G25_usuario (cod_usuario,nombres,apellidos,email,nick) VALUES ('425','Cassidy','Burks','dictum.magna@eratvelpede.com','Victoria');
INSERT INTO G25_usuario (cod_usuario,nombres,apellidos,email,nick) VALUES ('426','Driscoll','Potter','porttitor.scelerisque@parturientmontesnascetur.org','Hasad');
INSERT INTO G25_usuario (cod_usuario,nombres,apellidos,email,nick) VALUES ('427','Carolyn','Cleveland','penatibus.et@etmagnis.com','Wyatt');
INSERT INTO G25_usuario (cod_usuario,nombres,apellidos,email,nick) VALUES ('428','Glenna','Herrera','Ut.nec@iaculisodio.edu','Malcolm');
INSERT INTO G25_usuario (cod_usuario,nombres,apellidos,email,nick) VALUES ('429','Clark','Richard','erat@sapiencursus.ca','Ralph');
INSERT INTO G25_usuario (cod_usuario,nombres,apellidos,email,nick) VALUES ('430','Felix','House','amet@nulla.org','Derek');
INSERT INTO G25_usuario (cod_usuario,nombres,apellidos,email,nick) VALUES ('431','Tatiana','Campbell','ultrices.sit@ipsumnuncid.com','Cadman');
INSERT INTO G25_usuario (cod_usuario,nombres,apellidos,email,nick) VALUES ('432','Fitzgerald','Whitley','sit@enim.com','Declan');
INSERT INTO G25_usuario (cod_usuario,nombres,apellidos,email,nick) VALUES ('433','Aurora','Morgan','ante@Fusce.com','Kevin');
INSERT INTO G25_usuario (cod_usuario,nombres,apellidos,email,nick) VALUES ('434','Montana','Lee','ligula.tortor.dictum@Proin.edu','Caldwell');
INSERT INTO G25_usuario (cod_usuario,nombres,apellidos,email,nick) VALUES ('435','Melanie','Michael','orci.adipiscing@vitaedolor.org','Shellie');
INSERT INTO G25_usuario (cod_usuario,nombres,apellidos,email,nick) VALUES ('436','Barbara','Pratt','Integer.vitae@mauris.com','Brooke');
INSERT INTO G25_usuario (cod_usuario,nombres,apellidos,email,nick) VALUES ('437','Neil','Nichols','gravida.Aliquam.tincidunt@Nullamutnisi.com','Lee');
INSERT INTO G25_usuario (cod_usuario,nombres,apellidos,email,nick) VALUES ('438','Linus','Franco','netus.et@velitSedmalesuada.ca','Jonas');
INSERT INTO G25_usuario (cod_usuario,nombres,apellidos,email,nick) VALUES ('439','Alden','Moses','Cras.eget.nisi@Proinvelnisl.com','Silas');
INSERT INTO G25_usuario (cod_usuario,nombres,apellidos,email,nick) VALUES ('440','Destiny','Bates','eget.volutpat.ornare@scelerisque.com','Rhiannon');
INSERT INTO G25_usuario (cod_usuario,nombres,apellidos,email,nick) VALUES ('441','Anika','Chan','ac.fermentum.vel@Nulla.org','Sean');
INSERT INTO G25_usuario (cod_usuario,nombres,apellidos,email,nick) VALUES ('442','Jordan','Todd','sed.pede.Cum@Donec.ca','Fitzgerald');
INSERT INTO G25_usuario (cod_usuario,nombres,apellidos,email,nick) VALUES ('443','Fuller','Raymond','Sed.nunc.est@pharetra.ca','Kessie');
INSERT INTO G25_usuario (cod_usuario,nombres,apellidos,email,nick) VALUES ('444','Gail','Whitaker','Curabitur.ut.odio@lectuspede.edu','Hillary');
INSERT INTO G25_usuario (cod_usuario,nombres,apellidos,email,nick) VALUES ('445','Jasper','Wheeler','euismod.est@vulputate.org','Mariko');
INSERT INTO G25_usuario (cod_usuario,nombres,apellidos,email,nick) VALUES ('446','Rigel','Dejesus','ut.erat.Sed@magnaLoremipsum.com','Dawn');
INSERT INTO G25_usuario (cod_usuario,nombres,apellidos,email,nick) VALUES ('447','Kelsie','Fowler','pede.Cras@facilisiseget.com','Vance');
INSERT INTO G25_usuario (cod_usuario,nombres,apellidos,email,nick) VALUES ('448','Duncan','Curtis','vel.venenatis@ametnulla.edu','Zephania');
INSERT INTO G25_usuario (cod_usuario,nombres,apellidos,email,nick) VALUES ('449','Lael','Hart','vel.quam.dignissim@consequat.com','Bert');
INSERT INTO G25_usuario (cod_usuario,nombres,apellidos,email,nick) VALUES ('450','Jenna','Gallegos','nisl@id.org','Mariam');
INSERT INTO G25_usuario (cod_usuario,nombres,apellidos,email,nick) VALUES ('451','Venus','Wyatt','Proin.vel@pede.com','Leo');
INSERT INTO G25_usuario (cod_usuario,nombres,apellidos,email,nick) VALUES ('452','Aline','Sawyer','malesuada@luctusut.org','Zia');
INSERT INTO G25_usuario (cod_usuario,nombres,apellidos,email,nick) VALUES ('453','Marshall','Dudley','commodo.ipsum.Suspendisse@acturpis.edu','Xerxes');
INSERT INTO G25_usuario (cod_usuario,nombres,apellidos,email,nick) VALUES ('454','Hayley','Dotson','urna.nec@dolorsitamet.edu','Rogan');
INSERT INTO G25_usuario (cod_usuario,nombres,apellidos,email,nick) VALUES ('455','Zeph','Mcfadden','porttitor.eros@tristiquepellentesque.ca','Irma');
INSERT INTO G25_usuario (cod_usuario,nombres,apellidos,email,nick) VALUES ('456','Luke','Bryan','elementum.at.egestas@sedturpis.edu','Abraham');
INSERT INTO G25_usuario (cod_usuario,nombres,apellidos,email,nick) VALUES ('457','Riley','Randolph','sit.amet.massa@Aliquamauctorvelit.com','Cody');
INSERT INTO G25_usuario (cod_usuario,nombres,apellidos,email,nick) VALUES ('458','Daphne','Moody','eu.eros.Nam@nequenon.ca','Malachi');
INSERT INTO G25_usuario (cod_usuario,nombres,apellidos,email,nick) VALUES ('459','Iola','Emerson','erat.neque.non@porta.com','Merritt');
INSERT INTO G25_usuario (cod_usuario,nombres,apellidos,email,nick) VALUES ('460','Vielka','Fernandez','lectus.justo.eu@elitsedconsequat.com','Mari');
INSERT INTO G25_usuario (cod_usuario,nombres,apellidos,email,nick) VALUES ('461','Joy','Doyle','eget.ipsum.Donec@facilisi.org','Jillian');
INSERT INTO G25_usuario (cod_usuario,nombres,apellidos,email,nick) VALUES ('462','Shea','Dennis','ornare.sagittis@mauris.edu','Karly');
INSERT INTO G25_usuario (cod_usuario,nombres,apellidos,email,nick) VALUES ('463','Rhonda','Beasley','egestas.blandit@natoquepenatibuset.org','Ryan');
INSERT INTO G25_usuario (cod_usuario,nombres,apellidos,email,nick) VALUES ('464','Valentine','Dillard','id@bibendumsedest.com','Joelle');
INSERT INTO G25_usuario (cod_usuario,nombres,apellidos,email,nick) VALUES ('465','Mira','Glass','risus.Nunc.ac@euodio.com','Holmes');
INSERT INTO G25_usuario (cod_usuario,nombres,apellidos,email,nick) VALUES ('466','Lane','Adkins','magna.Suspendisse.tristique@sapiengravida.edu','Gannon');
INSERT INTO G25_usuario (cod_usuario,nombres,apellidos,email,nick) VALUES ('467','Astra','Leonard','fermentum@orci.ca','Beverly');
INSERT INTO G25_usuario (cod_usuario,nombres,apellidos,email,nick) VALUES ('468','Xavier','Thornton','ac.fermentum.vel@Mauris.com','Zorita');
INSERT INTO G25_usuario (cod_usuario,nombres,apellidos,email,nick) VALUES ('469','Lunea','Downs','libero.est.congue@egetipsum.org','Candice');
INSERT INTO G25_usuario (cod_usuario,nombres,apellidos,email,nick) VALUES ('470','Flavia','Johns','egestas.blandit.Nam@imperdietnon.edu','Lael');
INSERT INTO G25_usuario (cod_usuario,nombres,apellidos,email,nick) VALUES ('471','Kameko','Hawkins','tortor.Nunc@porttitor.ca','Bell');
INSERT INTO G25_usuario (cod_usuario,nombres,apellidos,email,nick) VALUES ('472','Clark','Murphy','fringilla@felispurusac.org','Kendall');
INSERT INTO G25_usuario (cod_usuario,nombres,apellidos,email,nick) VALUES ('473','Penelope','Hopper','vel.arcu.eu@Maurismolestiepharetra.com','Axel');
INSERT INTO G25_usuario (cod_usuario,nombres,apellidos,email,nick) VALUES ('474','Quentin','Foster','Class.aptent.taciti@cursus.ca','Regan');
INSERT INTO G25_usuario (cod_usuario,nombres,apellidos,email,nick) VALUES ('475','Kessie','Goodwin','amet.ultricies@imperdietornare.ca','Simon');
INSERT INTO G25_usuario (cod_usuario,nombres,apellidos,email,nick) VALUES ('476','Vance','Savage','Aliquam.fringilla@nunc.com','Armando');
INSERT INTO G25_usuario (cod_usuario,nombres,apellidos,email,nick) VALUES ('477','Gisela','Brewer','magna.Sed@eteuismod.edu','Cameran');
INSERT INTO G25_usuario (cod_usuario,nombres,apellidos,email,nick) VALUES ('478','Chiquita','Carney','amet.orci@Proin.com','Sarah');
INSERT INTO G25_usuario (cod_usuario,nombres,apellidos,email,nick) VALUES ('479','Levi','Raymond','dictum.placerat@ut.edu','Whoopi');
INSERT INTO G25_usuario (cod_usuario,nombres,apellidos,email,nick) VALUES ('480','Barry','King','sollicitudin.orci.sem@velturpis.com','Quinn');
INSERT INTO G25_usuario (cod_usuario,nombres,apellidos,email,nick) VALUES ('481','Emma','Stewart','tortor.Nunc.commodo@Aeneanegetmetus.ca','Wyoming');
INSERT INTO G25_usuario (cod_usuario,nombres,apellidos,email,nick) VALUES ('482','Dalton','Dudley','nascetur.ridiculus@dignissimpharetra.com','Basia');
INSERT INTO G25_usuario (cod_usuario,nombres,apellidos,email,nick) VALUES ('483','Jeanette','Snyder','urna.nec@a.com','Colorado');
INSERT INTO G25_usuario (cod_usuario,nombres,apellidos,email,nick) VALUES ('484','Wilma','Duran','nisi.Mauris@Aliquamnec.edu','Preston');
INSERT INTO G25_usuario (cod_usuario,nombres,apellidos,email,nick) VALUES ('485','Yeo','Baird','congue.elit@molestie.org','Germane');
INSERT INTO G25_usuario (cod_usuario,nombres,apellidos,email,nick) VALUES ('486','Kermit','Cash','erat.semper.rutrum@orciluctuset.edu','Garrison');
INSERT INTO G25_usuario (cod_usuario,nombres,apellidos,email,nick) VALUES ('487','Baker','Jarvis','eu.elit.Nulla@pharetranibhAliquam.com','Tallulah');
INSERT INTO G25_usuario (cod_usuario,nombres,apellidos,email,nick) VALUES ('488','Kim','Beard','lacus@Nulla.ca','Bruce');
INSERT INTO G25_usuario (cod_usuario,nombres,apellidos,email,nick) VALUES ('489','India','Curtis','nunc.sed.libero@enimEtiam.ca','Amethyst');
INSERT INTO G25_usuario (cod_usuario,nombres,apellidos,email,nick) VALUES ('490','Paul','Roach','aliquet@elit.ca','Beatrice');
INSERT INTO G25_usuario (cod_usuario,nombres,apellidos,email,nick) VALUES ('491','Murphy','Roth','ullamcorper@erat.org','Mara');
INSERT INTO G25_usuario (cod_usuario,nombres,apellidos,email,nick) VALUES ('492','Rebekah','Reilly','nibh.dolor@aliquet.edu','Lesley');
INSERT INTO G25_usuario (cod_usuario,nombres,apellidos,email,nick) VALUES ('493','Malik','Welch','Donec@scelerisquesed.edu','Elvis');
INSERT INTO G25_usuario (cod_usuario,nombres,apellidos,email,nick) VALUES ('494','Rudyard','Espinoza','felis.eget.varius@metusAliquam.ca','Cassandra');
INSERT INTO G25_usuario (cod_usuario,nombres,apellidos,email,nick) VALUES ('495','Mia','Davidson','Suspendisse.sagittis.Nullam@molestieorcitincidunt.com','Petra');
INSERT INTO G25_usuario (cod_usuario,nombres,apellidos,email,nick) VALUES ('496','Amelia','Barnett','pede.nonummy.ut@odioEtiam.ca','Barclay');
INSERT INTO G25_usuario (cod_usuario,nombres,apellidos,email,nick) VALUES ('497','Ori','Walter','ac@sedleoCras.org','Ria');
INSERT INTO G25_usuario (cod_usuario,nombres,apellidos,email,nick) VALUES ('498','Murphy','Kaufman','libero.est@Curabituregestas.com','Ali');
INSERT INTO G25_usuario (cod_usuario,nombres,apellidos,email,nick) VALUES ('499','Quynn','Burton','tincidunt.Donec.vitae@mauriselit.com','Jaden');
INSERT INTO G25_usuario (cod_usuario,nombres,apellidos,email,nick) VALUES ('500','Connor','Cochran','vel.lectus@Duiselementumdui.ca','Naomi');
INSERT INTO G25_usuario (cod_usuario,nombres,apellidos,email,nick) VALUES ('501','Henry','Workman','ornare.egestas.ligula@rutrumjusto.edu','Basia');
INSERT INTO G25_usuario (cod_usuario,nombres,apellidos,email,nick) VALUES ('502','Aline','Sandoval','Mauris@magnatellus.com','Bryar');
INSERT INTO G25_usuario (cod_usuario,nombres,apellidos,email,nick) VALUES ('503','Olivia','Crosby','Aenean.massa.Integer@metusVivamus.org','Lydia');
INSERT INTO G25_usuario (cod_usuario,nombres,apellidos,email,nick) VALUES ('504','Kennedy','Drake','urna@auguescelerisquemollis.edu','Blythe');
INSERT INTO G25_usuario (cod_usuario,nombres,apellidos,email,nick) VALUES ('505','Amanda','Cash','non.luctus@Cumsociisnatoque.org','Orli');
INSERT INTO G25_usuario (cod_usuario,nombres,apellidos,email,nick) VALUES ('506','Jonah','Rowe','turpis@sedturpis.ca','Briar');
INSERT INTO G25_usuario (cod_usuario,nombres,apellidos,email,nick) VALUES ('507','Quail','Snider','quis@Aliquam.ca','Perry');
INSERT INTO G25_usuario (cod_usuario,nombres,apellidos,email,nick) VALUES ('508','Bianca','Becker','velit@dictum.ca','Callum');
INSERT INTO G25_usuario (cod_usuario,nombres,apellidos,email,nick) VALUES ('509','Len','Hickman','molestie.pharetra@tempor.edu','Len');
INSERT INTO G25_usuario (cod_usuario,nombres,apellidos,email,nick) VALUES ('510','Veda','Carroll','nascetur.ridiculus@Nunclaoreetlectus.com','Jaquelyn');
INSERT INTO G25_usuario (cod_usuario,nombres,apellidos,email,nick) VALUES ('511','Eaton','Perry','semper.dui@nislMaecenas.edu','Mohammad');
INSERT INTO G25_usuario (cod_usuario,nombres,apellidos,email,nick) VALUES ('512','Ivana','Kaufman','eget.nisi@nonbibendumsed.org','Kaden');
INSERT INTO G25_usuario (cod_usuario,nombres,apellidos,email,nick) VALUES ('513','Seth','Foster','interdum.Nunc.sollicitudin@veliteu.org','Griffith');
INSERT INTO G25_usuario (cod_usuario,nombres,apellidos,email,nick) VALUES ('514','Xandra','Wiggins','placerat.orci.lacus@Maurisquis.edu','Miranda');
INSERT INTO G25_usuario (cod_usuario,nombres,apellidos,email,nick) VALUES ('515','Stone','Ratliff','ut@eleifend.edu','Leroy');
INSERT INTO G25_usuario (cod_usuario,nombres,apellidos,email,nick) VALUES ('516','Taylor','Michael','mi@turpis.com','Tanek');
INSERT INTO G25_usuario (cod_usuario,nombres,apellidos,email,nick) VALUES ('517','Cameron','Burton','eu.enim.Etiam@afelisullamcorper.ca','Thor');
INSERT INTO G25_usuario (cod_usuario,nombres,apellidos,email,nick) VALUES ('518','Forrest','Murray','congue.turpis@arcuacorci.com','Naomi');
INSERT INTO G25_usuario (cod_usuario,nombres,apellidos,email,nick) VALUES ('519','Jamalia','Martin','faucibus@inceptoshymenaeosMauris.edu','Susan');
INSERT INTO G25_usuario (cod_usuario,nombres,apellidos,email,nick) VALUES ('520','Tanner','Gill','Nunc.sollicitudin.commodo@Quisque.ca','Geoffrey');
INSERT INTO G25_usuario (cod_usuario,nombres,apellidos,email,nick) VALUES ('521','Cameran','Newman','nonummy.ipsum.non@accumsan.edu','Geraldine');
INSERT INTO G25_usuario (cod_usuario,nombres,apellidos,email,nick) VALUES ('522','Kirk','Mayo','tristique@sed.edu','Patience');
INSERT INTO G25_usuario (cod_usuario,nombres,apellidos,email,nick) VALUES ('523','Aline','Contreras','urna.et@enimSed.ca','Giselle');
INSERT INTO G25_usuario (cod_usuario,nombres,apellidos,email,nick) VALUES ('524','Susan','Mcdonald','Fusce@vitaeodio.com','Quon');
INSERT INTO G25_usuario (cod_usuario,nombres,apellidos,email,nick) VALUES ('525','Regan','Graham','vulputate.velit.eu@ultrices.edu','Risa');
INSERT INTO G25_usuario (cod_usuario,nombres,apellidos,email,nick) VALUES ('526','Isaiah','Dickson','orci@cubiliaCurae;Phasellus.com','Paloma');
INSERT INTO G25_usuario (cod_usuario,nombres,apellidos,email,nick) VALUES ('527','Imogene','Sargent','et.commodo.at@pedePraesent.com','Dane');
INSERT INTO G25_usuario (cod_usuario,nombres,apellidos,email,nick) VALUES ('528','Dai','Lynch','malesuada@ipsumprimisin.org','Jenette');
INSERT INTO G25_usuario (cod_usuario,nombres,apellidos,email,nick) VALUES ('529','Axel','Kaufman','Quisque@elementumdui.edu','Rhona');
INSERT INTO G25_usuario (cod_usuario,nombres,apellidos,email,nick) VALUES ('530','Nelle','Gallagher','urna.justo@sitamet.edu','Yvette');
INSERT INTO G25_usuario (cod_usuario,nombres,apellidos,email,nick) VALUES ('531','Ruth','Terry','ante.dictum.cursus@vitaeodio.com','Quinlan');
INSERT INTO G25_usuario (cod_usuario,nombres,apellidos,email,nick) VALUES ('532','Molly','Phelps','a.felis@rhoncusProin.ca','Kelsey');
INSERT INTO G25_usuario (cod_usuario,nombres,apellidos,email,nick) VALUES ('533','Oprah','Bush','Nam.interdum.enim@gravidanon.ca','Echo');
INSERT INTO G25_usuario (cod_usuario,nombres,apellidos,email,nick) VALUES ('534','Gareth','Hess','et.commodo.at@Inlorem.ca','Dante');
INSERT INTO G25_usuario (cod_usuario,nombres,apellidos,email,nick) VALUES ('535','Oren','Reeves','hymenaeos.Mauris@InloremDonec.edu','Laith');
INSERT INTO G25_usuario (cod_usuario,nombres,apellidos,email,nick) VALUES ('536','Kuame','Munoz','Ut.nec.urna@sempertellusid.org','Magee');
INSERT INTO G25_usuario (cod_usuario,nombres,apellidos,email,nick) VALUES ('537','Talon','Hewitt','tempus.scelerisque.lorem@Nullamsuscipit.ca','Rahim');
INSERT INTO G25_usuario (cod_usuario,nombres,apellidos,email,nick) VALUES ('538','Ahmed','Horne','eleifend.nunc.risus@Proin.org','Adele');
INSERT INTO G25_usuario (cod_usuario,nombres,apellidos,email,nick) VALUES ('539','Evangeline','Boyle','amet@condimentumegetvolutpat.ca','Jin');
INSERT INTO G25_usuario (cod_usuario,nombres,apellidos,email,nick) VALUES ('540','Xena','Owen','Proin.ultrices@quamelementum.com','Gavin');
INSERT INTO G25_usuario (cod_usuario,nombres,apellidos,email,nick) VALUES ('541','Jamal','Cote','at.libero.Morbi@enimcommodohendrerit.org','Ross');
INSERT INTO G25_usuario (cod_usuario,nombres,apellidos,email,nick) VALUES ('542','Aiko','Glenn','arcu@dapibusgravidaAliquam.com','Clark');
INSERT INTO G25_usuario (cod_usuario,nombres,apellidos,email,nick) VALUES ('543','Adrian','Mcclain','vulputate.lacus@Maurisblanditenim.com','Sopoline');
INSERT INTO G25_usuario (cod_usuario,nombres,apellidos,email,nick) VALUES ('544','Simon','Vance','ornare.facilisis.eget@infaucibusorci.org','Hyacinth');
INSERT INTO G25_usuario (cod_usuario,nombres,apellidos,email,nick) VALUES ('545','Indira','Johns','ornare@Fusce.edu','Ariel');
INSERT INTO G25_usuario (cod_usuario,nombres,apellidos,email,nick) VALUES ('546','Francesca','Forbes','fermentum.fermentum@Donec.com','Damian');
INSERT INTO G25_usuario (cod_usuario,nombres,apellidos,email,nick) VALUES ('547','Darryl','Sears','mollis@Uttinciduntorci.edu','Shelly');
INSERT INTO G25_usuario (cod_usuario,nombres,apellidos,email,nick) VALUES ('548','Kameko','Quinn','Fusce@eumetusIn.ca','Hollee');
INSERT INTO G25_usuario (cod_usuario,nombres,apellidos,email,nick) VALUES ('549','Ezekiel','Conrad','a.felis@pellentesque.com','Kaitlin');
INSERT INTO G25_usuario (cod_usuario,nombres,apellidos,email,nick) VALUES ('550','Zenia','Robles','Nulla.facilisi.Sed@sagittisDuis.com','Nash');
INSERT INTO G25_usuario (cod_usuario,nombres,apellidos,email,nick) VALUES ('551','Zane','Merrill','nec.euismod.in@non.ca','Olivia');
INSERT INTO G25_usuario (cod_usuario,nombres,apellidos,email,nick) VALUES ('552','Leo','Allen','vestibulum@Integertinciduntaliquam.ca','Cameron');
INSERT INTO G25_usuario (cod_usuario,nombres,apellidos,email,nick) VALUES ('553','Drake','Medina','auctor.odio@lacus.ca','Emery');
INSERT INTO G25_usuario (cod_usuario,nombres,apellidos,email,nick) VALUES ('554','Odessa','Padilla','blandit.enim@Integersemelit.ca','Shaine');
INSERT INTO G25_usuario (cod_usuario,nombres,apellidos,email,nick) VALUES ('555','Lavinia','Ortiz','elit.erat.vitae@orcilacus.org','Brian');
INSERT INTO G25_usuario (cod_usuario,nombres,apellidos,email,nick) VALUES ('556','Moana','Perez','parturient.montes.nascetur@metusAeneansed.org','Aubrey');
INSERT INTO G25_usuario (cod_usuario,nombres,apellidos,email,nick) VALUES ('557','Donovan','Colon','ligula.elit@nec.ca','Sharon');
INSERT INTO G25_usuario (cod_usuario,nombres,apellidos,email,nick) VALUES ('558','Cheyenne','Hardin','Phasellus@Nullafacilisis.ca','Ursa');
INSERT INTO G25_usuario (cod_usuario,nombres,apellidos,email,nick) VALUES ('559','Lacota','Pitts','Aliquam.nec.enim@semconsequat.edu','Audra');
INSERT INTO G25_usuario (cod_usuario,nombres,apellidos,email,nick) VALUES ('560','Wyatt','Valdez','vitae.diam@Infaucibus.ca','Shad');
INSERT INTO G25_usuario (cod_usuario,nombres,apellidos,email,nick) VALUES ('561','Janna','Griffin','Etiam.imperdiet@arcuiaculisenim.com','Anika');
INSERT INTO G25_usuario (cod_usuario,nombres,apellidos,email,nick) VALUES ('562','Molly','Hull','Cras@Integer.ca','Tate');
INSERT INTO G25_usuario (cod_usuario,nombres,apellidos,email,nick) VALUES ('563','Otto','Noel','diam.dictum.sapien@arcuVestibulumante.edu','Stone');
INSERT INTO G25_usuario (cod_usuario,nombres,apellidos,email,nick) VALUES ('564','Burke','Ryan','Morbi.quis@Fusce.org','Kessie');
INSERT INTO G25_usuario (cod_usuario,nombres,apellidos,email,nick) VALUES ('565','Sasha','Williams','massa@ligula.org','Wesley');
INSERT INTO G25_usuario (cod_usuario,nombres,apellidos,email,nick) VALUES ('566','Allegra','Snow','lorem.auctor.quis@acmattisvelit.com','Lillian');
INSERT INTO G25_usuario (cod_usuario,nombres,apellidos,email,nick) VALUES ('567','Linda','Elliott','Cum.sociis.natoque@Vivamusnibh.com','Maia');
INSERT INTO G25_usuario (cod_usuario,nombres,apellidos,email,nick) VALUES ('568','Petra','Bailey','feugiat.tellus@commodoat.com','Fredericka');
INSERT INTO G25_usuario (cod_usuario,nombres,apellidos,email,nick) VALUES ('569','Steel','Knight','rhoncus@Donec.edu','Brendan');
INSERT INTO G25_usuario (cod_usuario,nombres,apellidos,email,nick) VALUES ('570','Maile','Bird','ac.mattis@nuncnullavulputate.edu','Lillith');
INSERT INTO G25_usuario (cod_usuario,nombres,apellidos,email,nick) VALUES ('571','Aidan','Sears','vehicula@gravidasitamet.edu','Kay');
INSERT INTO G25_usuario (cod_usuario,nombres,apellidos,email,nick) VALUES ('572','Kermit','Jarvis','rutrum.Fusce@faucibusorci.com','Dane');
INSERT INTO G25_usuario (cod_usuario,nombres,apellidos,email,nick) VALUES ('573','Daniel','Harrison','gravida.nunc@tempus.com','Remedios');
INSERT INTO G25_usuario (cod_usuario,nombres,apellidos,email,nick) VALUES ('574','Kermit','Villarreal','ante@Maecenasornareegestas.edu','Nathaniel');
INSERT INTO G25_usuario (cod_usuario,nombres,apellidos,email,nick) VALUES ('575','Clio','Dyer','euismod@montesnasceturridiculus.org','Farrah');
INSERT INTO G25_usuario (cod_usuario,nombres,apellidos,email,nick) VALUES ('576','Ria','Sosa','purus.Maecenas@condimentumDonec.com','Salvador');
INSERT INTO G25_usuario (cod_usuario,nombres,apellidos,email,nick) VALUES ('577','Breanna','Rodgers','Morbi@dictum.edu','Reuben');
INSERT INTO G25_usuario (cod_usuario,nombres,apellidos,email,nick) VALUES ('578','Katelyn','Griffith','vel.turpis@Utsagittislobortis.ca','William');
INSERT INTO G25_usuario (cod_usuario,nombres,apellidos,email,nick) VALUES ('579','Pandora','Bradley','at.nisi.Cum@Donecfelis.ca','Curran');
INSERT INTO G25_usuario (cod_usuario,nombres,apellidos,email,nick) VALUES ('580','Erin','Cochran','commodo.at@mattisIntegereu.org','Alana');
INSERT INTO G25_usuario (cod_usuario,nombres,apellidos,email,nick) VALUES ('581','Leilani','Stephenson','tempor@ligulaNullam.org','Zahir');
INSERT INTO G25_usuario (cod_usuario,nombres,apellidos,email,nick) VALUES ('582','Penelope','Williamson','rutrum@Aliquamultrices.com','Christopher');
INSERT INTO G25_usuario (cod_usuario,nombres,apellidos,email,nick) VALUES ('583','Celeste','Harper','ac.facilisis.facilisis@dapibusrutrumjusto.ca','Burke');
INSERT INTO G25_usuario (cod_usuario,nombres,apellidos,email,nick) VALUES ('584','Omar','Daugherty','sapien@ipsum.org','Luke');
INSERT INTO G25_usuario (cod_usuario,nombres,apellidos,email,nick) VALUES ('585','Maile','Wheeler','ipsum.non@Donecnibh.edu','Basil');
INSERT INTO G25_usuario (cod_usuario,nombres,apellidos,email,nick) VALUES ('586','Arthur','Erickson','Quisque.fringilla@rutrumFusce.org','Keelie');
INSERT INTO G25_usuario (cod_usuario,nombres,apellidos,email,nick) VALUES ('587','Imani','Hopkins','aptent@acfermentumvel.com','Nolan');
INSERT INTO G25_usuario (cod_usuario,nombres,apellidos,email,nick) VALUES ('588','Chanda','Holder','In.mi@elit.ca','Roth');
INSERT INTO G25_usuario (cod_usuario,nombres,apellidos,email,nick) VALUES ('589','Xander','English','a.auctor.non@enimnisl.com','Ina');
INSERT INTO G25_usuario (cod_usuario,nombres,apellidos,email,nick) VALUES ('590','Diana','Woodward','urna.convallis.erat@mus.edu','Jade');
INSERT INTO G25_usuario (cod_usuario,nombres,apellidos,email,nick) VALUES ('591','Brian','Farrell','dui.Cras.pellentesque@eget.ca','Hyacinth');
INSERT INTO G25_usuario (cod_usuario,nombres,apellidos,email,nick) VALUES ('592','Kibo','Church','vitae.erat@enim.org','Cain');
INSERT INTO G25_usuario (cod_usuario,nombres,apellidos,email,nick) VALUES ('593','Nigel','Ingram','et.malesuada@cursuspurus.com','Olivia');
INSERT INTO G25_usuario (cod_usuario,nombres,apellidos,email,nick) VALUES ('594','Seth','Huffman','nunc.sit@nec.com','Destiny');
INSERT INTO G25_usuario (cod_usuario,nombres,apellidos,email,nick) VALUES ('595','Rafael','Barr','arcu.imperdiet@auctor.com','Neve');
INSERT INTO G25_usuario (cod_usuario,nombres,apellidos,email,nick) VALUES ('596','Halee','Battle','turpis.nec@adipiscingelit.org','Cheryl');
INSERT INTO G25_usuario (cod_usuario,nombres,apellidos,email,nick) VALUES ('597','Jaden','Carson','at@vitae.org','Sharon');
INSERT INTO G25_usuario (cod_usuario,nombres,apellidos,email,nick) VALUES ('598','Colette','Wooten','rutrum.lorem.ac@Nuncpulvinar.org','Desirae');
INSERT INTO G25_usuario (cod_usuario,nombres,apellidos,email,nick) VALUES ('599','Ayanna','Woodward','dolor@nibh.ca','Kyle');
INSERT INTO G25_usuario (cod_usuario,nombres,apellidos,email,nick) VALUES ('600','Phelan','Hamilton','diam@risusat.com','Rylee');
--Comentarios
INSERT INTO G25_comentario (cod_usuario,texto,tipo,cod_comentario) VALUES ('111','magna tellus faucibus leo, in lobortis tellus justo sit amet','Original','1');
INSERT INTO G25_comentario (cod_usuario,texto,tipo,cod_comentario) VALUES ('35','ac tellus. Suspendisse sed dolor. Fusce mi lorem, vehicula et,','Respuesta','2');
INSERT INTO G25_comentario (cod_usuario,texto,tipo,cod_comentario) VALUES ('76','sem. Pellentesque ut ipsum ac mi eleifend egestas. Sed pharetra,','Original','3');
INSERT INTO G25_comentario (cod_usuario,texto,tipo,cod_comentario) VALUES ('420','venenatis a, magna. Lorem ipsum dolor sit amet, consectetuer adipiscing','Respuesta','4');
INSERT INTO G25_comentario (cod_usuario,texto,tipo,cod_comentario) VALUES ('579','arcu. Curabitur ut odio vel est tempor bibendum. Donec felis','Original','5');
INSERT INTO G25_comentario (cod_usuario,texto,tipo,cod_comentario) VALUES ('534','augue scelerisque mollis. Phasellus libero mauris, aliquam eu, accumsan sed,','Respuesta','6');
INSERT INTO G25_comentario (cod_usuario,texto,tipo,cod_comentario) VALUES ('246','penatibus et magnis dis parturient montes, nascetur ridiculus mus. Proin','Respuesta','7');
INSERT INTO G25_comentario (cod_usuario,texto,tipo,cod_comentario) VALUES ('86','felis, adipiscing fringilla, porttitor vulputate, posuere vulputate, lacus. Cras interdum.','Original','8');
INSERT INTO G25_comentario (cod_usuario,texto,tipo,cod_comentario) VALUES ('285','dui. Cum sociis natoque penatibus et magnis dis parturient montes,','Original','9');
INSERT INTO G25_comentario (cod_usuario,texto,tipo,cod_comentario) VALUES ('4','Donec feugiat metus sit amet ante. Vivamus non lorem vitae','Respuesta','10');
INSERT INTO G25_comentario (cod_usuario,texto,tipo,cod_comentario) VALUES ('327','Nunc lectus pede, ultrices a, auctor non, feugiat nec, diam.','Original','11');
INSERT INTO G25_comentario (cod_usuario,texto,tipo,cod_comentario) VALUES ('325','diam. Sed diam lorem, auctor quis, tristique ac, eleifend vitae,','Respuesta','12');
INSERT INTO G25_comentario (cod_usuario,texto,tipo,cod_comentario) VALUES ('363','ornare sagittis felis. Donec tempor, est ac mattis semper, dui','Respuesta','13');
INSERT INTO G25_comentario (cod_usuario,texto,tipo,cod_comentario) VALUES ('87','in felis. Nulla tempor augue ac ipsum. Phasellus vitae mauris','Original','14');
INSERT INTO G25_comentario (cod_usuario,texto,tipo,cod_comentario) VALUES ('128','turpis non enim. Mauris quis turpis vitae purus gravida sagittis.','Respuesta','15');
INSERT INTO G25_comentario (cod_usuario,texto,tipo,cod_comentario) VALUES ('581','scelerisque sed, sapien. Nunc pulvinar arcu et pede. Nunc sed','Respuesta','16');
INSERT INTO G25_comentario (cod_usuario,texto,tipo,cod_comentario) VALUES ('149','ut, nulla. Cras eu tellus eu augue porttitor interdum. Sed','Original','17');
INSERT INTO G25_comentario (cod_usuario,texto,tipo,cod_comentario) VALUES ('284','enim. Etiam imperdiet dictum magna. Ut tincidunt orci quis lectus.','Original','18');
INSERT INTO G25_comentario (cod_usuario,texto,tipo,cod_comentario) VALUES ('230','ac turpis egestas. Fusce aliquet magna a neque. Nullam ut','Respuesta','19');
INSERT INTO G25_comentario (cod_usuario,texto,tipo,cod_comentario) VALUES ('177','Nullam ut nisi a odio semper cursus. Integer mollis. Integer','Respuesta','20');
INSERT INTO G25_comentario (cod_usuario,texto,tipo,cod_comentario) VALUES ('322','ullamcorper. Duis cursus, diam at pretium aliquet, metus urna convallis','Original','21');
INSERT INTO G25_comentario (cod_usuario,texto,tipo,cod_comentario) VALUES ('229','purus gravida sagittis. Duis gravida. Praesent eu nulla at sem','Respuesta','22');
INSERT INTO G25_comentario (cod_usuario,texto,tipo,cod_comentario) VALUES ('438','vitae diam. Proin dolor. Nulla semper tellus id nunc interdum','Original','23');
INSERT INTO G25_comentario (cod_usuario,texto,tipo,cod_comentario) VALUES ('540','vulputate, nisi sem semper erat, in consectetuer ipsum nunc id','Original','24');
INSERT INTO G25_comentario (cod_usuario,texto,tipo,cod_comentario) VALUES ('513','Nam consequat dolor vitae dolor. Donec fringilla. Donec feugiat metus','Original','25');
INSERT INTO G25_comentario (cod_usuario,texto,tipo,cod_comentario) VALUES ('150','non nisi. Aenean eget metus. In nec orci. Donec nibh.','Respuesta','26');
INSERT INTO G25_comentario (cod_usuario,texto,tipo,cod_comentario) VALUES ('417','vel arcu eu odio tristique pharetra. Quisque ac libero nec','Respuesta','27');
INSERT INTO G25_comentario (cod_usuario,texto,tipo,cod_comentario) VALUES ('281','eu lacus. Quisque imperdiet, erat nonummy ultricies ornare, elit elit','Respuesta','28');
INSERT INTO G25_comentario (cod_usuario,texto,tipo,cod_comentario) VALUES ('108','dictum. Phasellus in felis. Nulla tempor augue ac ipsum. Phasellus','Respuesta','29');
INSERT INTO G25_comentario (cod_usuario,texto,tipo,cod_comentario) VALUES ('323','sagittis lobortis mauris. Suspendisse aliquet molestie tellus. Aenean egestas hendrerit','Respuesta','30');
INSERT INTO G25_comentario (cod_usuario,texto,tipo,cod_comentario) VALUES ('12','non, sollicitudin a, malesuada id, erat. Etiam vestibulum massa rutrum','Original','31');
INSERT INTO G25_comentario (cod_usuario,texto,tipo,cod_comentario) VALUES ('486','velit. Sed malesuada augue ut lacus. Nulla tincidunt, neque vitae','Original','32');
INSERT INTO G25_comentario (cod_usuario,texto,tipo,cod_comentario) VALUES ('579','Vivamus non lorem vitae odio sagittis semper. Nam tempor diam','Original','33');
INSERT INTO G25_comentario (cod_usuario,texto,tipo,cod_comentario) VALUES ('366','dolor. Quisque tincidunt pede ac urna. Ut tincidunt vehicula risus.','Original','34');
INSERT INTO G25_comentario (cod_usuario,texto,tipo,cod_comentario) VALUES ('267','commodo tincidunt nibh. Phasellus nulla. Integer vulputate, risus a ultricies','Original','35');
INSERT INTO G25_comentario (cod_usuario,texto,tipo,cod_comentario) VALUES ('260','vitae odio sagittis semper. Nam tempor diam dictum sapien. Aenean','Original','36');
INSERT INTO G25_comentario (cod_usuario,texto,tipo,cod_comentario) VALUES ('279','ut ipsum ac mi eleifend egestas. Sed pharetra, felis eget','Respuesta','37');
INSERT INTO G25_comentario (cod_usuario,texto,tipo,cod_comentario) VALUES ('568','libero at auctor ullamcorper, nisl arcu iaculis enim, sit amet','Respuesta','38');
INSERT INTO G25_comentario (cod_usuario,texto,tipo,cod_comentario) VALUES ('14','aliquam, enim nec tempus scelerisque, lorem ipsum sodales purus, in','Respuesta','39');
INSERT INTO G25_comentario (cod_usuario,texto,tipo,cod_comentario) VALUES ('101','nec urna et arcu imperdiet ullamcorper. Duis at lacus. Quisque','Original','40');
INSERT INTO G25_comentario (cod_usuario,texto,tipo,cod_comentario) VALUES ('232','pede ac urna. Ut tincidunt vehicula risus. Nulla eget metus','Original','41');
INSERT INTO G25_comentario (cod_usuario,texto,tipo,cod_comentario) VALUES ('134','metus. In lorem. Donec elementum, lorem ut aliquam iaculis, lacus','Respuesta','42');
INSERT INTO G25_comentario (cod_usuario,texto,tipo,cod_comentario) VALUES ('131','Duis a mi fringilla mi lacinia mattis. Integer eu lacus.','Respuesta','43');
INSERT INTO G25_comentario (cod_usuario,texto,tipo,cod_comentario) VALUES ('585','sollicitudin orci sem eget massa. Suspendisse eleifend. Cras sed leo.','Respuesta','44');
INSERT INTO G25_comentario (cod_usuario,texto,tipo,cod_comentario) VALUES ('385','et netus et malesuada fames ac turpis egestas. Aliquam fringilla','Respuesta','45');
INSERT INTO G25_comentario (cod_usuario,texto,tipo,cod_comentario) VALUES ('255','molestie orci tincidunt adipiscing. Mauris molestie pharetra nibh. Aliquam ornare,','Respuesta','46');
INSERT INTO G25_comentario (cod_usuario,texto,tipo,cod_comentario) VALUES ('178','egestas lacinia. Sed congue, elit sed consequat auctor, nunc nulla','Respuesta','47');
INSERT INTO G25_comentario (cod_usuario,texto,tipo,cod_comentario) VALUES ('302','eu neque pellentesque massa lobortis ultrices. Vivamus rhoncus. Donec est.','Respuesta','48');
INSERT INTO G25_comentario (cod_usuario,texto,tipo,cod_comentario) VALUES ('309','arcu vel quam dignissim pharetra. Nam ac nulla. In tincidunt','Original','49');
INSERT INTO G25_comentario (cod_usuario,texto,tipo,cod_comentario) VALUES ('430','vulputate, risus a ultricies adipiscing, enim mi tempor lorem, eget','Original','50');
INSERT INTO G25_comentario (cod_usuario,texto,tipo,cod_comentario) VALUES ('241','quam vel sapien imperdiet ornare. In faucibus. Morbi vehicula. Pellentesque','Original','51');
INSERT INTO G25_comentario (cod_usuario,texto,tipo,cod_comentario) VALUES ('62','est ac mattis semper, dui lectus rutrum urna, nec luctus','Original','52');
INSERT INTO G25_comentario (cod_usuario,texto,tipo,cod_comentario) VALUES ('123','ac orci. Ut semper pretium neque. Morbi quis urna. Nunc','Original','53');
INSERT INTO G25_comentario (cod_usuario,texto,tipo,cod_comentario) VALUES ('260','nascetur ridiculus mus. Donec dignissim magna a tortor. Nunc commodo','Original','54');
INSERT INTO G25_comentario (cod_usuario,texto,tipo,cod_comentario) VALUES ('414','pede. Cum sociis natoque penatibus et magnis dis parturient montes,','Original','55');
INSERT INTO G25_comentario (cod_usuario,texto,tipo,cod_comentario) VALUES ('496','Sed congue, elit sed consequat auctor, nunc nulla vulputate dui,','Respuesta','56');
INSERT INTO G25_comentario (cod_usuario,texto,tipo,cod_comentario) VALUES ('56','et pede. Nunc sed orci lobortis augue scelerisque mollis. Phasellus','Original','57');
INSERT INTO G25_comentario (cod_usuario,texto,tipo,cod_comentario) VALUES ('110','justo. Praesent luctus. Curabitur egestas nunc sed libero. Proin sed','Original','58');
INSERT INTO G25_comentario (cod_usuario,texto,tipo,cod_comentario) VALUES ('340','habitant morbi tristique senectus et netus et malesuada fames ac','Respuesta','59');
INSERT INTO G25_comentario (cod_usuario,texto,tipo,cod_comentario) VALUES ('252','aliquet odio. Etiam ligula tortor, dictum eu, placerat eget, venenatis','Respuesta','60');
INSERT INTO G25_comentario (cod_usuario,texto,tipo,cod_comentario) VALUES ('170','ante dictum cursus. Nunc mauris elit, dictum eu, eleifend nec,','Respuesta','61');
INSERT INTO G25_comentario (cod_usuario,texto,tipo,cod_comentario) VALUES ('105','ac arcu. Nunc mauris. Morbi non sapien molestie orci tincidunt','Original','62');
INSERT INTO G25_comentario (cod_usuario,texto,tipo,cod_comentario) VALUES ('543','Suspendisse aliquet molestie tellus. Aenean egestas hendrerit neque. In ornare','Original','63');
INSERT INTO G25_comentario (cod_usuario,texto,tipo,cod_comentario) VALUES ('261','neque et nunc. Quisque ornare tortor at risus. Nunc ac','Respuesta','64');
INSERT INTO G25_comentario (cod_usuario,texto,tipo,cod_comentario) VALUES ('225','leo, in lobortis tellus justo sit amet nulla. Donec non','Original','65');
INSERT INTO G25_comentario (cod_usuario,texto,tipo,cod_comentario) VALUES ('101','neque sed dictum eleifend, nunc risus varius orci, in consequat','Respuesta','66');
INSERT INTO G25_comentario (cod_usuario,texto,tipo,cod_comentario) VALUES ('148','nascetur ridiculus mus. Proin vel nisl. Quisque fringilla euismod enim.','Respuesta','67');
INSERT INTO G25_comentario (cod_usuario,texto,tipo,cod_comentario) VALUES ('45','orci, consectetuer euismod est arcu ac orci. Ut semper pretium','Original','68');
INSERT INTO G25_comentario (cod_usuario,texto,tipo,cod_comentario) VALUES ('358','ornare. In faucibus. Morbi vehicula. Pellentesque tincidunt tempus risus. Donec','Respuesta','69');
INSERT INTO G25_comentario (cod_usuario,texto,tipo,cod_comentario) VALUES ('503','velit. Aliquam nisl. Nulla eu neque pellentesque massa lobortis ultrices.','Original','70');
INSERT INTO G25_comentario (cod_usuario,texto,tipo,cod_comentario) VALUES ('578','mauris ut mi. Duis risus odio, auctor vitae, aliquet nec,','Original','71');
INSERT INTO G25_comentario (cod_usuario,texto,tipo,cod_comentario) VALUES ('215','ipsum leo elementum sem, vitae aliquam eros turpis non enim.','Respuesta','72');
INSERT INTO G25_comentario (cod_usuario,texto,tipo,cod_comentario) VALUES ('149','mauris, aliquam eu, accumsan sed, facilisis vitae, orci. Phasellus dapibus','Original','73');
INSERT INTO G25_comentario (cod_usuario,texto,tipo,cod_comentario) VALUES ('509','Aenean egestas hendrerit neque. In ornare sagittis felis. Donec tempor,','Original','74');
INSERT INTO G25_comentario (cod_usuario,texto,tipo,cod_comentario) VALUES ('80','Nullam scelerisque neque sed sem egestas blandit. Nam nulla magna,','Respuesta','75');
INSERT INTO G25_comentario (cod_usuario,texto,tipo,cod_comentario) VALUES ('447','tincidunt pede ac urna. Ut tincidunt vehicula risus. Nulla eget','Original','76');
INSERT INTO G25_comentario (cod_usuario,texto,tipo,cod_comentario) VALUES ('64','In faucibus. Morbi vehicula. Pellentesque tincidunt tempus risus. Donec egestas.','Respuesta','77');
INSERT INTO G25_comentario (cod_usuario,texto,tipo,cod_comentario) VALUES ('308','sodales at, velit. Pellentesque ultricies dignissim lacus. Aliquam rutrum lorem','Original','78');
INSERT INTO G25_comentario (cod_usuario,texto,tipo,cod_comentario) VALUES ('282','interdum. Nunc sollicitudin commodo ipsum. Suspendisse non leo. Vivamus nibh','Respuesta','79');
INSERT INTO G25_comentario (cod_usuario,texto,tipo,cod_comentario) VALUES ('292','dictum eu, placerat eget, venenatis a, magna. Lorem ipsum dolor','Original','80');
INSERT INTO G25_comentario (cod_usuario,texto,tipo,cod_comentario) VALUES ('170','scelerisque scelerisque dui. Suspendisse ac metus vitae velit egestas lacinia.','Original','81');
INSERT INTO G25_comentario (cod_usuario,texto,tipo,cod_comentario) VALUES ('155','enim. Nunc ut erat. Sed nunc est, mollis non, cursus','Respuesta','82');
INSERT INTO G25_comentario (cod_usuario,texto,tipo,cod_comentario) VALUES ('308','velit. Pellentesque ultricies dignissim lacus. Aliquam rutrum lorem ac risus.','Respuesta','83');
INSERT INTO G25_comentario (cod_usuario,texto,tipo,cod_comentario) VALUES ('152','sit amet lorem semper auctor. Mauris vel turpis. Aliquam adipiscing','Original','84');
INSERT INTO G25_comentario (cod_usuario,texto,tipo,cod_comentario) VALUES ('547','magnis dis parturient montes, nascetur ridiculus mus. Proin vel arcu','Respuesta','85');
INSERT INTO G25_comentario (cod_usuario,texto,tipo,cod_comentario) VALUES ('105','Nullam ut nisi a odio semper cursus. Integer mollis. Integer','Respuesta','86');
INSERT INTO G25_comentario (cod_usuario,texto,tipo,cod_comentario) VALUES ('523','dictum cursus. Nunc mauris elit, dictum eu, eleifend nec, malesuada','Original','87');
INSERT INTO G25_comentario (cod_usuario,texto,tipo,cod_comentario) VALUES ('55','auctor velit. Aliquam nisl. Nulla eu neque pellentesque massa lobortis','Respuesta','88');
INSERT INTO G25_comentario (cod_usuario,texto,tipo,cod_comentario) VALUES ('11','Duis gravida. Praesent eu nulla at sem molestie sodales. Mauris','Respuesta','89');
INSERT INTO G25_comentario (cod_usuario,texto,tipo,cod_comentario) VALUES ('132','sociis natoque penatibus et magnis dis parturient montes, nascetur ridiculus','Original','90');
INSERT INTO G25_comentario (cod_usuario,texto,tipo,cod_comentario) VALUES ('68','mattis ornare, lectus ante dictum mi, ac mattis velit justo','Original','91');
INSERT INTO G25_comentario (cod_usuario,texto,tipo,cod_comentario) VALUES ('588','sem. Nulla interdum. Curabitur dictum. Phasellus in felis. Nulla tempor','Original','92');
INSERT INTO G25_comentario (cod_usuario,texto,tipo,cod_comentario) VALUES ('599','ultrices. Vivamus rhoncus. Donec est. Nunc ullamcorper, velit in aliquet','Original','93');
INSERT INTO G25_comentario (cod_usuario,texto,tipo,cod_comentario) VALUES ('41','dolor, nonummy ac, feugiat non, lobortis quis, pede. Suspendisse dui.','Respuesta','94');
INSERT INTO G25_comentario (cod_usuario,texto,tipo,cod_comentario) VALUES ('376','scelerisque neque sed sem egestas blandit. Nam nulla magna, malesuada','Original','95');
INSERT INTO G25_comentario (cod_usuario,texto,tipo,cod_comentario) VALUES ('28','eu erat semper rutrum. Fusce dolor quam, elementum at, egestas','Original','96');
INSERT INTO G25_comentario (cod_usuario,texto,tipo,cod_comentario) VALUES ('296','sit amet luctus vulputate, nisi sem semper erat, in consectetuer','Original','97');
INSERT INTO G25_comentario (cod_usuario,texto,tipo,cod_comentario) VALUES ('129','elit. Aliquam auctor, velit eget laoreet posuere, enim nisl elementum','Respuesta','98');
INSERT INTO G25_comentario (cod_usuario,texto,tipo,cod_comentario) VALUES ('170','at lacus. Quisque purus sapien, gravida non, sollicitudin a, malesuada','Original','99');
INSERT INTO G25_comentario (cod_usuario,texto,tipo,cod_comentario) VALUES ('178','cubilia Curae; Phasellus ornare. Fusce mollis. Duis sit amet diam','Respuesta','100');
INSERT INTO G25_comentario (cod_usuario,texto,tipo,cod_comentario) VALUES ('54','dui, semper et, lacinia vitae, sodales at, velit. Pellentesque ultricies','Respuesta','101');
INSERT INTO G25_comentario (cod_usuario,texto,tipo,cod_comentario) VALUES ('377','nunc sed pede. Cum sociis natoque penatibus et magnis dis','Respuesta','102');
INSERT INTO G25_comentario (cod_usuario,texto,tipo,cod_comentario) VALUES ('160','adipiscing ligula. Aenean gravida nunc sed pede. Cum sociis natoque','Respuesta','103');
INSERT INTO G25_comentario (cod_usuario,texto,tipo,cod_comentario) VALUES ('153','scelerisque neque. Nullam nisl. Maecenas malesuada fringilla est. Mauris eu','Respuesta','104');
INSERT INTO G25_comentario (cod_usuario,texto,tipo,cod_comentario) VALUES ('264','purus sapien, gravida non, sollicitudin a, malesuada id, erat. Etiam','Original','105');
INSERT INTO G25_comentario (cod_usuario,texto,tipo,cod_comentario) VALUES ('573','diam. Pellentesque habitant morbi tristique senectus et netus et malesuada','Original','106');
INSERT INTO G25_comentario (cod_usuario,texto,tipo,cod_comentario) VALUES ('326','sed turpis nec mauris blandit mattis. Cras eget nisi dictum','Original','107');
INSERT INTO G25_comentario (cod_usuario,texto,tipo,cod_comentario) VALUES ('186','id nunc interdum feugiat. Sed nec metus facilisis lorem tristique','Original','108');
INSERT INTO G25_comentario (cod_usuario,texto,tipo,cod_comentario) VALUES ('461','orci lobortis augue scelerisque mollis. Phasellus libero mauris, aliquam eu,','Original','109');
INSERT INTO G25_comentario (cod_usuario,texto,tipo,cod_comentario) VALUES ('233','velit dui, semper et, lacinia vitae, sodales at, velit. Pellentesque','Respuesta','110');
INSERT INTO G25_comentario (cod_usuario,texto,tipo,cod_comentario) VALUES ('394','dictum eleifend, nunc risus varius orci, in consequat enim diam','Respuesta','111');
INSERT INTO G25_comentario (cod_usuario,texto,tipo,cod_comentario) VALUES ('511','quis diam. Pellentesque habitant morbi tristique senectus et netus et','Original','112');
INSERT INTO G25_comentario (cod_usuario,texto,tipo,cod_comentario) VALUES ('141','sociis natoque penatibus et magnis dis parturient montes, nascetur ridiculus','Respuesta','113');
INSERT INTO G25_comentario (cod_usuario,texto,tipo,cod_comentario) VALUES ('189','rutrum non, hendrerit id, ante. Nunc mauris sapien, cursus in,','Respuesta','114');
INSERT INTO G25_comentario (cod_usuario,texto,tipo,cod_comentario) VALUES ('209','erat. Etiam vestibulum massa rutrum magna. Cras convallis convallis dolor.','Respuesta','115');
INSERT INTO G25_comentario (cod_usuario,texto,tipo,cod_comentario) VALUES ('145','mauris ut mi. Duis risus odio, auctor vitae, aliquet nec,','Original','116');
INSERT INTO G25_comentario (cod_usuario,texto,tipo,cod_comentario) VALUES ('102','at, nisi. Cum sociis natoque penatibus et magnis dis parturient','Respuesta','117');
INSERT INTO G25_comentario (cod_usuario,texto,tipo,cod_comentario) VALUES ('3','eleifend egestas. Sed pharetra, felis eget varius ultrices, mauris ipsum','Original','118');
INSERT INTO G25_comentario (cod_usuario,texto,tipo,cod_comentario) VALUES ('502','Etiam imperdiet dictum magna. Ut tincidunt orci quis lectus. Nullam','Original','119');
INSERT INTO G25_comentario (cod_usuario,texto,tipo,cod_comentario) VALUES ('409','leo. Morbi neque tellus, imperdiet non, vestibulum nec, euismod in,','Respuesta','120');
INSERT INTO G25_comentario (cod_usuario,texto,tipo,cod_comentario) VALUES ('456','Cras dolor dolor, tempus non, lacinia at, iaculis quis, pede.','Original','121');
INSERT INTO G25_comentario (cod_usuario,texto,tipo,cod_comentario) VALUES ('109','neque. In ornare sagittis felis. Donec tempor, est ac mattis','Original','122');
INSERT INTO G25_comentario (cod_usuario,texto,tipo,cod_comentario) VALUES ('557','In tincidunt congue turpis. In condimentum. Donec at arcu. Vestibulum','Respuesta','123');
INSERT INTO G25_comentario (cod_usuario,texto,tipo,cod_comentario) VALUES ('598','Fusce dolor quam, elementum at, egestas a, scelerisque sed, sapien.','Original','124');
INSERT INTO G25_comentario (cod_usuario,texto,tipo,cod_comentario) VALUES ('273','feugiat placerat velit. Quisque varius. Nam porttitor scelerisque neque. Nullam','Original','125');
INSERT INTO G25_comentario (cod_usuario,texto,tipo,cod_comentario) VALUES ('558','dui augue eu tellus. Phasellus elit pede, malesuada vel, venenatis','Original','126');
INSERT INTO G25_comentario (cod_usuario,texto,tipo,cod_comentario) VALUES ('280','sem mollis dui, in sodales elit erat vitae risus. Duis','Respuesta','127');
INSERT INTO G25_comentario (cod_usuario,texto,tipo,cod_comentario) VALUES ('333','vitae risus. Duis a mi fringilla mi lacinia mattis. Integer','Original','128');
INSERT INTO G25_comentario (cod_usuario,texto,tipo,cod_comentario) VALUES ('247','consectetuer mauris id sapien. Cras dolor dolor, tempus non, lacinia','Original','129');
INSERT INTO G25_comentario (cod_usuario,texto,tipo,cod_comentario) VALUES ('190','eget, volutpat ornare, facilisis eget, ipsum. Donec sollicitudin adipiscing ligula.','Original','130');
INSERT INTO G25_comentario (cod_usuario,texto,tipo,cod_comentario) VALUES ('339','nisi a odio semper cursus. Integer mollis. Integer tincidunt aliquam','Respuesta','131');
INSERT INTO G25_comentario (cod_usuario,texto,tipo,cod_comentario) VALUES ('149','Sed id risus quis diam luctus lobortis. Class aptent taciti','Original','132');
INSERT INTO G25_comentario (cod_usuario,texto,tipo,cod_comentario) VALUES ('595','nec, malesuada ut, sem. Nulla interdum. Curabitur dictum. Phasellus in','Respuesta','133');
INSERT INTO G25_comentario (cod_usuario,texto,tipo,cod_comentario) VALUES ('37','Nunc mauris elit, dictum eu, eleifend nec, malesuada ut, sem.','Respuesta','134');
INSERT INTO G25_comentario (cod_usuario,texto,tipo,cod_comentario) VALUES ('428','consectetuer mauris id sapien. Cras dolor dolor, tempus non, lacinia','Original','135');
INSERT INTO G25_comentario (cod_usuario,texto,tipo,cod_comentario) VALUES ('231','ipsum cursus vestibulum. Mauris magna. Duis dignissim tempor arcu. Vestibulum','Respuesta','136');
INSERT INTO G25_comentario (cod_usuario,texto,tipo,cod_comentario) VALUES ('20','ac urna. Ut tincidunt vehicula risus. Nulla eget metus eu','Respuesta','137');
INSERT INTO G25_comentario (cod_usuario,texto,tipo,cod_comentario) VALUES ('119','ante. Nunc mauris sapien, cursus in, hendrerit consectetuer, cursus et,','Respuesta','138');
INSERT INTO G25_comentario (cod_usuario,texto,tipo,cod_comentario) VALUES ('114','consectetuer adipiscing elit. Aliquam auctor, velit eget laoreet posuere, enim','Original','139');
INSERT INTO G25_comentario (cod_usuario,texto,tipo,cod_comentario) VALUES ('465','a, auctor non, feugiat nec, diam. Duis mi enim, condimentum','Respuesta','140');
INSERT INTO G25_comentario (cod_usuario,texto,tipo,cod_comentario) VALUES ('207','nunc sit amet metus. Aliquam erat volutpat. Nulla facilisis. Suspendisse','Respuesta','141');
INSERT INTO G25_comentario (cod_usuario,texto,tipo,cod_comentario) VALUES ('331','dolor. Donec fringilla. Donec feugiat metus sit amet ante. Vivamus','Respuesta','142');
INSERT INTO G25_comentario (cod_usuario,texto,tipo,cod_comentario) VALUES ('148','dictum. Proin eget odio. Aliquam vulputate ullamcorper magna. Sed eu','Original','143');
INSERT INTO G25_comentario (cod_usuario,texto,tipo,cod_comentario) VALUES ('399','aliquet vel, vulputate eu, odio. Phasellus at augue id ante','Original','144');
INSERT INTO G25_comentario (cod_usuario,texto,tipo,cod_comentario) VALUES ('73','vulputate, risus a ultricies adipiscing, enim mi tempor lorem, eget','Respuesta','145');
INSERT INTO G25_comentario (cod_usuario,texto,tipo,cod_comentario) VALUES ('579','Mauris ut quam vel sapien imperdiet ornare. In faucibus. Morbi','Original','146');
INSERT INTO G25_comentario (cod_usuario,texto,tipo,cod_comentario) VALUES ('259','Morbi sit amet massa. Quisque porttitor eros nec tellus. Nunc','Original','147');
INSERT INTO G25_comentario (cod_usuario,texto,tipo,cod_comentario) VALUES ('417','nec luctus felis purus ac tellus. Suspendisse sed dolor. Fusce','Original','148');
INSERT INTO G25_comentario (cod_usuario,texto,tipo,cod_comentario) VALUES ('455','dignissim magna a tortor. Nunc commodo auctor velit. Aliquam nisl.','Original','149');
INSERT INTO G25_comentario (cod_usuario,texto,tipo,cod_comentario) VALUES ('274','quis accumsan convallis, ante lectus convallis est, vitae sodales nisi','Original','150');
INSERT INTO G25_comentario (cod_usuario,texto,tipo,cod_comentario) VALUES ('283','Integer eu lacus. Quisque imperdiet, erat nonummy ultricies ornare, elit','Original','151');
INSERT INTO G25_comentario (cod_usuario,texto,tipo,cod_comentario) VALUES ('337','metus. Vivamus euismod urna. Nullam lobortis quam a felis ullamcorper','Original','152');
INSERT INTO G25_comentario (cod_usuario,texto,tipo,cod_comentario) VALUES ('545','ac facilisis facilisis, magna tellus faucibus leo, in lobortis tellus','Original','153');
INSERT INTO G25_comentario (cod_usuario,texto,tipo,cod_comentario) VALUES ('263','per inceptos hymenaeos. Mauris ut quam vel sapien imperdiet ornare.','Respuesta','154');
INSERT INTO G25_comentario (cod_usuario,texto,tipo,cod_comentario) VALUES ('89','Nam porttitor scelerisque neque. Nullam nisl. Maecenas malesuada fringilla est.','Original','155');
INSERT INTO G25_comentario (cod_usuario,texto,tipo,cod_comentario) VALUES ('297','Aliquam rutrum lorem ac risus. Morbi metus. Vivamus euismod urna.','Respuesta','156');
INSERT INTO G25_comentario (cod_usuario,texto,tipo,cod_comentario) VALUES ('244','eget, venenatis a, magna. Lorem ipsum dolor sit amet, consectetuer','Original','157');
INSERT INTO G25_comentario (cod_usuario,texto,tipo,cod_comentario) VALUES ('208','purus, in molestie tortor nibh sit amet orci. Ut sagittis','Respuesta','158');
INSERT INTO G25_comentario (cod_usuario,texto,tipo,cod_comentario) VALUES ('523','Curae; Phasellus ornare. Fusce mollis. Duis sit amet diam eu','Original','159');
INSERT INTO G25_comentario (cod_usuario,texto,tipo,cod_comentario) VALUES ('234','a tortor. Nunc commodo auctor velit. Aliquam nisl. Nulla eu','Respuesta','160');
INSERT INTO G25_comentario (cod_usuario,texto,tipo,cod_comentario) VALUES ('132','sagittis. Duis gravida. Praesent eu nulla at sem molestie sodales.','Respuesta','161');
INSERT INTO G25_comentario (cod_usuario,texto,tipo,cod_comentario) VALUES ('554','pharetra. Nam ac nulla. In tincidunt congue turpis. In condimentum.','Respuesta','162');
INSERT INTO G25_comentario (cod_usuario,texto,tipo,cod_comentario) VALUES ('450','eu tellus. Phasellus elit pede, malesuada vel, venenatis vel, faucibus','Original','163');
INSERT INTO G25_comentario (cod_usuario,texto,tipo,cod_comentario) VALUES ('413','senectus et netus et malesuada fames ac turpis egestas. Fusce','Respuesta','164');
INSERT INTO G25_comentario (cod_usuario,texto,tipo,cod_comentario) VALUES ('480','mauris eu elit. Nulla facilisi. Sed neque. Sed eget lacus.','Original','165');
INSERT INTO G25_comentario (cod_usuario,texto,tipo,cod_comentario) VALUES ('478','lacinia orci, consectetuer euismod est arcu ac orci. Ut semper','Original','166');
INSERT INTO G25_comentario (cod_usuario,texto,tipo,cod_comentario) VALUES ('37','dictum. Proin eget odio. Aliquam vulputate ullamcorper magna. Sed eu','Original','167');
INSERT INTO G25_comentario (cod_usuario,texto,tipo,cod_comentario) VALUES ('377','odio a purus. Duis elementum, dui quis accumsan convallis, ante','Respuesta','168');
INSERT INTO G25_comentario (cod_usuario,texto,tipo,cod_comentario) VALUES ('416','et magnis dis parturient montes, nascetur ridiculus mus. Proin vel','Respuesta','169');
INSERT INTO G25_comentario (cod_usuario,texto,tipo,cod_comentario) VALUES ('268','quam dignissim pharetra. Nam ac nulla. In tincidunt congue turpis.','Respuesta','170');
INSERT INTO G25_comentario (cod_usuario,texto,tipo,cod_comentario) VALUES ('398','mi felis, adipiscing fringilla, porttitor vulputate, posuere vulputate, lacus. Cras','Respuesta','171');
INSERT INTO G25_comentario (cod_usuario,texto,tipo,cod_comentario) VALUES ('411','scelerisque neque sed sem egestas blandit. Nam nulla magna, malesuada','Respuesta','172');
INSERT INTO G25_comentario (cod_usuario,texto,tipo,cod_comentario) VALUES ('38','nulla. Donec non justo. Proin non massa non ante bibendum','Original','173');
INSERT INTO G25_comentario (cod_usuario,texto,tipo,cod_comentario) VALUES ('26','ornare lectus justo eu arcu. Morbi sit amet massa. Quisque','Original','174');
INSERT INTO G25_comentario (cod_usuario,texto,tipo,cod_comentario) VALUES ('175','amet risus. Donec egestas. Aliquam nec enim. Nunc ut erat.','Original','175');
INSERT INTO G25_comentario (cod_usuario,texto,tipo,cod_comentario) VALUES ('557','pede et risus. Quisque libero lacus, varius et, euismod et,','Original','176');
INSERT INTO G25_comentario (cod_usuario,texto,tipo,cod_comentario) VALUES ('550','feugiat non, lobortis quis, pede. Suspendisse dui. Fusce diam nunc,','Original','177');
INSERT INTO G25_comentario (cod_usuario,texto,tipo,cod_comentario) VALUES ('413','et, rutrum non, hendrerit id, ante. Nunc mauris sapien, cursus','Respuesta','178');
INSERT INTO G25_comentario (cod_usuario,texto,tipo,cod_comentario) VALUES ('561','In faucibus. Morbi vehicula. Pellentesque tincidunt tempus risus. Donec egestas.','Original','179');
INSERT INTO G25_comentario (cod_usuario,texto,tipo,cod_comentario) VALUES ('250','pharetra. Nam ac nulla. In tincidunt congue turpis. In condimentum.','Respuesta','180');
INSERT INTO G25_comentario (cod_usuario,texto,tipo,cod_comentario) VALUES ('353','egestas ligula. Nullam feugiat placerat velit. Quisque varius. Nam porttitor','Respuesta','181');
INSERT INTO G25_comentario (cod_usuario,texto,tipo,cod_comentario) VALUES ('551','fames ac turpis egestas. Fusce aliquet magna a neque. Nullam','Respuesta','182');
INSERT INTO G25_comentario (cod_usuario,texto,tipo,cod_comentario) VALUES ('582','vitae odio sagittis semper. Nam tempor diam dictum sapien. Aenean','Original','183');
INSERT INTO G25_comentario (cod_usuario,texto,tipo,cod_comentario) VALUES ('388','aliquet vel, vulputate eu, odio. Phasellus at augue id ante','Original','184');
INSERT INTO G25_comentario (cod_usuario,texto,tipo,cod_comentario) VALUES ('234','convallis, ante lectus convallis est, vitae sodales nisi magna sed','Respuesta','185');
INSERT INTO G25_comentario (cod_usuario,texto,tipo,cod_comentario) VALUES ('207','neque. Nullam nisl. Maecenas malesuada fringilla est. Mauris eu turpis.','Original','186');
INSERT INTO G25_comentario (cod_usuario,texto,tipo,cod_comentario) VALUES ('4','nec tellus. Nunc lectus pede, ultrices a, auctor non, feugiat','Original','187');
INSERT INTO G25_comentario (cod_usuario,texto,tipo,cod_comentario) VALUES ('469','dolor sit amet, consectetuer adipiscing elit. Aliquam auctor, velit eget','Original','188');
INSERT INTO G25_comentario (cod_usuario,texto,tipo,cod_comentario) VALUES ('8','tincidunt, nunc ac mattis ornare, lectus ante dictum mi, ac','Original','189');
INSERT INTO G25_comentario (cod_usuario,texto,tipo,cod_comentario) VALUES ('345','dui, semper et, lacinia vitae, sodales at, velit. Pellentesque ultricies','Original','190');
INSERT INTO G25_comentario (cod_usuario,texto,tipo,cod_comentario) VALUES ('514','ante dictum mi, ac mattis velit justo nec ante. Maecenas','Original','191');
INSERT INTO G25_comentario (cod_usuario,texto,tipo,cod_comentario) VALUES ('45','quam. Pellentesque habitant morbi tristique senectus et netus et malesuada','Original','192');
INSERT INTO G25_comentario (cod_usuario,texto,tipo,cod_comentario) VALUES ('94','nunc. In at pede. Cras vulputate velit eu sem. Pellentesque','Respuesta','193');
INSERT INTO G25_comentario (cod_usuario,texto,tipo,cod_comentario) VALUES ('509','ante lectus convallis est, vitae sodales nisi magna sed dui.','Respuesta','194');
INSERT INTO G25_comentario (cod_usuario,texto,tipo,cod_comentario) VALUES ('502','et netus et malesuada fames ac turpis egestas. Aliquam fringilla','Original','195');
INSERT INTO G25_comentario (cod_usuario,texto,tipo,cod_comentario) VALUES ('555','amet lorem semper auctor. Mauris vel turpis. Aliquam adipiscing lobortis','Respuesta','196');
INSERT INTO G25_comentario (cod_usuario,texto,tipo,cod_comentario) VALUES ('542','lobortis risus. In mi pede, nonummy ut, molestie in, tempus','Respuesta','197');
INSERT INTO G25_comentario (cod_usuario,texto,tipo,cod_comentario) VALUES ('502','Morbi neque tellus, imperdiet non, vestibulum nec, euismod in, dolor.','Respuesta','198');
INSERT INTO G25_comentario (cod_usuario,texto,tipo,cod_comentario) VALUES ('210','elit. Aliquam auctor, velit eget laoreet posuere, enim nisl elementum','Respuesta','199');
INSERT INTO G25_comentario (cod_usuario,texto,tipo,cod_comentario) VALUES ('83','Vestibulum ut eros non enim commodo hendrerit. Donec porttitor tellus','Original','200');
INSERT INTO G25_comentario (cod_usuario,texto,tipo,cod_comentario) VALUES ('304','sem egestas blandit. Nam','Respuesta','201');
INSERT INTO G25_comentario (cod_usuario,texto,tipo,cod_comentario) VALUES ('346','eleifend. Cras sed leo. Cras vehicula aliquet libero. Integer','Original','202');
INSERT INTO G25_comentario (cod_usuario,texto,tipo,cod_comentario) VALUES ('64','nec ante blandit viverra. Donec tempus,','Respuesta','203');
INSERT INTO G25_comentario (cod_usuario,texto,tipo,cod_comentario) VALUES ('512','dis parturient montes, nascetur ridiculus','Respuesta','204');
INSERT INTO G25_comentario (cod_usuario,texto,tipo,cod_comentario) VALUES ('450','urna convallis erat, eget tincidunt dui augue','Original','205');
INSERT INTO G25_comentario (cod_usuario,texto,tipo,cod_comentario) VALUES ('325','ipsum dolor','Respuesta','206');
INSERT INTO G25_comentario (cod_usuario,texto,tipo,cod_comentario) VALUES ('2','Phasellus in felis.','Original','207');
INSERT INTO G25_comentario (cod_usuario,texto,tipo,cod_comentario) VALUES ('288','quam vel sapien imperdiet ornare. In faucibus. Morbi','Original','208');
INSERT INTO G25_comentario (cod_usuario,texto,tipo,cod_comentario) VALUES ('86','malesuada ut,','Original','209');
INSERT INTO G25_comentario (cod_usuario,texto,tipo,cod_comentario) VALUES ('585','hendrerit id, ante. Nunc mauris sapien,','Respuesta','210');
INSERT INTO G25_comentario (cod_usuario,texto,tipo,cod_comentario) VALUES ('78','vel est tempor','Original','211');
INSERT INTO G25_comentario (cod_usuario,texto,tipo,cod_comentario) VALUES ('437','lectus quis massa. Mauris vestibulum, neque sed dictum eleifend, nunc','Respuesta','212');
INSERT INTO G25_comentario (cod_usuario,texto,tipo,cod_comentario) VALUES ('348','elit,','Respuesta','213');
INSERT INTO G25_comentario (cod_usuario,texto,tipo,cod_comentario) VALUES ('126','adipiscing. Mauris molestie','Respuesta','214');
INSERT INTO G25_comentario (cod_usuario,texto,tipo,cod_comentario) VALUES ('293','nibh. Quisque nonummy ipsum non','Original','215');
INSERT INTO G25_comentario (cod_usuario,texto,tipo,cod_comentario) VALUES ('149','dui. Fusce diam nunc,','Respuesta','216');
INSERT INTO G25_comentario (cod_usuario,texto,tipo,cod_comentario) VALUES ('296','non, cursus','Respuesta','217');
INSERT INTO G25_comentario (cod_usuario,texto,tipo,cod_comentario) VALUES ('442','dapibus rutrum, justo. Praesent luctus. Curabitur egestas','Original','218');
INSERT INTO G25_comentario (cod_usuario,texto,tipo,cod_comentario) VALUES ('559','erat neque non quam. Pellentesque habitant morbi tristique senectus et','Original','219');
INSERT INTO G25_comentario (cod_usuario,texto,tipo,cod_comentario) VALUES ('570','Aenean massa. Integer','Original','220');
INSERT INTO G25_comentario (cod_usuario,texto,tipo,cod_comentario) VALUES ('196','dis parturient montes, nascetur ridiculus mus.','Original','221');
INSERT INTO G25_comentario (cod_usuario,texto,tipo,cod_comentario) VALUES ('455','Suspendisse ac metus vitae velit egestas lacinia. Sed congue, elit','Respuesta','222');
INSERT INTO G25_comentario (cod_usuario,texto,tipo,cod_comentario) VALUES ('246','elit. Nulla facilisi. Sed neque. Sed eget lacus. Mauris','Original','223');
INSERT INTO G25_comentario (cod_usuario,texto,tipo,cod_comentario) VALUES ('121','et pede.','Original','224');
INSERT INTO G25_comentario (cod_usuario,texto,tipo,cod_comentario) VALUES ('183','Praesent eu','Respuesta','225');
INSERT INTO G25_comentario (cod_usuario,texto,tipo,cod_comentario) VALUES ('504','consequat, lectus sit amet luctus vulputate, nisi sem','Original','226');
INSERT INTO G25_comentario (cod_usuario,texto,tipo,cod_comentario) VALUES ('417','Mauris vestibulum, neque sed dictum eleifend, nunc risus','Original','227');
INSERT INTO G25_comentario (cod_usuario,texto,tipo,cod_comentario) VALUES ('16','congue a, aliquet vel, vulputate eu,','Respuesta','228');
INSERT INTO G25_comentario (cod_usuario,texto,tipo,cod_comentario) VALUES ('73','ultricies adipiscing, enim mi tempor lorem, eget mollis lectus','Original','229');
INSERT INTO G25_comentario (cod_usuario,texto,tipo,cod_comentario) VALUES ('453','Donec feugiat metus sit amet ante. Vivamus','Respuesta','230');
INSERT INTO G25_comentario (cod_usuario,texto,tipo,cod_comentario) VALUES ('282','ut ipsum ac mi','Original','231');
INSERT INTO G25_comentario (cod_usuario,texto,tipo,cod_comentario) VALUES ('303','iaculis aliquet diam. Sed diam lorem, auctor quis, tristique','Original','232');
INSERT INTO G25_comentario (cod_usuario,texto,tipo,cod_comentario) VALUES ('12','neque non quam. Pellentesque habitant morbi','Original','233');
INSERT INTO G25_comentario (cod_usuario,texto,tipo,cod_comentario) VALUES ('139','pede, malesuada vel, venenatis vel, faucibus id, libero.','Original','234');
INSERT INTO G25_comentario (cod_usuario,texto,tipo,cod_comentario) VALUES ('301','arcu.','Original','235');
INSERT INTO G25_comentario (cod_usuario,texto,tipo,cod_comentario) VALUES ('375','Nulla facilisis. Suspendisse commodo tincidunt nibh. Phasellus nulla.','Original','236');
INSERT INTO G25_comentario (cod_usuario,texto,tipo,cod_comentario) VALUES ('334','convallis erat, eget tincidunt dui augue eu tellus.','Respuesta','237');
INSERT INTO G25_comentario (cod_usuario,texto,tipo,cod_comentario) VALUES ('238','ipsum sodales purus, in molestie tortor nibh sit','Original','238');
INSERT INTO G25_comentario (cod_usuario,texto,tipo,cod_comentario) VALUES ('50','Cras dictum ultricies','Original','239');
INSERT INTO G25_comentario (cod_usuario,texto,tipo,cod_comentario) VALUES ('98','malesuada fringilla est. Mauris eu turpis. Nulla aliquet. Proin','Respuesta','240');
INSERT INTO G25_comentario (cod_usuario,texto,tipo,cod_comentario) VALUES ('255','dolor quam, elementum','Original','241');
INSERT INTO G25_comentario (cod_usuario,texto,tipo,cod_comentario) VALUES ('594','et, rutrum non, hendrerit id, ante. Nunc','Respuesta','242');
INSERT INTO G25_comentario (cod_usuario,texto,tipo,cod_comentario) VALUES ('436','Quisque purus','Respuesta','243');
INSERT INTO G25_comentario (cod_usuario,texto,tipo,cod_comentario) VALUES ('531','ipsum non arcu. Vivamus sit amet risus. Donec egestas.','Respuesta','244');
INSERT INTO G25_comentario (cod_usuario,texto,tipo,cod_comentario) VALUES ('395','elit sed consequat auctor, nunc nulla vulputate dui,','Respuesta','245');
INSERT INTO G25_comentario (cod_usuario,texto,tipo,cod_comentario) VALUES ('278','sem ut dolor','Original','246');
INSERT INTO G25_comentario (cod_usuario,texto,tipo,cod_comentario) VALUES ('313','sagittis semper. Nam tempor diam','Original','247');
INSERT INTO G25_comentario (cod_usuario,texto,tipo,cod_comentario) VALUES ('213','blandit. Nam nulla magna, malesuada vel,','Original','248');
INSERT INTO G25_comentario (cod_usuario,texto,tipo,cod_comentario) VALUES ('458','eleifend, nunc risus varius orci, in consequat enim diam vel','Original','249');
INSERT INTO G25_comentario (cod_usuario,texto,tipo,cod_comentario) VALUES ('341','rhoncus.','Respuesta','250');
INSERT INTO G25_comentario (cod_usuario,texto,tipo,cod_comentario) VALUES ('97','natoque penatibus et','Respuesta','251');
INSERT INTO G25_comentario (cod_usuario,texto,tipo,cod_comentario) VALUES ('90','Suspendisse aliquet molestie tellus. Aenean egestas hendrerit neque.','Original','252');
INSERT INTO G25_comentario (cod_usuario,texto,tipo,cod_comentario) VALUES ('274','egestas blandit. Nam','Original','253');
INSERT INTO G25_comentario (cod_usuario,texto,tipo,cod_comentario) VALUES ('276','accumsan convallis, ante lectus convallis est, vitae sodales','Original','254');
INSERT INTO G25_comentario (cod_usuario,texto,tipo,cod_comentario) VALUES ('142','nec ante blandit viverra. Donec tempus,','Original','255');
INSERT INTO G25_comentario (cod_usuario,texto,tipo,cod_comentario) VALUES ('71','ac, eleifend vitae, erat. Vivamus nisi.','Original','256');
INSERT INTO G25_comentario (cod_usuario,texto,tipo,cod_comentario) VALUES ('256','vel, faucibus id, libero. Donec consectetuer mauris id sapien.','Original','257');
INSERT INTO G25_comentario (cod_usuario,texto,tipo,cod_comentario) VALUES ('491','molestie pharetra nibh. Aliquam ornare, libero at auctor ullamcorper,','Original','258');
INSERT INTO G25_comentario (cod_usuario,texto,tipo,cod_comentario) VALUES ('77','id, erat. Etiam vestibulum massa rutrum magna. Cras convallis convallis','Respuesta','259');
INSERT INTO G25_comentario (cod_usuario,texto,tipo,cod_comentario) VALUES ('404','odio. Nam interdum enim non nisi.','Respuesta','260');
INSERT INTO G25_comentario (cod_usuario,texto,tipo,cod_comentario) VALUES ('444','arcu et pede. Nunc sed orci lobortis augue scelerisque mollis.','Respuesta','261');
INSERT INTO G25_comentario (cod_usuario,texto,tipo,cod_comentario) VALUES ('435','ante dictum cursus. Nunc mauris elit,','Original','262');
INSERT INTO G25_comentario (cod_usuario,texto,tipo,cod_comentario) VALUES ('62','luctus. Curabitur egestas nunc sed libero. Proin sed turpis','Respuesta','263');
INSERT INTO G25_comentario (cod_usuario,texto,tipo,cod_comentario) VALUES ('219','Aliquam nec enim. Nunc ut erat. Sed nunc est, mollis','Original','264');
INSERT INTO G25_comentario (cod_usuario,texto,tipo,cod_comentario) VALUES ('433','magna. Lorem ipsum dolor sit amet, consectetuer adipiscing','Original','265');
INSERT INTO G25_comentario (cod_usuario,texto,tipo,cod_comentario) VALUES ('363','at,','Original','266');
INSERT INTO G25_comentario (cod_usuario,texto,tipo,cod_comentario) VALUES ('4','Ut nec urna et arcu imperdiet','Original','267');
INSERT INTO G25_comentario (cod_usuario,texto,tipo,cod_comentario) VALUES ('24','ultricies','Original','268');
INSERT INTO G25_comentario (cod_usuario,texto,tipo,cod_comentario) VALUES ('22','mi. Duis risus odio, auctor vitae, aliquet nec, imperdiet','Original','269');
INSERT INTO G25_comentario (cod_usuario,texto,tipo,cod_comentario) VALUES ('217','tincidunt congue','Respuesta','270');
INSERT INTO G25_comentario (cod_usuario,texto,tipo,cod_comentario) VALUES ('597','nascetur ridiculus mus.','Respuesta','271');
INSERT INTO G25_comentario (cod_usuario,texto,tipo,cod_comentario) VALUES ('112','ipsum leo elementum sem, vitae aliquam eros turpis','Original','272');
INSERT INTO G25_comentario (cod_usuario,texto,tipo,cod_comentario) VALUES ('309','tempor bibendum. Donec felis orci, adipiscing non, luctus sit amet,','Respuesta','273');
INSERT INTO G25_comentario (cod_usuario,texto,tipo,cod_comentario) VALUES ('4','non quam. Pellentesque habitant morbi tristique senectus et netus et','Respuesta','274');
INSERT INTO G25_comentario (cod_usuario,texto,tipo,cod_comentario) VALUES ('297','magna a tortor. Nunc commodo auctor velit. Aliquam nisl.','Original','275');
INSERT INTO G25_comentario (cod_usuario,texto,tipo,cod_comentario) VALUES ('570','auctor non, feugiat nec, diam.','Original','276');
INSERT INTO G25_comentario (cod_usuario,texto,tipo,cod_comentario) VALUES ('207','lacinia. Sed congue,','Original','277');
INSERT INTO G25_comentario (cod_usuario,texto,tipo,cod_comentario) VALUES ('264','consequat purus. Maecenas libero est,','Respuesta','278');
INSERT INTO G25_comentario (cod_usuario,texto,tipo,cod_comentario) VALUES ('441','et tristique pellentesque, tellus sem mollis dui, in sodales','Original','279');
INSERT INTO G25_comentario (cod_usuario,texto,tipo,cod_comentario) VALUES ('380','Sed pharetra, felis eget varius ultrices, mauris ipsum porta elit,','Respuesta','280');
INSERT INTO G25_comentario (cod_usuario,texto,tipo,cod_comentario) VALUES ('525','litora torquent per','Original','281');
INSERT INTO G25_comentario (cod_usuario,texto,tipo,cod_comentario) VALUES ('139','Quisque libero','Original','282');
INSERT INTO G25_comentario (cod_usuario,texto,tipo,cod_comentario) VALUES ('582','risus quis diam luctus lobortis. Class','Original','283');
INSERT INTO G25_comentario (cod_usuario,texto,tipo,cod_comentario) VALUES ('43','amet luctus vulputate, nisi sem semper','Respuesta','284');
INSERT INTO G25_comentario (cod_usuario,texto,tipo,cod_comentario) VALUES ('512','dolor. Donec fringilla. Donec feugiat metus sit','Respuesta','285');
INSERT INTO G25_comentario (cod_usuario,texto,tipo,cod_comentario) VALUES ('70','ante ipsum primis','Original','286');
INSERT INTO G25_comentario (cod_usuario,texto,tipo,cod_comentario) VALUES ('84','Phasellus fermentum convallis ligula. Donec luctus','Original','287');
INSERT INTO G25_comentario (cod_usuario,texto,tipo,cod_comentario) VALUES ('277','et nunc. Quisque ornare tortor at risus.','Respuesta','288');
INSERT INTO G25_comentario (cod_usuario,texto,tipo,cod_comentario) VALUES ('524','Sed neque.','Respuesta','289');
INSERT INTO G25_comentario (cod_usuario,texto,tipo,cod_comentario) VALUES ('175','ipsum porta','Respuesta','290');
INSERT INTO G25_comentario (cod_usuario,texto,tipo,cod_comentario) VALUES ('410','ante','Original','291');
INSERT INTO G25_comentario (cod_usuario,texto,tipo,cod_comentario) VALUES ('392','congue','Original','292');
INSERT INTO G25_comentario (cod_usuario,texto,tipo,cod_comentario) VALUES ('439','a mi fringilla','Original','293');
INSERT INTO G25_comentario (cod_usuario,texto,tipo,cod_comentario) VALUES ('349','est. Nunc ullamcorper, velit in aliquet','Original','294');
INSERT INTO G25_comentario (cod_usuario,texto,tipo,cod_comentario) VALUES ('26','est ac mattis semper, dui','Original','295');
INSERT INTO G25_comentario (cod_usuario,texto,tipo,cod_comentario) VALUES ('43','lorem ut aliquam iaculis, lacus','Original','296');
INSERT INTO G25_comentario (cod_usuario,texto,tipo,cod_comentario) VALUES ('353','sed','Original','297');
INSERT INTO G25_comentario (cod_usuario,texto,tipo,cod_comentario) VALUES ('95','Integer vitae nibh. Donec est mauris, rhoncus id, mollis','Original','298');
INSERT INTO G25_comentario (cod_usuario,texto,tipo,cod_comentario) VALUES ('578','magna. Ut tincidunt orci','Original','299');
INSERT INTO G25_comentario (cod_usuario,texto,tipo,cod_comentario) VALUES ('238','dolor vitae dolor. Donec fringilla. Donec feugiat metus','Respuesta','300');
INSERT INTO G25_comentario (cod_usuario,texto,tipo,cod_comentario) VALUES ('35','mauris ut mi. Duis risus odio, auctor vitae, aliquet nec,','Original','301');
INSERT INTO G25_comentario (cod_usuario,texto,tipo,cod_comentario) VALUES ('267','lobortis quam a felis ullamcorper viverra. Maecenas','Respuesta','302');
INSERT INTO G25_comentario (cod_usuario,texto,tipo,cod_comentario) VALUES ('88','Fusce feugiat. Lorem ipsum dolor sit amet, consectetuer adipiscing','Respuesta','303');
INSERT INTO G25_comentario (cod_usuario,texto,tipo,cod_comentario) VALUES ('156','gravida. Praesent eu nulla at sem molestie sodales. Mauris','Original','304');
INSERT INTO G25_comentario (cod_usuario,texto,tipo,cod_comentario) VALUES ('529','Donec at arcu.','Respuesta','305');
INSERT INTO G25_comentario (cod_usuario,texto,tipo,cod_comentario) VALUES ('51','erat volutpat. Nulla facilisis. Suspendisse commodo tincidunt nibh. Phasellus','Respuesta','306');
INSERT INTO G25_comentario (cod_usuario,texto,tipo,cod_comentario) VALUES ('105','pede nec ante blandit viverra.','Original','307');
INSERT INTO G25_comentario (cod_usuario,texto,tipo,cod_comentario) VALUES ('142','lobortis ultrices. Vivamus rhoncus. Donec est. Nunc ullamcorper,','Respuesta','308');
INSERT INTO G25_comentario (cod_usuario,texto,tipo,cod_comentario) VALUES ('421','mi, ac mattis velit justo nec ante.','Respuesta','309');
INSERT INTO G25_comentario (cod_usuario,texto,tipo,cod_comentario) VALUES ('208','id, libero. Donec','Respuesta','310');
INSERT INTO G25_comentario (cod_usuario,texto,tipo,cod_comentario) VALUES ('85','arcu ac orci. Ut semper pretium neque.','Respuesta','311');
INSERT INTO G25_comentario (cod_usuario,texto,tipo,cod_comentario) VALUES ('269','vitae, posuere at, velit. Cras lorem lorem, luctus ut,','Respuesta','312');
INSERT INTO G25_comentario (cod_usuario,texto,tipo,cod_comentario) VALUES ('47','diam. Sed diam lorem, auctor quis, tristique ac, eleifend vitae,','Respuesta','313');
INSERT INTO G25_comentario (cod_usuario,texto,tipo,cod_comentario) VALUES ('498','tempus eu, ligula.','Respuesta','314');
INSERT INTO G25_comentario (cod_usuario,texto,tipo,cod_comentario) VALUES ('429','hendrerit. Donec porttitor tellus non magna. Nam ligula elit,','Original','315');
INSERT INTO G25_comentario (cod_usuario,texto,tipo,cod_comentario) VALUES ('391','consequat nec, mollis','Respuesta','316');
INSERT INTO G25_comentario (cod_usuario,texto,tipo,cod_comentario) VALUES ('567','luctus felis','Respuesta','317');
INSERT INTO G25_comentario (cod_usuario,texto,tipo,cod_comentario) VALUES ('279','Lorem ipsum','Original','318');
INSERT INTO G25_comentario (cod_usuario,texto,tipo,cod_comentario) VALUES ('449','Curabitur sed tortor. Integer aliquam','Respuesta','319');
INSERT INTO G25_comentario (cod_usuario,texto,tipo,cod_comentario) VALUES ('216','nascetur ridiculus mus.','Respuesta','320');
INSERT INTO G25_comentario (cod_usuario,texto,tipo,cod_comentario) VALUES ('132','orci quis lectus. Nullam suscipit, est ac facilisis facilisis,','Respuesta','321');
INSERT INTO G25_comentario (cod_usuario,texto,tipo,cod_comentario) VALUES ('78','mauris, aliquam eu, accumsan sed, facilisis vitae, orci. Phasellus','Original','322');
INSERT INTO G25_comentario (cod_usuario,texto,tipo,cod_comentario) VALUES ('406','tellus sem mollis dui, in sodales elit','Respuesta','323');
INSERT INTO G25_comentario (cod_usuario,texto,tipo,cod_comentario) VALUES ('540','parturient','Original','324');
INSERT INTO G25_comentario (cod_usuario,texto,tipo,cod_comentario) VALUES ('126','tempor diam','Original','325');
INSERT INTO G25_comentario (cod_usuario,texto,tipo,cod_comentario) VALUES ('183','risus. Donec egestas. Duis ac arcu. Nunc mauris. Morbi non','Respuesta','326');
INSERT INTO G25_comentario (cod_usuario,texto,tipo,cod_comentario) VALUES ('243','posuere at, velit.','Original','327');
INSERT INTO G25_comentario (cod_usuario,texto,tipo,cod_comentario) VALUES ('320','Mauris vel turpis. Aliquam adipiscing lobortis risus. In','Original','328');
INSERT INTO G25_comentario (cod_usuario,texto,tipo,cod_comentario) VALUES ('394','mi fringilla mi lacinia mattis. Integer eu lacus.','Original','329');
INSERT INTO G25_comentario (cod_usuario,texto,tipo,cod_comentario) VALUES ('363','Phasellus elit pede, malesuada vel, venenatis vel, faucibus id,','Respuesta','330');
INSERT INTO G25_comentario (cod_usuario,texto,tipo,cod_comentario) VALUES ('290','sit amet nulla. Donec non','Respuesta','331');
INSERT INTO G25_comentario (cod_usuario,texto,tipo,cod_comentario) VALUES ('275','Vestibulum ante ipsum','Original','332');
INSERT INTO G25_comentario (cod_usuario,texto,tipo,cod_comentario) VALUES ('279','consectetuer rhoncus. Nullam velit','Original','333');
INSERT INTO G25_comentario (cod_usuario,texto,tipo,cod_comentario) VALUES ('164','vulputate velit eu sem. Pellentesque ut ipsum','Original','334');
INSERT INTO G25_comentario (cod_usuario,texto,tipo,cod_comentario) VALUES ('541','odio','Respuesta','335');
INSERT INTO G25_comentario (cod_usuario,texto,tipo,cod_comentario) VALUES ('500','Nulla interdum. Curabitur dictum. Phasellus in felis.','Respuesta','336');
INSERT INTO G25_comentario (cod_usuario,texto,tipo,cod_comentario) VALUES ('262','imperdiet ornare. In faucibus. Morbi vehicula. Pellentesque tincidunt tempus risus.','Respuesta','337');
INSERT INTO G25_comentario (cod_usuario,texto,tipo,cod_comentario) VALUES ('506','Donec sollicitudin adipiscing ligula. Aenean gravida nunc sed pede. Cum','Respuesta','338');
INSERT INTO G25_comentario (cod_usuario,texto,tipo,cod_comentario) VALUES ('194','consectetuer euismod est arcu ac orci. Ut semper pretium neque.','Original','339');
INSERT INTO G25_comentario (cod_usuario,texto,tipo,cod_comentario) VALUES ('130','Donec felis orci, adipiscing non, luctus sit amet, faucibus ut,','Original','340');
INSERT INTO G25_comentario (cod_usuario,texto,tipo,cod_comentario) VALUES ('175','amet, faucibus ut, nulla. Cras eu tellus eu','Original','341');
INSERT INTO G25_comentario (cod_usuario,texto,tipo,cod_comentario) VALUES ('244','egestas rhoncus. Proin','Respuesta','342');
INSERT INTO G25_comentario (cod_usuario,texto,tipo,cod_comentario) VALUES ('200','congue. In scelerisque scelerisque dui. Suspendisse ac','Respuesta','343');
INSERT INTO G25_comentario (cod_usuario,texto,tipo,cod_comentario) VALUES ('191','ridiculus mus. Aenean eget magna. Suspendisse tristique neque venenatis lacus.','Original','344');
INSERT INTO G25_comentario (cod_usuario,texto,tipo,cod_comentario) VALUES ('550','tellus sem mollis dui, in sodales elit erat vitae risus.','Original','345');
INSERT INTO G25_comentario (cod_usuario,texto,tipo,cod_comentario) VALUES ('496','Nam interdum','Respuesta','346');
INSERT INTO G25_comentario (cod_usuario,texto,tipo,cod_comentario) VALUES ('27','nunc ac mattis ornare, lectus ante dictum mi,','Respuesta','347');
INSERT INTO G25_comentario (cod_usuario,texto,tipo,cod_comentario) VALUES ('436','sollicitudin commodo ipsum. Suspendisse','Respuesta','348');
INSERT INTO G25_comentario (cod_usuario,texto,tipo,cod_comentario) VALUES ('96','et, rutrum non, hendrerit','Original','349');
INSERT INTO G25_comentario (cod_usuario,texto,tipo,cod_comentario) VALUES ('396','eros. Proin ultrices. Duis volutpat nunc sit amet metus.','Original','350');
INSERT INTO G25_comentario (cod_usuario,texto,tipo,cod_comentario) VALUES ('299','purus gravida sagittis. Duis gravida. Praesent eu','Original','351');
INSERT INTO G25_comentario (cod_usuario,texto,tipo,cod_comentario) VALUES ('324','arcu. Vestibulum ut eros non enim commodo hendrerit. Donec','Respuesta','352');
INSERT INTO G25_comentario (cod_usuario,texto,tipo,cod_comentario) VALUES ('443','facilisi. Sed neque. Sed','Original','353');
INSERT INTO G25_comentario (cod_usuario,texto,tipo,cod_comentario) VALUES ('289','Morbi quis urna.','Original','354');
INSERT INTO G25_comentario (cod_usuario,texto,tipo,cod_comentario) VALUES ('55','sit amet, consectetuer adipiscing elit. Etiam laoreet,','Original','355');
INSERT INTO G25_comentario (cod_usuario,texto,tipo,cod_comentario) VALUES ('7','porta elit, a feugiat tellus lorem eu metus.','Respuesta','356');
INSERT INTO G25_comentario (cod_usuario,texto,tipo,cod_comentario) VALUES ('72','cubilia Curae; Donec tincidunt. Donec','Original','357');
INSERT INTO G25_comentario (cod_usuario,texto,tipo,cod_comentario) VALUES ('138','tristique aliquet. Phasellus fermentum convallis ligula. Donec','Original','358');
INSERT INTO G25_comentario (cod_usuario,texto,tipo,cod_comentario) VALUES ('130','Sed nulla ante, iaculis nec, eleifend non, dapibus rutrum, justo.','Original','359');
INSERT INTO G25_comentario (cod_usuario,texto,tipo,cod_comentario) VALUES ('445','mauris eu','Respuesta','360');
INSERT INTO G25_comentario (cod_usuario,texto,tipo,cod_comentario) VALUES ('287','egestas a, scelerisque sed, sapien.','Original','361');
INSERT INTO G25_comentario (cod_usuario,texto,tipo,cod_comentario) VALUES ('435','lobortis mauris. Suspendisse aliquet molestie tellus. Aenean egestas','Original','362');
INSERT INTO G25_comentario (cod_usuario,texto,tipo,cod_comentario) VALUES ('235','libero. Donec consectetuer','Respuesta','363');
INSERT INTO G25_comentario (cod_usuario,texto,tipo,cod_comentario) VALUES ('598','eros non enim commodo hendrerit.','Respuesta','364');
INSERT INTO G25_comentario (cod_usuario,texto,tipo,cod_comentario) VALUES ('525','euismod et, commodo at,','Respuesta','365');
INSERT INTO G25_comentario (cod_usuario,texto,tipo,cod_comentario) VALUES ('545','ipsum porta elit, a feugiat tellus lorem','Respuesta','366');
INSERT INTO G25_comentario (cod_usuario,texto,tipo,cod_comentario) VALUES ('358','nulla. Integer vulputate, risus','Respuesta','367');
INSERT INTO G25_comentario (cod_usuario,texto,tipo,cod_comentario) VALUES ('292','at','Original','368');
INSERT INTO G25_comentario (cod_usuario,texto,tipo,cod_comentario) VALUES ('311','tortor at risus. Nunc ac sem ut dolor dapibus','Respuesta','369');
INSERT INTO G25_comentario (cod_usuario,texto,tipo,cod_comentario) VALUES ('365','facilisis vitae, orci. Phasellus dapibus','Original','370');
INSERT INTO G25_comentario (cod_usuario,texto,tipo,cod_comentario) VALUES ('403','velit. Sed malesuada augue ut lacus. Nulla','Original','371');
INSERT INTO G25_comentario (cod_usuario,texto,tipo,cod_comentario) VALUES ('91','placerat eget, venenatis a, magna. Lorem ipsum dolor sit amet,','Respuesta','372');
INSERT INTO G25_comentario (cod_usuario,texto,tipo,cod_comentario) VALUES ('164','lorem vitae odio sagittis semper. Nam tempor','Respuesta','373');
INSERT INTO G25_comentario (cod_usuario,texto,tipo,cod_comentario) VALUES ('207','porttitor eros nec tellus. Nunc lectus pede, ultrices a, auctor','Original','374');
INSERT INTO G25_comentario (cod_usuario,texto,tipo,cod_comentario) VALUES ('201','tincidunt tempus','Original','375');
INSERT INTO G25_comentario (cod_usuario,texto,tipo,cod_comentario) VALUES ('167','ipsum','Original','376');
INSERT INTO G25_comentario (cod_usuario,texto,tipo,cod_comentario) VALUES ('567','semper rutrum. Fusce dolor quam, elementum at, egestas','Original','377');
INSERT INTO G25_comentario (cod_usuario,texto,tipo,cod_comentario) VALUES ('63','sed','Original','378');
INSERT INTO G25_comentario (cod_usuario,texto,tipo,cod_comentario) VALUES ('469','Curabitur ut odio vel est tempor bibendum. Donec felis orci,','Original','379');
INSERT INTO G25_comentario (cod_usuario,texto,tipo,cod_comentario) VALUES ('550','euismod ac, fermentum','Respuesta','380');
INSERT INTO G25_comentario (cod_usuario,texto,tipo,cod_comentario) VALUES ('541','eleifend','Respuesta','381');
INSERT INTO G25_comentario (cod_usuario,texto,tipo,cod_comentario) VALUES ('28','eleifend nec, malesuada ut, sem. Nulla interdum.','Respuesta','382');
INSERT INTO G25_comentario (cod_usuario,texto,tipo,cod_comentario) VALUES ('516','Mauris vel turpis. Aliquam adipiscing','Respuesta','383');
INSERT INTO G25_comentario (cod_usuario,texto,tipo,cod_comentario) VALUES ('329','dictum mi, ac mattis velit justo nec ante. Maecenas mi','Respuesta','384');
INSERT INTO G25_comentario (cod_usuario,texto,tipo,cod_comentario) VALUES ('410','sapien. Nunc pulvinar arcu et pede. Nunc sed orci lobortis','Original','385');
INSERT INTO G25_comentario (cod_usuario,texto,tipo,cod_comentario) VALUES ('37','Integer id magna et ipsum cursus','Original','386');
INSERT INTO G25_comentario (cod_usuario,texto,tipo,cod_comentario) VALUES ('324','aliquet','Respuesta','387');
INSERT INTO G25_comentario (cod_usuario,texto,tipo,cod_comentario) VALUES ('136','iaculis quis, pede. Praesent eu dui. Cum sociis','Respuesta','388');
INSERT INTO G25_comentario (cod_usuario,texto,tipo,cod_comentario) VALUES ('490','Vivamus','Original','389');
INSERT INTO G25_comentario (cod_usuario,texto,tipo,cod_comentario) VALUES ('411','nisl sem, consequat nec, mollis vitae,','Original','390');
INSERT INTO G25_comentario (cod_usuario,texto,tipo,cod_comentario) VALUES ('8','penatibus et magnis dis parturient','Original','391');
INSERT INTO G25_comentario (cod_usuario,texto,tipo,cod_comentario) VALUES ('254','Phasellus libero mauris, aliquam eu, accumsan sed,','Respuesta','392');
INSERT INTO G25_comentario (cod_usuario,texto,tipo,cod_comentario) VALUES ('348','et,','Original','393');
INSERT INTO G25_comentario (cod_usuario,texto,tipo,cod_comentario) VALUES ('413','molestie tellus. Aenean egestas hendrerit','Respuesta','394');
INSERT INTO G25_comentario (cod_usuario,texto,tipo,cod_comentario) VALUES ('273','parturient montes, nascetur','Original','395');
INSERT INTO G25_comentario (cod_usuario,texto,tipo,cod_comentario) VALUES ('593','nonummy ultricies ornare, elit','Original','396');
INSERT INTO G25_comentario (cod_usuario,texto,tipo,cod_comentario) VALUES ('200','ornare placerat,','Respuesta','397');
INSERT INTO G25_comentario (cod_usuario,texto,tipo,cod_comentario) VALUES ('439','nisi dictum augue malesuada malesuada. Integer id magna et ipsum','Original','398');
INSERT INTO G25_comentario (cod_usuario,texto,tipo,cod_comentario) VALUES ('210','amet massa. Quisque','Original','399');
INSERT INTO G25_comentario (cod_usuario,texto,tipo,cod_comentario) VALUES ('510','commodo tincidunt nibh. Phasellus','Respuesta','400');
INSERT INTO G25_comentario (cod_usuario,texto,tipo,cod_comentario) VALUES ('455','mi fringilla mi lacinia mattis.','Original','601');
INSERT INTO G25_comentario (cod_usuario,texto,tipo,cod_comentario) VALUES ('317','Nullam feugiat placerat velit. Quisque varius. Nam','Original','602');
INSERT INTO G25_comentario (cod_usuario,texto,tipo,cod_comentario) VALUES ('565','interdum feugiat. Sed','Respuesta','603');
INSERT INTO G25_comentario (cod_usuario,texto,tipo,cod_comentario) VALUES ('500','vestibulum lorem, sit amet','Respuesta','604');
INSERT INTO G25_comentario (cod_usuario,texto,tipo,cod_comentario) VALUES ('515','pharetra nibh.','Original','605');
INSERT INTO G25_comentario (cod_usuario,texto,tipo,cod_comentario) VALUES ('523','mi felis, adipiscing fringilla, porttitor vulputate, posuere vulputate,','Respuesta','606');
INSERT INTO G25_comentario (cod_usuario,texto,tipo,cod_comentario) VALUES ('138','fringilla ornare placerat, orci','Original','607');
INSERT INTO G25_comentario (cod_usuario,texto,tipo,cod_comentario) VALUES ('24','odio sagittis semper. Nam tempor diam dictum sapien. Aenean','Original','608');
INSERT INTO G25_comentario (cod_usuario,texto,tipo,cod_comentario) VALUES ('160','semper pretium neque. Morbi quis urna. Nunc quis arcu vel','Original','609');
INSERT INTO G25_comentario (cod_usuario,texto,tipo,cod_comentario) VALUES ('344','quis,','Original','610');
INSERT INTO G25_comentario (cod_usuario,texto,tipo,cod_comentario) VALUES ('200','placerat eget, venenatis a, magna.','Respuesta','611');
INSERT INTO G25_comentario (cod_usuario,texto,tipo,cod_comentario) VALUES ('451','eget nisi dictum augue malesuada','Original','612');
INSERT INTO G25_comentario (cod_usuario,texto,tipo,cod_comentario) VALUES ('361','est ac facilisis facilisis, magna tellus faucibus leo, in','Respuesta','613');
INSERT INTO G25_comentario (cod_usuario,texto,tipo,cod_comentario) VALUES ('372','dolor. Nulla semper tellus id nunc','Original','614');
INSERT INTO G25_comentario (cod_usuario,texto,tipo,cod_comentario) VALUES ('509','sagittis augue, eu tempor erat','Original','615');
INSERT INTO G25_comentario (cod_usuario,texto,tipo,cod_comentario) VALUES ('167','parturient montes, nascetur ridiculus mus. Donec dignissim magna a tortor.','Original','616');
INSERT INTO G25_comentario (cod_usuario,texto,tipo,cod_comentario) VALUES ('542','odio tristique pharetra. Quisque','Respuesta','617');
INSERT INTO G25_comentario (cod_usuario,texto,tipo,cod_comentario) VALUES ('296','nec, euismod in, dolor. Fusce feugiat. Lorem ipsum dolor sit','Original','618');
INSERT INTO G25_comentario (cod_usuario,texto,tipo,cod_comentario) VALUES ('228','sit amet, consectetuer adipiscing elit. Aliquam auctor, velit','Respuesta','619');
INSERT INTO G25_comentario (cod_usuario,texto,tipo,cod_comentario) VALUES ('131','vel pede blandit congue. In scelerisque','Original','620');
INSERT INTO G25_comentario (cod_usuario,texto,tipo,cod_comentario) VALUES ('236','pharetra nibh. Aliquam ornare,','Respuesta','621');
INSERT INTO G25_comentario (cod_usuario,texto,tipo,cod_comentario) VALUES ('527','magna,','Original','622');
INSERT INTO G25_comentario (cod_usuario,texto,tipo,cod_comentario) VALUES ('288','justo. Proin non massa non ante bibendum ullamcorper.','Original','623');
INSERT INTO G25_comentario (cod_usuario,texto,tipo,cod_comentario) VALUES ('407','Morbi sit amet','Original','624');
INSERT INTO G25_comentario (cod_usuario,texto,tipo,cod_comentario) VALUES ('416','eu, accumsan sed, facilisis vitae, orci. Phasellus','Respuesta','625');
INSERT INTO G25_comentario (cod_usuario,texto,tipo,cod_comentario) VALUES ('367','ullamcorper.','Original','626');
INSERT INTO G25_comentario (cod_usuario,texto,tipo,cod_comentario) VALUES ('487','dolor','Respuesta','627');
INSERT INTO G25_comentario (cod_usuario,texto,tipo,cod_comentario) VALUES ('332','sagittis augue, eu tempor erat neque non quam. Pellentesque','Original','628');
INSERT INTO G25_comentario (cod_usuario,texto,tipo,cod_comentario) VALUES ('120','mauris. Integer','Respuesta','629');
INSERT INTO G25_comentario (cod_usuario,texto,tipo,cod_comentario) VALUES ('110','mi fringilla mi lacinia mattis. Integer eu lacus. Quisque','Original','630');
INSERT INTO G25_comentario (cod_usuario,texto,tipo,cod_comentario) VALUES ('315','magna. Phasellus dolor elit, pellentesque','Respuesta','631');
INSERT INTO G25_comentario (cod_usuario,texto,tipo,cod_comentario) VALUES ('427','eu, placerat eget, venenatis a, magna. Lorem ipsum','Respuesta','632');
INSERT INTO G25_comentario (cod_usuario,texto,tipo,cod_comentario) VALUES ('214','cursus et, magna. Praesent interdum ligula eu enim. Etiam','Original','633');
INSERT INTO G25_comentario (cod_usuario,texto,tipo,cod_comentario) VALUES ('528','nunc, ullamcorper eu, euismod ac, fermentum vel,','Original','634');
INSERT INTO G25_comentario (cod_usuario,texto,tipo,cod_comentario) VALUES ('365','dignissim','Respuesta','635');
INSERT INTO G25_comentario (cod_usuario,texto,tipo,cod_comentario) VALUES ('562','non, cursus non, egestas a, dui.','Respuesta','636');
INSERT INTO G25_comentario (cod_usuario,texto,tipo,cod_comentario) VALUES ('416','eu','Original','637');
INSERT INTO G25_comentario (cod_usuario,texto,tipo,cod_comentario) VALUES ('532','ligula.','Respuesta','638');
INSERT INTO G25_comentario (cod_usuario,texto,tipo,cod_comentario) VALUES ('257','Donec non justo. Proin non massa non ante bibendum ullamcorper.','Respuesta','639');
INSERT INTO G25_comentario (cod_usuario,texto,tipo,cod_comentario) VALUES ('406','ante, iaculis nec, eleifend','Respuesta','640');
INSERT INTO G25_comentario (cod_usuario,texto,tipo,cod_comentario) VALUES ('138','accumsan interdum','Respuesta','641');
INSERT INTO G25_comentario (cod_usuario,texto,tipo,cod_comentario) VALUES ('440','sem mollis dui, in sodales elit erat vitae risus. Duis','Respuesta','642');
INSERT INTO G25_comentario (cod_usuario,texto,tipo,cod_comentario) VALUES ('20','purus ac tellus. Suspendisse sed dolor.','Original','643');
INSERT INTO G25_comentario (cod_usuario,texto,tipo,cod_comentario) VALUES ('43','erat. Sed nunc est, mollis non, cursus','Original','644');
INSERT INTO G25_comentario (cod_usuario,texto,tipo,cod_comentario) VALUES ('403','tempus non, lacinia at,','Original','645');
INSERT INTO G25_comentario (cod_usuario,texto,tipo,cod_comentario) VALUES ('197','Sed et','Original','646');
INSERT INTO G25_comentario (cod_usuario,texto,tipo,cod_comentario) VALUES ('79','libero lacus, varius et, euismod et,','Original','647');
INSERT INTO G25_comentario (cod_usuario,texto,tipo,cod_comentario) VALUES ('582','Donec elementum, lorem ut aliquam','Respuesta','648');
INSERT INTO G25_comentario (cod_usuario,texto,tipo,cod_comentario) VALUES ('339','porttitor eros nec tellus. Nunc lectus pede, ultrices a,','Respuesta','649');
INSERT INTO G25_comentario (cod_usuario,texto,tipo,cod_comentario) VALUES ('474','dolor, tempus','Original','650');
INSERT INTO G25_comentario (cod_usuario,texto,tipo,cod_comentario) VALUES ('367','tristique pellentesque,','Original','651');
INSERT INTO G25_comentario (cod_usuario,texto,tipo,cod_comentario) VALUES ('445','est tempor bibendum. Donec felis orci, adipiscing non, luctus','Respuesta','652');
INSERT INTO G25_comentario (cod_usuario,texto,tipo,cod_comentario) VALUES ('125','libero.','Original','653');
INSERT INTO G25_comentario (cod_usuario,texto,tipo,cod_comentario) VALUES ('154','nibh. Aliquam ornare, libero at auctor ullamcorper, nisl arcu iaculis','Respuesta','654');
INSERT INTO G25_comentario (cod_usuario,texto,tipo,cod_comentario) VALUES ('305','tempor augue','Respuesta','655');
INSERT INTO G25_comentario (cod_usuario,texto,tipo,cod_comentario) VALUES ('371','lectus.','Respuesta','656');
INSERT INTO G25_comentario (cod_usuario,texto,tipo,cod_comentario) VALUES ('518','tortor nibh sit amet orci. Ut sagittis lobortis mauris. Suspendisse','Original','657');
INSERT INTO G25_comentario (cod_usuario,texto,tipo,cod_comentario) VALUES ('48','sodales purus,','Original','658');
INSERT INTO G25_comentario (cod_usuario,texto,tipo,cod_comentario) VALUES ('151','nisi. Mauris nulla.','Original','659');
INSERT INTO G25_comentario (cod_usuario,texto,tipo,cod_comentario) VALUES ('94','lacus. Nulla tincidunt, neque vitae semper egestas, urna justo','Respuesta','660');
INSERT INTO G25_comentario (cod_usuario,texto,tipo,cod_comentario) VALUES ('538','at, libero. Morbi accumsan','Respuesta','661');
INSERT INTO G25_comentario (cod_usuario,texto,tipo,cod_comentario) VALUES ('181','dictum ultricies','Original','662');
INSERT INTO G25_comentario (cod_usuario,texto,tipo,cod_comentario) VALUES ('222','orci tincidunt adipiscing. Mauris molestie pharetra nibh. Aliquam','Original','663');
INSERT INTO G25_comentario (cod_usuario,texto,tipo,cod_comentario) VALUES ('454','purus. Maecenas libero est, congue a, aliquet vel, vulputate eu,','Original','664');
INSERT INTO G25_comentario (cod_usuario,texto,tipo,cod_comentario) VALUES ('564','vel sapien imperdiet ornare. In faucibus. Morbi','Respuesta','665');
INSERT INTO G25_comentario (cod_usuario,texto,tipo,cod_comentario) VALUES ('458','arcu ac orci. Ut semper pretium neque. Morbi','Respuesta','666');
INSERT INTO G25_comentario (cod_usuario,texto,tipo,cod_comentario) VALUES ('5','elit.','Respuesta','667');
INSERT INTO G25_comentario (cod_usuario,texto,tipo,cod_comentario) VALUES ('537','mus. Proin vel nisl. Quisque','Original','668');
INSERT INTO G25_comentario (cod_usuario,texto,tipo,cod_comentario) VALUES ('465','Cras interdum. Nunc sollicitudin commodo','Respuesta','669');
INSERT INTO G25_comentario (cod_usuario,texto,tipo,cod_comentario) VALUES ('365','a ultricies adipiscing, enim mi','Original','670');
INSERT INTO G25_comentario (cod_usuario,texto,tipo,cod_comentario) VALUES ('124','hendrerit a,','Original','671');
INSERT INTO G25_comentario (cod_usuario,texto,tipo,cod_comentario) VALUES ('78','hendrerit id,','Respuesta','672');
INSERT INTO G25_comentario (cod_usuario,texto,tipo,cod_comentario) VALUES ('468','Aenean eget metus. In nec orci. Donec nibh. Quisque','Original','673');
INSERT INTO G25_comentario (cod_usuario,texto,tipo,cod_comentario) VALUES ('358','nec mauris blandit mattis. Cras eget nisi dictum','Original','674');
INSERT INTO G25_comentario (cod_usuario,texto,tipo,cod_comentario) VALUES ('527','tellus id nunc interdum feugiat. Sed','Original','675');
INSERT INTO G25_comentario (cod_usuario,texto,tipo,cod_comentario) VALUES ('579','et ipsum cursus','Original','676');
INSERT INTO G25_comentario (cod_usuario,texto,tipo,cod_comentario) VALUES ('427','fringilla purus mauris a nunc. In','Respuesta','677');
INSERT INTO G25_comentario (cod_usuario,texto,tipo,cod_comentario) VALUES ('589','nisl arcu iaculis enim, sit amet ornare','Respuesta','678');
INSERT INTO G25_comentario (cod_usuario,texto,tipo,cod_comentario) VALUES ('519','ut cursus luctus,','Original','679');
INSERT INTO G25_comentario (cod_usuario,texto,tipo,cod_comentario) VALUES ('234','morbi tristique senectus et netus et malesuada fames','Respuesta','680');
INSERT INTO G25_comentario (cod_usuario,texto,tipo,cod_comentario) VALUES ('347','pretium neque.','Respuesta','681');
INSERT INTO G25_comentario (cod_usuario,texto,tipo,cod_comentario) VALUES ('569','aliquet odio. Etiam','Original','682');
INSERT INTO G25_comentario (cod_usuario,texto,tipo,cod_comentario) VALUES ('494','Ut tincidunt orci quis lectus. Nullam','Original','683');
INSERT INTO G25_comentario (cod_usuario,texto,tipo,cod_comentario) VALUES ('498','Proin vel','Original','684');
INSERT INTO G25_comentario (cod_usuario,texto,tipo,cod_comentario) VALUES ('397','fringilla cursus purus. Nullam','Original','685');
INSERT INTO G25_comentario (cod_usuario,texto,tipo,cod_comentario) VALUES ('20','eget varius','Original','686');
INSERT INTO G25_comentario (cod_usuario,texto,tipo,cod_comentario) VALUES ('245','lectus pede et risus. Quisque libero lacus, varius et, euismod','Original','687');
INSERT INTO G25_comentario (cod_usuario,texto,tipo,cod_comentario) VALUES ('420','sem elit, pharetra ut, pharetra sed, hendrerit a, arcu. Sed','Respuesta','688');
INSERT INTO G25_comentario (cod_usuario,texto,tipo,cod_comentario) VALUES ('64','amet, faucibus ut, nulla. Cras eu tellus','Respuesta','689');
INSERT INTO G25_comentario (cod_usuario,texto,tipo,cod_comentario) VALUES ('564','commodo tincidunt nibh.','Original','690');
INSERT INTO G25_comentario (cod_usuario,texto,tipo,cod_comentario) VALUES ('459','justo. Praesent luctus. Curabitur egestas','Original','691');
INSERT INTO G25_comentario (cod_usuario,texto,tipo,cod_comentario) VALUES ('379','sagittis','Respuesta','692');
INSERT INTO G25_comentario (cod_usuario,texto,tipo,cod_comentario) VALUES ('245','lectus ante dictum mi, ac mattis velit justo nec ante.','Respuesta','693');
INSERT INTO G25_comentario (cod_usuario,texto,tipo,cod_comentario) VALUES ('83','ac libero nec ligula consectetuer rhoncus. Nullam velit','Original','694');
INSERT INTO G25_comentario (cod_usuario,texto,tipo,cod_comentario) VALUES ('438','rhoncus. Nullam velit','Respuesta','695');
INSERT INTO G25_comentario (cod_usuario,texto,tipo,cod_comentario) VALUES ('112','consectetuer euismod est arcu','Respuesta','696');
INSERT INTO G25_comentario (cod_usuario,texto,tipo,cod_comentario) VALUES ('589','vitae, sodales','Original','697');
INSERT INTO G25_comentario (cod_usuario,texto,tipo,cod_comentario) VALUES ('228','magnis dis parturient','Respuesta','698');
INSERT INTO G25_comentario (cod_usuario,texto,tipo,cod_comentario) VALUES ('418','tincidunt. Donec vitae','Respuesta','699');
INSERT INTO G25_comentario (cod_usuario,texto,tipo,cod_comentario) VALUES ('178','bibendum ullamcorper. Duis cursus, diam at pretium aliquet, metus','Original','700');
INSERT INTO G25_comentario (cod_usuario,texto,tipo,cod_comentario) VALUES ('512','enim. Suspendisse aliquet, sem ut cursus','Original','701');
INSERT INTO G25_comentario (cod_usuario,texto,tipo,cod_comentario) VALUES ('183','nibh vulputate mauris sagittis placerat.','Respuesta','702');
INSERT INTO G25_comentario (cod_usuario,texto,tipo,cod_comentario) VALUES ('429','quis accumsan convallis, ante lectus convallis est, vitae sodales','Original','703');
INSERT INTO G25_comentario (cod_usuario,texto,tipo,cod_comentario) VALUES ('108','augue ac','Respuesta','704');
INSERT INTO G25_comentario (cod_usuario,texto,tipo,cod_comentario) VALUES ('194','Integer tincidunt aliquam arcu. Aliquam ultrices','Original','705');
INSERT INTO G25_comentario (cod_usuario,texto,tipo,cod_comentario) VALUES ('457','pede sagittis augue, eu tempor erat neque non','Respuesta','706');
INSERT INTO G25_comentario (cod_usuario,texto,tipo,cod_comentario) VALUES ('591','a, magna. Lorem ipsum dolor sit','Respuesta','707');
INSERT INTO G25_comentario (cod_usuario,texto,tipo,cod_comentario) VALUES ('266','euismod in, dolor. Fusce','Respuesta','708');
INSERT INTO G25_comentario (cod_usuario,texto,tipo,cod_comentario) VALUES ('568','molestie orci','Respuesta','709');
INSERT INTO G25_comentario (cod_usuario,texto,tipo,cod_comentario) VALUES ('367','Morbi non sapien molestie orci tincidunt adipiscing. Mauris molestie','Respuesta','710');
INSERT INTO G25_comentario (cod_usuario,texto,tipo,cod_comentario) VALUES ('415','fermentum arcu. Vestibulum ante ipsum primis in faucibus','Original','711');
INSERT INTO G25_comentario (cod_usuario,texto,tipo,cod_comentario) VALUES ('548','Ut tincidunt vehicula risus. Nulla','Respuesta','712');
INSERT INTO G25_comentario (cod_usuario,texto,tipo,cod_comentario) VALUES ('573','porttitor vulputate,','Original','713');
INSERT INTO G25_comentario (cod_usuario,texto,tipo,cod_comentario) VALUES ('522','est, congue a, aliquet vel, vulputate eu, odio.','Original','714');
INSERT INTO G25_comentario (cod_usuario,texto,tipo,cod_comentario) VALUES ('215','diam dictum sapien. Aenean massa. Integer vitae nibh. Donec est','Original','715');
INSERT INTO G25_comentario (cod_usuario,texto,tipo,cod_comentario) VALUES ('212','arcu. Vivamus','Respuesta','716');
INSERT INTO G25_comentario (cod_usuario,texto,tipo,cod_comentario) VALUES ('148','Curabitur egestas nunc sed','Original','717');
INSERT INTO G25_comentario (cod_usuario,texto,tipo,cod_comentario) VALUES ('118','dictum eu, eleifend nec, malesuada ut, sem. Nulla interdum.','Original','718');
INSERT INTO G25_comentario (cod_usuario,texto,tipo,cod_comentario) VALUES ('347','Suspendisse sagittis. Nullam vitae diam.','Respuesta','719');
INSERT INTO G25_comentario (cod_usuario,texto,tipo,cod_comentario) VALUES ('494','turpis. In condimentum. Donec at arcu. Vestibulum ante','Original','720');
INSERT INTO G25_comentario (cod_usuario,texto,tipo,cod_comentario) VALUES ('540','felis. Donec tempor, est ac mattis semper,','Original','721');
INSERT INTO G25_comentario (cod_usuario,texto,tipo,cod_comentario) VALUES ('264','aliquet, metus urna convallis erat, eget tincidunt','Original','722');
INSERT INTO G25_comentario (cod_usuario,texto,tipo,cod_comentario) VALUES ('369','dictum magna. Ut tincidunt orci quis lectus. Nullam','Original','723');
INSERT INTO G25_comentario (cod_usuario,texto,tipo,cod_comentario) VALUES ('524','litora torquent per conubia nostra, per inceptos','Respuesta','724');
INSERT INTO G25_comentario (cod_usuario,texto,tipo,cod_comentario) VALUES ('42','mi. Duis risus odio, auctor vitae, aliquet nec, imperdiet','Respuesta','725');
INSERT INTO G25_comentario (cod_usuario,texto,tipo,cod_comentario) VALUES ('386','eros turpis','Respuesta','726');
INSERT INTO G25_comentario (cod_usuario,texto,tipo,cod_comentario) VALUES ('339','est arcu ac orci. Ut semper pretium neque. Morbi quis','Respuesta','727');
INSERT INTO G25_comentario (cod_usuario,texto,tipo,cod_comentario) VALUES ('420','sem molestie sodales. Mauris blandit','Original','728');
INSERT INTO G25_comentario (cod_usuario,texto,tipo,cod_comentario) VALUES ('56','Sed diam lorem, auctor quis, tristique ac,','Original','729');
INSERT INTO G25_comentario (cod_usuario,texto,tipo,cod_comentario) VALUES ('190','sociis natoque penatibus et magnis dis parturient montes, nascetur ridiculus','Original','730');
INSERT INTO G25_comentario (cod_usuario,texto,tipo,cod_comentario) VALUES ('444','lacus, varius et, euismod et, commodo at, libero. Morbi accumsan','Original','731');
INSERT INTO G25_comentario (cod_usuario,texto,tipo,cod_comentario) VALUES ('368','orci luctus','Original','732');
INSERT INTO G25_comentario (cod_usuario,texto,tipo,cod_comentario) VALUES ('583','Suspendisse non leo. Vivamus nibh dolor, nonummy ac,','Original','733');
INSERT INTO G25_comentario (cod_usuario,texto,tipo,cod_comentario) VALUES ('518','Donec','Respuesta','734');
INSERT INTO G25_comentario (cod_usuario,texto,tipo,cod_comentario) VALUES ('6','fringilla purus mauris a nunc. In','Original','735');
INSERT INTO G25_comentario (cod_usuario,texto,tipo,cod_comentario) VALUES ('587','nec tellus. Nunc lectus pede, ultrices a, auctor non, feugiat','Respuesta','736');
INSERT INTO G25_comentario (cod_usuario,texto,tipo,cod_comentario) VALUES ('379','facilisis, magna tellus faucibus leo, in lobortis','Original','737');
INSERT INTO G25_comentario (cod_usuario,texto,tipo,cod_comentario) VALUES ('394','amet metus. Aliquam erat volutpat. Nulla facilisis. Suspendisse commodo tincidunt','Respuesta','738');
INSERT INTO G25_comentario (cod_usuario,texto,tipo,cod_comentario) VALUES ('512','aliquam adipiscing lacus. Ut nec urna et arcu','Respuesta','739');
INSERT INTO G25_comentario (cod_usuario,texto,tipo,cod_comentario) VALUES ('559','aliquet, sem ut cursus luctus, ipsum leo elementum','Original','740');
INSERT INTO G25_comentario (cod_usuario,texto,tipo,cod_comentario) VALUES ('264','penatibus','Respuesta','741');
INSERT INTO G25_comentario (cod_usuario,texto,tipo,cod_comentario) VALUES ('115','primis in faucibus orci','Respuesta','742');
INSERT INTO G25_comentario (cod_usuario,texto,tipo,cod_comentario) VALUES ('538','in consectetuer ipsum nunc id enim.','Original','743');
INSERT INTO G25_comentario (cod_usuario,texto,tipo,cod_comentario) VALUES ('311','non leo. Vivamus','Respuesta','744');
INSERT INTO G25_comentario (cod_usuario,texto,tipo,cod_comentario) VALUES ('532','ipsum non arcu. Vivamus sit amet','Original','745');
INSERT INTO G25_comentario (cod_usuario,texto,tipo,cod_comentario) VALUES ('287','Maecenas mi felis, adipiscing fringilla, porttitor vulputate, posuere vulputate, lacus.','Respuesta','746');
INSERT INTO G25_comentario (cod_usuario,texto,tipo,cod_comentario) VALUES ('446','pellentesque, tellus sem mollis dui, in sodales elit erat vitae','Original','747');
INSERT INTO G25_comentario (cod_usuario,texto,tipo,cod_comentario) VALUES ('408','tellus non magna. Nam ligula elit, pretium et, rutrum non,','Respuesta','748');
INSERT INTO G25_comentario (cod_usuario,texto,tipo,cod_comentario) VALUES ('20','facilisis','Respuesta','749');
INSERT INTO G25_comentario (cod_usuario,texto,tipo,cod_comentario) VALUES ('268','est. Nunc','Respuesta','750');
INSERT INTO G25_comentario (cod_usuario,texto,tipo,cod_comentario) VALUES ('415','Sed eget lacus. Mauris','Respuesta','751');
INSERT INTO G25_comentario (cod_usuario,texto,tipo,cod_comentario) VALUES ('329','Vivamus euismod','Respuesta','752');
INSERT INTO G25_comentario (cod_usuario,texto,tipo,cod_comentario) VALUES ('425','odio, auctor vitae, aliquet nec,','Respuesta','753');
INSERT INTO G25_comentario (cod_usuario,texto,tipo,cod_comentario) VALUES ('252','sit amet, dapibus id, blandit at, nisi. Cum sociis natoque','Respuesta','754');
INSERT INTO G25_comentario (cod_usuario,texto,tipo,cod_comentario) VALUES ('515','In lorem. Donec elementum,','Original','755');
INSERT INTO G25_comentario (cod_usuario,texto,tipo,cod_comentario) VALUES ('150','lacus. Etiam bibendum fermentum metus.','Respuesta','756');
INSERT INTO G25_comentario (cod_usuario,texto,tipo,cod_comentario) VALUES ('304','ultrices','Original','757');
INSERT INTO G25_comentario (cod_usuario,texto,tipo,cod_comentario) VALUES ('137','ullamcorper, nisl arcu iaculis enim, sit amet ornare lectus justo','Original','758');
INSERT INTO G25_comentario (cod_usuario,texto,tipo,cod_comentario) VALUES ('159','sit amet ante. Vivamus non lorem','Original','759');
INSERT INTO G25_comentario (cod_usuario,texto,tipo,cod_comentario) VALUES ('402','vitae, posuere at, velit. Cras','Respuesta','760');
INSERT INTO G25_comentario (cod_usuario,texto,tipo,cod_comentario) VALUES ('559','et ipsum cursus','Respuesta','761');
INSERT INTO G25_comentario (cod_usuario,texto,tipo,cod_comentario) VALUES ('81','sit','Original','762');
INSERT INTO G25_comentario (cod_usuario,texto,tipo,cod_comentario) VALUES ('231','euismod enim. Etiam gravida','Original','763');
INSERT INTO G25_comentario (cod_usuario,texto,tipo,cod_comentario) VALUES ('456','nunc. Quisque','Respuesta','764');
INSERT INTO G25_comentario (cod_usuario,texto,tipo,cod_comentario) VALUES ('158','neque. Sed eget lacus. Mauris','Respuesta','765');
INSERT INTO G25_comentario (cod_usuario,texto,tipo,cod_comentario) VALUES ('211','orci sem eget massa. Suspendisse eleifend.','Original','766');
INSERT INTO G25_comentario (cod_usuario,texto,tipo,cod_comentario) VALUES ('12','lectus quis massa. Mauris vestibulum, neque','Original','767');
INSERT INTO G25_comentario (cod_usuario,texto,tipo,cod_comentario) VALUES ('10','netus et malesuada fames ac turpis egestas.','Original','768');
INSERT INTO G25_comentario (cod_usuario,texto,tipo,cod_comentario) VALUES ('537','sit amet ornare lectus justo eu arcu.','Respuesta','769');
INSERT INTO G25_comentario (cod_usuario,texto,tipo,cod_comentario) VALUES ('422','sollicitudin a, malesuada id, erat. Etiam vestibulum massa rutrum','Respuesta','770');
INSERT INTO G25_comentario (cod_usuario,texto,tipo,cod_comentario) VALUES ('93','Nam ac nulla. In tincidunt congue','Original','771');
INSERT INTO G25_comentario (cod_usuario,texto,tipo,cod_comentario) VALUES ('439','id ante dictum cursus. Nunc mauris elit,','Original','772');
INSERT INTO G25_comentario (cod_usuario,texto,tipo,cod_comentario) VALUES ('33','Aenean egestas hendrerit neque.','Respuesta','773');
INSERT INTO G25_comentario (cod_usuario,texto,tipo,cod_comentario) VALUES ('542','erat. Etiam vestibulum massa rutrum magna. Cras convallis convallis','Original','774');
INSERT INTO G25_comentario (cod_usuario,texto,tipo,cod_comentario) VALUES ('258','non justo. Proin non massa','Respuesta','775');
INSERT INTO G25_comentario (cod_usuario,texto,tipo,cod_comentario) VALUES ('74','fringilla est. Mauris eu turpis. Nulla aliquet.','Respuesta','776');
INSERT INTO G25_comentario (cod_usuario,texto,tipo,cod_comentario) VALUES ('183','sapien. Nunc pulvinar arcu et pede. Nunc','Respuesta','777');
INSERT INTO G25_comentario (cod_usuario,texto,tipo,cod_comentario) VALUES ('299','ipsum','Original','778');
INSERT INTO G25_comentario (cod_usuario,texto,tipo,cod_comentario) VALUES ('365','cursus vestibulum. Mauris magna. Duis dignissim tempor arcu. Vestibulum','Respuesta','779');
INSERT INTO G25_comentario (cod_usuario,texto,tipo,cod_comentario) VALUES ('268','ridiculus mus. Proin vel arcu eu odio tristique','Original','780');
INSERT INTO G25_comentario (cod_usuario,texto,tipo,cod_comentario) VALUES ('82','amet luctus vulputate, nisi sem semper erat, in consectetuer','Respuesta','781');
INSERT INTO G25_comentario (cod_usuario,texto,tipo,cod_comentario) VALUES ('427','ullamcorper eu, euismod ac, fermentum vel, mauris. Integer sem elit,','Respuesta','782');
INSERT INTO G25_comentario (cod_usuario,texto,tipo,cod_comentario) VALUES ('226','cursus et, magna. Praesent interdum ligula','Respuesta','783');
INSERT INTO G25_comentario (cod_usuario,texto,tipo,cod_comentario) VALUES ('148','enim, gravida sit amet, dapibus id, blandit at, nisi. Cum','Original','784');
INSERT INTO G25_comentario (cod_usuario,texto,tipo,cod_comentario) VALUES ('402','eget nisi dictum augue malesuada malesuada.','Respuesta','785');
INSERT INTO G25_comentario (cod_usuario,texto,tipo,cod_comentario) VALUES ('372','vulputate velit eu sem. Pellentesque ut ipsum','Respuesta','786');
INSERT INTO G25_comentario (cod_usuario,texto,tipo,cod_comentario) VALUES ('279','Mauris magna. Duis dignissim','Original','787');
INSERT INTO G25_comentario (cod_usuario,texto,tipo,cod_comentario) VALUES ('77','orci sem eget massa. Suspendisse eleifend. Cras sed leo.','Respuesta','788');
INSERT INTO G25_comentario (cod_usuario,texto,tipo,cod_comentario) VALUES ('429','Morbi sit amet massa.','Respuesta','789');
INSERT INTO G25_comentario (cod_usuario,texto,tipo,cod_comentario) VALUES ('146','tempor arcu. Vestibulum','Original','790');
INSERT INTO G25_comentario (cod_usuario,texto,tipo,cod_comentario) VALUES ('499','vulputate ullamcorper','Respuesta','791');
INSERT INTO G25_comentario (cod_usuario,texto,tipo,cod_comentario) VALUES ('82','tellus. Phasellus elit pede, malesuada vel, venenatis','Original','792');
INSERT INTO G25_comentario (cod_usuario,texto,tipo,cod_comentario) VALUES ('111','risus odio,','Original','793');
INSERT INTO G25_comentario (cod_usuario,texto,tipo,cod_comentario) VALUES ('501','ac urna. Ut tincidunt vehicula risus. Nulla eget','Respuesta','794');
INSERT INTO G25_comentario (cod_usuario,texto,tipo,cod_comentario) VALUES ('106','in, tempus eu, ligula. Aenean euismod','Respuesta','795');
INSERT INTO G25_comentario (cod_usuario,texto,tipo,cod_comentario) VALUES ('295','vestibulum. Mauris magna. Duis dignissim tempor arcu.','Respuesta','796');
INSERT INTO G25_comentario (cod_usuario,texto,tipo,cod_comentario) VALUES ('561','malesuada vel, venenatis vel, faucibus id, libero. Donec consectetuer','Respuesta','797');
INSERT INTO G25_comentario (cod_usuario,texto,tipo,cod_comentario) VALUES ('76','elit erat','Original','798');
INSERT INTO G25_comentario (cod_usuario,texto,tipo,cod_comentario) VALUES ('211','vehicula risus. Nulla eget metus eu erat semper rutrum. Fusce','Respuesta','799');
INSERT INTO G25_comentario (cod_usuario,texto,tipo,cod_comentario) VALUES ('323','auctor ullamcorper, nisl arcu iaculis enim, sit','Original','800');
INSERT INTO G25_comentario (cod_usuario,texto,tipo,cod_comentario) VALUES ('398','Quisque nonummy ipsum','Original','801');
INSERT INTO G25_comentario (cod_usuario,texto,tipo,cod_comentario) VALUES ('468','semper tellus id','Original','802');
INSERT INTO G25_comentario (cod_usuario,texto,tipo,cod_comentario) VALUES ('474','in lobortis','Respuesta','803');
INSERT INTO G25_comentario (cod_usuario,texto,tipo,cod_comentario) VALUES ('516','Curabitur vel lectus. Cum sociis natoque penatibus et','Respuesta','804');
INSERT INTO G25_comentario (cod_usuario,texto,tipo,cod_comentario) VALUES ('241','Morbi','Original','805');
INSERT INTO G25_comentario (cod_usuario,texto,tipo,cod_comentario) VALUES ('121','justo faucibus lectus, a','Original','806');
INSERT INTO G25_comentario (cod_usuario,texto,tipo,cod_comentario) VALUES ('74','ipsum dolor sit amet, consectetuer adipiscing elit. Aliquam','Respuesta','807');
INSERT INTO G25_comentario (cod_usuario,texto,tipo,cod_comentario) VALUES ('414','cursus in, hendrerit consectetuer, cursus et, magna. Praesent interdum','Respuesta','808');
INSERT INTO G25_comentario (cod_usuario,texto,tipo,cod_comentario) VALUES ('99','consectetuer adipiscing elit. Aliquam auctor, velit eget','Original','809');
INSERT INTO G25_comentario (cod_usuario,texto,tipo,cod_comentario) VALUES ('533','et risus. Quisque libero lacus, varius et, euismod','Original','810');
INSERT INTO G25_comentario (cod_usuario,texto,tipo,cod_comentario) VALUES ('538','commodo tincidunt nibh. Phasellus nulla.','Original','811');
INSERT INTO G25_comentario (cod_usuario,texto,tipo,cod_comentario) VALUES ('165','augue, eu tempor erat neque non','Original','812');
INSERT INTO G25_comentario (cod_usuario,texto,tipo,cod_comentario) VALUES ('366','faucibus id,','Original','813');
INSERT INTO G25_comentario (cod_usuario,texto,tipo,cod_comentario) VALUES ('256','turpis.','Original','814');
INSERT INTO G25_comentario (cod_usuario,texto,tipo,cod_comentario) VALUES ('498','magnis dis parturient montes,','Original','815');
INSERT INTO G25_comentario (cod_usuario,texto,tipo,cod_comentario) VALUES ('159','volutpat nunc sit','Respuesta','816');
INSERT INTO G25_comentario (cod_usuario,texto,tipo,cod_comentario) VALUES ('568','ac, eleifend vitae, erat. Vivamus nisi. Mauris nulla. Integer','Original','817');
INSERT INTO G25_comentario (cod_usuario,texto,tipo,cod_comentario) VALUES ('371','gravida sit amet,','Original','818');
INSERT INTO G25_comentario (cod_usuario,texto,tipo,cod_comentario) VALUES ('455','inceptos hymenaeos. Mauris ut','Respuesta','819');
INSERT INTO G25_comentario (cod_usuario,texto,tipo,cod_comentario) VALUES ('567','arcu ac','Original','820');
INSERT INTO G25_comentario (cod_usuario,texto,tipo,cod_comentario) VALUES ('142','iaculis aliquet diam. Sed','Original','821');
INSERT INTO G25_comentario (cod_usuario,texto,tipo,cod_comentario) VALUES ('223','Aenean euismod mauris eu elit. Nulla facilisi. Sed','Respuesta','822');
INSERT INTO G25_comentario (cod_usuario,texto,tipo,cod_comentario) VALUES ('85','vel quam dignissim pharetra. Nam ac nulla. In tincidunt','Respuesta','823');
INSERT INTO G25_comentario (cod_usuario,texto,tipo,cod_comentario) VALUES ('95','a feugiat tellus lorem eu metus.','Respuesta','824');
INSERT INTO G25_comentario (cod_usuario,texto,tipo,cod_comentario) VALUES ('271','vulputate, posuere vulputate,','Respuesta','825');
INSERT INTO G25_comentario (cod_usuario,texto,tipo,cod_comentario) VALUES ('279','ante. Nunc mauris sapien, cursus','Respuesta','826');
INSERT INTO G25_comentario (cod_usuario,texto,tipo,cod_comentario) VALUES ('503','eget, dictum placerat, augue. Sed molestie. Sed id risus','Original','827');
INSERT INTO G25_comentario (cod_usuario,texto,tipo,cod_comentario) VALUES ('577','arcu eu odio tristique pharetra. Quisque ac libero nec ligula','Respuesta','828');
INSERT INTO G25_comentario (cod_usuario,texto,tipo,cod_comentario) VALUES ('177','purus. Nullam scelerisque neque sed sem egestas','Original','829');
INSERT INTO G25_comentario (cod_usuario,texto,tipo,cod_comentario) VALUES ('273','in,','Original','830');
INSERT INTO G25_comentario (cod_usuario,texto,tipo,cod_comentario) VALUES ('577','dolor sit amet, consectetuer adipiscing elit.','Respuesta','831');
INSERT INTO G25_comentario (cod_usuario,texto,tipo,cod_comentario) VALUES ('103','urna suscipit nonummy. Fusce fermentum fermentum arcu. Vestibulum ante','Original','832');
INSERT INTO G25_comentario (cod_usuario,texto,tipo,cod_comentario) VALUES ('21','neque pellentesque','Respuesta','833');
INSERT INTO G25_comentario (cod_usuario,texto,tipo,cod_comentario) VALUES ('365','In tincidunt congue','Respuesta','834');
INSERT INTO G25_comentario (cod_usuario,texto,tipo,cod_comentario) VALUES ('75','primis in faucibus orci luctus et ultrices posuere cubilia Curae;','Respuesta','835');
INSERT INTO G25_comentario (cod_usuario,texto,tipo,cod_comentario) VALUES ('559','arcu. Nunc mauris. Morbi non sapien','Respuesta','836');
INSERT INTO G25_comentario (cod_usuario,texto,tipo,cod_comentario) VALUES ('157','risus. Quisque','Original','837');
INSERT INTO G25_comentario (cod_usuario,texto,tipo,cod_comentario) VALUES ('126','auctor non, feugiat nec, diam. Duis mi enim,','Respuesta','838');
INSERT INTO G25_comentario (cod_usuario,texto,tipo,cod_comentario) VALUES ('203','Mauris molestie pharetra nibh.','Original','839');
INSERT INTO G25_comentario (cod_usuario,texto,tipo,cod_comentario) VALUES ('87','sagittis semper. Nam tempor diam dictum','Respuesta','840');
INSERT INTO G25_comentario (cod_usuario,texto,tipo,cod_comentario) VALUES ('401','Curabitur vel lectus. Cum sociis natoque penatibus et magnis','Respuesta','841');
INSERT INTO G25_comentario (cod_usuario,texto,tipo,cod_comentario) VALUES ('59','nulla. In tincidunt congue','Respuesta','842');
INSERT INTO G25_comentario (cod_usuario,texto,tipo,cod_comentario) VALUES ('221','eros nec tellus. Nunc lectus pede, ultrices a, auctor non,','Respuesta','843');
INSERT INTO G25_comentario (cod_usuario,texto,tipo,cod_comentario) VALUES ('307','nascetur ridiculus mus. Proin vel nisl.','Original','844');
INSERT INTO G25_comentario (cod_usuario,texto,tipo,cod_comentario) VALUES ('436','hendrerit neque. In ornare sagittis','Original','845');
INSERT INTO G25_comentario (cod_usuario,texto,tipo,cod_comentario) VALUES ('101','Sed nunc est, mollis non, cursus non, egestas','Original','846');
INSERT INTO G25_comentario (cod_usuario,texto,tipo,cod_comentario) VALUES ('65','ullamcorper. Duis at lacus.','Respuesta','847');
INSERT INTO G25_comentario (cod_usuario,texto,tipo,cod_comentario) VALUES ('541','neque sed','Original','848');
INSERT INTO G25_comentario (cod_usuario,texto,tipo,cod_comentario) VALUES ('581','eu tempor','Respuesta','849');
INSERT INTO G25_comentario (cod_usuario,texto,tipo,cod_comentario) VALUES ('302','tincidunt adipiscing. Mauris molestie pharetra nibh.','Original','850');
INSERT INTO G25_comentario (cod_usuario,texto,tipo,cod_comentario) VALUES ('306','libero est, congue a, aliquet vel,','Respuesta','851');
INSERT INTO G25_comentario (cod_usuario,texto,tipo,cod_comentario) VALUES ('107','et tristique pellentesque, tellus sem mollis dui,','Original','852');
INSERT INTO G25_comentario (cod_usuario,texto,tipo,cod_comentario) VALUES ('64','iaculis, lacus pede','Respuesta','853');
INSERT INTO G25_comentario (cod_usuario,texto,tipo,cod_comentario) VALUES ('46','aliquet odio. Etiam ligula tortor, dictum eu, placerat eget, venenatis','Respuesta','854');
INSERT INTO G25_comentario (cod_usuario,texto,tipo,cod_comentario) VALUES ('201','risus varius orci, in consequat enim diam vel','Respuesta','855');
INSERT INTO G25_comentario (cod_usuario,texto,tipo,cod_comentario) VALUES ('562','mi fringilla mi lacinia mattis. Integer eu lacus. Quisque','Original','856');
INSERT INTO G25_comentario (cod_usuario,texto,tipo,cod_comentario) VALUES ('583','hendrerit a, arcu. Sed et libero. Proin','Respuesta','857');
INSERT INTO G25_comentario (cod_usuario,texto,tipo,cod_comentario) VALUES ('124','et, lacinia vitae,','Original','858');
INSERT INTO G25_comentario (cod_usuario,texto,tipo,cod_comentario) VALUES ('507','posuere cubilia Curae; Donec tincidunt. Donec','Respuesta','859');
INSERT INTO G25_comentario (cod_usuario,texto,tipo,cod_comentario) VALUES ('125','tincidunt, nunc ac mattis ornare, lectus','Respuesta','860');
INSERT INTO G25_comentario (cod_usuario,texto,tipo,cod_comentario) VALUES ('483','in, hendrerit consectetuer, cursus et, magna. Praesent interdum','Original','861');
INSERT INTO G25_comentario (cod_usuario,texto,tipo,cod_comentario) VALUES ('425','habitant morbi tristique senectus','Respuesta','862');
INSERT INTO G25_comentario (cod_usuario,texto,tipo,cod_comentario) VALUES ('94','tincidunt tempus risus. Donec egestas.','Respuesta','863');
INSERT INTO G25_comentario (cod_usuario,texto,tipo,cod_comentario) VALUES ('217','laoreet','Respuesta','864');
INSERT INTO G25_comentario (cod_usuario,texto,tipo,cod_comentario) VALUES ('434','lacinia mattis. Integer eu lacus. Quisque imperdiet, erat nonummy ultricies','Original','865');
INSERT INTO G25_comentario (cod_usuario,texto,tipo,cod_comentario) VALUES ('128','Praesent eu','Respuesta','866');
INSERT INTO G25_comentario (cod_usuario,texto,tipo,cod_comentario) VALUES ('398','semper cursus. Integer mollis.','Original','867');
INSERT INTO G25_comentario (cod_usuario,texto,tipo,cod_comentario) VALUES ('540','eleifend','Original','868');
INSERT INTO G25_comentario (cod_usuario,texto,tipo,cod_comentario) VALUES ('460','hendrerit id, ante. Nunc mauris sapien, cursus in,','Respuesta','869');
INSERT INTO G25_comentario (cod_usuario,texto,tipo,cod_comentario) VALUES ('81','dapibus id, blandit at, nisi. Cum sociis','Respuesta','870');
INSERT INTO G25_comentario (cod_usuario,texto,tipo,cod_comentario) VALUES ('85','Maecenas ornare egestas ligula. Nullam feugiat placerat velit.','Original','871');
INSERT INTO G25_comentario (cod_usuario,texto,tipo,cod_comentario) VALUES ('522','lorem eu metus. In','Original','872');
INSERT INTO G25_comentario (cod_usuario,texto,tipo,cod_comentario) VALUES ('201','sociis natoque penatibus et magnis dis parturient','Original','873');
INSERT INTO G25_comentario (cod_usuario,texto,tipo,cod_comentario) VALUES ('472','facilisis, magna','Respuesta','874');
INSERT INTO G25_comentario (cod_usuario,texto,tipo,cod_comentario) VALUES ('321','ornare, facilisis eget, ipsum. Donec sollicitudin adipiscing','Respuesta','875');
INSERT INTO G25_comentario (cod_usuario,texto,tipo,cod_comentario) VALUES ('408','vitae nibh. Donec est mauris,','Respuesta','876');
INSERT INTO G25_comentario (cod_usuario,texto,tipo,cod_comentario) VALUES ('162','Quisque ornare tortor at risus. Nunc ac sem','Respuesta','877');
INSERT INTO G25_comentario (cod_usuario,texto,tipo,cod_comentario) VALUES ('219','pellentesque massa lobortis ultrices. Vivamus','Original','878');
INSERT INTO G25_comentario (cod_usuario,texto,tipo,cod_comentario) VALUES ('135','Integer','Respuesta','879');
INSERT INTO G25_comentario (cod_usuario,texto,tipo,cod_comentario) VALUES ('270','ridiculus mus. Donec dignissim magna a tortor. Nunc commodo','Original','880');
INSERT INTO G25_comentario (cod_usuario,texto,tipo,cod_comentario) VALUES ('286','parturient montes, nascetur','Respuesta','881');
INSERT INTO G25_comentario (cod_usuario,texto,tipo,cod_comentario) VALUES ('219','ac orci. Ut semper pretium neque. Morbi quis urna. Nunc','Original','882');
INSERT INTO G25_comentario (cod_usuario,texto,tipo,cod_comentario) VALUES ('365','Proin','Respuesta','883');
INSERT INTO G25_comentario (cod_usuario,texto,tipo,cod_comentario) VALUES ('317','ultrices posuere cubilia Curae; Donec','Original','884');
INSERT INTO G25_comentario (cod_usuario,texto,tipo,cod_comentario) VALUES ('114','turpis. Aliquam adipiscing lobortis risus. In mi','Original','885');
INSERT INTO G25_comentario (cod_usuario,texto,tipo,cod_comentario) VALUES ('51','sed, facilisis vitae, orci. Phasellus dapibus quam quis diam.','Respuesta','886');
INSERT INTO G25_comentario (cod_usuario,texto,tipo,cod_comentario) VALUES ('583','vitae','Respuesta','887');
INSERT INTO G25_comentario (cod_usuario,texto,tipo,cod_comentario) VALUES ('541','pede,','Respuesta','888');
INSERT INTO G25_comentario (cod_usuario,texto,tipo,cod_comentario) VALUES ('175','at, iaculis quis, pede. Praesent eu','Original','889');
INSERT INTO G25_comentario (cod_usuario,texto,tipo,cod_comentario) VALUES ('279','mauris blandit mattis. Cras','Respuesta','890');
INSERT INTO G25_comentario (cod_usuario,texto,tipo,cod_comentario) VALUES ('228','lobortis quam a felis ullamcorper viverra. Maecenas iaculis aliquet','Original','891');
INSERT INTO G25_comentario (cod_usuario,texto,tipo,cod_comentario) VALUES ('213','orci,','Original','892');
INSERT INTO G25_comentario (cod_usuario,texto,tipo,cod_comentario) VALUES ('446','non arcu. Vivamus sit amet risus. Donec egestas. Aliquam nec','Original','893');
INSERT INTO G25_comentario (cod_usuario,texto,tipo,cod_comentario) VALUES ('480','sapien. Aenean','Original','894');
INSERT INTO G25_comentario (cod_usuario,texto,tipo,cod_comentario) VALUES ('129','Nulla tempor augue ac ipsum. Phasellus','Respuesta','895');
INSERT INTO G25_comentario (cod_usuario,texto,tipo,cod_comentario) VALUES ('375','semper, dui lectus rutrum','Original','896');
INSERT INTO G25_comentario (cod_usuario,texto,tipo,cod_comentario) VALUES ('558','commodo hendrerit.','Respuesta','897');
INSERT INTO G25_comentario (cod_usuario,texto,tipo,cod_comentario) VALUES ('291','magna sed','Original','898');
INSERT INTO G25_comentario (cod_usuario,texto,tipo,cod_comentario) VALUES ('6','nec metus facilisis lorem tristique aliquet. Phasellus fermentum convallis','Respuesta','899');
INSERT INTO G25_comentario (cod_usuario,texto,tipo,cod_comentario) VALUES ('551','in consectetuer ipsum nunc id','Original','900');
INSERT INTO G25_comentario (cod_usuario,texto,tipo,cod_comentario) VALUES ('227','hendrerit','Respuesta','901');
INSERT INTO G25_comentario (cod_usuario,texto,tipo,cod_comentario) VALUES ('93','leo. Vivamus nibh dolor, nonummy ac, feugiat','Respuesta','902');
INSERT INTO G25_comentario (cod_usuario,texto,tipo,cod_comentario) VALUES ('94','molestie tellus.','Original','903');
INSERT INTO G25_comentario (cod_usuario,texto,tipo,cod_comentario) VALUES ('321','neque pellentesque massa lobortis ultrices. Vivamus rhoncus. Donec est. Nunc','Respuesta','904');
INSERT INTO G25_comentario (cod_usuario,texto,tipo,cod_comentario) VALUES ('67','Nullam scelerisque neque','Original','905');
INSERT INTO G25_comentario (cod_usuario,texto,tipo,cod_comentario) VALUES ('235','elementum, dui quis accumsan','Respuesta','906');
INSERT INTO G25_comentario (cod_usuario,texto,tipo,cod_comentario) VALUES ('90','interdum feugiat. Sed','Respuesta','907');
INSERT INTO G25_comentario (cod_usuario,texto,tipo,cod_comentario) VALUES ('422','Donec at arcu. Vestibulum ante ipsum primis','Respuesta','908');
INSERT INTO G25_comentario (cod_usuario,texto,tipo,cod_comentario) VALUES ('406','id risus quis','Original','909');
INSERT INTO G25_comentario (cod_usuario,texto,tipo,cod_comentario) VALUES ('499','semper auctor. Mauris','Original','910');
INSERT INTO G25_comentario (cod_usuario,texto,tipo,cod_comentario) VALUES ('205','Sed nec metus facilisis lorem tristique aliquet.','Original','911');
INSERT INTO G25_comentario (cod_usuario,texto,tipo,cod_comentario) VALUES ('395','Quisque ac libero nec ligula','Original','912');
INSERT INTO G25_comentario (cod_usuario,texto,tipo,cod_comentario) VALUES ('439','diam lorem,','Respuesta','913');
INSERT INTO G25_comentario (cod_usuario,texto,tipo,cod_comentario) VALUES ('311','magnis dis parturient montes, nascetur ridiculus mus. Proin vel','Original','914');
INSERT INTO G25_comentario (cod_usuario,texto,tipo,cod_comentario) VALUES ('32','Curae; Donec tincidunt.','Original','915');
INSERT INTO G25_comentario (cod_usuario,texto,tipo,cod_comentario) VALUES ('576','lorem eu metus. In lorem.','Original','916');
INSERT INTO G25_comentario (cod_usuario,texto,tipo,cod_comentario) VALUES ('402','est,','Original','917');
INSERT INTO G25_comentario (cod_usuario,texto,tipo,cod_comentario) VALUES ('176','In ornare sagittis felis. Donec tempor, est','Original','918');
INSERT INTO G25_comentario (cod_usuario,texto,tipo,cod_comentario) VALUES ('206','amet, risus. Donec','Original','919');
INSERT INTO G25_comentario (cod_usuario,texto,tipo,cod_comentario) VALUES ('433','feugiat. Sed nec metus facilisis lorem tristique aliquet. Phasellus','Respuesta','920');
INSERT INTO G25_comentario (cod_usuario,texto,tipo,cod_comentario) VALUES ('25','hendrerit. Donec','Original','921');
INSERT INTO G25_comentario (cod_usuario,texto,tipo,cod_comentario) VALUES ('575','ipsum','Respuesta','922');
INSERT INTO G25_comentario (cod_usuario,texto,tipo,cod_comentario) VALUES ('228','Proin dolor. Nulla semper tellus id nunc interdum feugiat. Sed','Respuesta','923');
INSERT INTO G25_comentario (cod_usuario,texto,tipo,cod_comentario) VALUES ('251','gravida mauris ut mi. Duis risus','Respuesta','924');
INSERT INTO G25_comentario (cod_usuario,texto,tipo,cod_comentario) VALUES ('412','et, magna. Praesent interdum ligula','Original','925');
INSERT INTO G25_comentario (cod_usuario,texto,tipo,cod_comentario) VALUES ('59','ante','Respuesta','926');
INSERT INTO G25_comentario (cod_usuario,texto,tipo,cod_comentario) VALUES ('200','Curabitur ut','Respuesta','927');
INSERT INTO G25_comentario (cod_usuario,texto,tipo,cod_comentario) VALUES ('580','lorem, vehicula et,','Respuesta','928');
INSERT INTO G25_comentario (cod_usuario,texto,tipo,cod_comentario) VALUES ('204','arcu.','Respuesta','929');
INSERT INTO G25_comentario (cod_usuario,texto,tipo,cod_comentario) VALUES ('101','tellus. Nunc lectus pede, ultrices a, auctor non,','Original','930');
INSERT INTO G25_comentario (cod_usuario,texto,tipo,cod_comentario) VALUES ('451','lorem,','Respuesta','931');
INSERT INTO G25_comentario (cod_usuario,texto,tipo,cod_comentario) VALUES ('401','id risus quis diam luctus lobortis. Class aptent taciti','Respuesta','932');
INSERT INTO G25_comentario (cod_usuario,texto,tipo,cod_comentario) VALUES ('176','ridiculus mus. Proin vel arcu eu odio tristique pharetra.','Respuesta','933');
INSERT INTO G25_comentario (cod_usuario,texto,tipo,cod_comentario) VALUES ('553','pharetra, felis eget varius ultrices, mauris ipsum porta elit, a','Respuesta','934');
INSERT INTO G25_comentario (cod_usuario,texto,tipo,cod_comentario) VALUES ('40','pede, ultrices a,','Respuesta','935');
INSERT INTO G25_comentario (cod_usuario,texto,tipo,cod_comentario) VALUES ('285','quam, elementum at, egestas a, scelerisque sed, sapien. Nunc','Original','936');
INSERT INTO G25_comentario (cod_usuario,texto,tipo,cod_comentario) VALUES ('532','pellentesque. Sed dictum. Proin eget odio. Aliquam','Respuesta','937');
INSERT INTO G25_comentario (cod_usuario,texto,tipo,cod_comentario) VALUES ('240','facilisis facilisis, magna tellus faucibus','Respuesta','938');
INSERT INTO G25_comentario (cod_usuario,texto,tipo,cod_comentario) VALUES ('293','Donec sollicitudin adipiscing ligula. Aenean','Respuesta','939');
INSERT INTO G25_comentario (cod_usuario,texto,tipo,cod_comentario) VALUES ('206','ultrices sit amet, risus. Donec nibh','Original','940');
INSERT INTO G25_comentario (cod_usuario,texto,tipo,cod_comentario) VALUES ('253','convallis dolor. Quisque tincidunt pede ac urna. Ut tincidunt','Respuesta','941');
INSERT INTO G25_comentario (cod_usuario,texto,tipo,cod_comentario) VALUES ('472','magna. Ut tincidunt orci quis lectus. Nullam suscipit, est','Original','942');
INSERT INTO G25_comentario (cod_usuario,texto,tipo,cod_comentario) VALUES ('73','Phasellus nulla. Integer vulputate, risus a ultricies adipiscing, enim mi','Original','943');
INSERT INTO G25_comentario (cod_usuario,texto,tipo,cod_comentario) VALUES ('429','a sollicitudin orci sem eget massa. Suspendisse eleifend. Cras sed','Original','944');
INSERT INTO G25_comentario (cod_usuario,texto,tipo,cod_comentario) VALUES ('317','eget magna. Suspendisse tristique neque venenatis','Original','945');
INSERT INTO G25_comentario (cod_usuario,texto,tipo,cod_comentario) VALUES ('563','semper cursus. Integer','Respuesta','946');
INSERT INTO G25_comentario (cod_usuario,texto,tipo,cod_comentario) VALUES ('444','pretium et, rutrum non,','Respuesta','947');
INSERT INTO G25_comentario (cod_usuario,texto,tipo,cod_comentario) VALUES ('584','tincidunt','Respuesta','948');
INSERT INTO G25_comentario (cod_usuario,texto,tipo,cod_comentario) VALUES ('556','posuere cubilia Curae; Donec tincidunt. Donec vitae erat','Original','949');
INSERT INTO G25_comentario (cod_usuario,texto,tipo,cod_comentario) VALUES ('360','et ipsum cursus vestibulum.','Original','950');
INSERT INTO G25_comentario (cod_usuario,texto,tipo,cod_comentario) VALUES ('141','ornare, facilisis eget, ipsum. Donec','Original','951');
INSERT INTO G25_comentario (cod_usuario,texto,tipo,cod_comentario) VALUES ('221','rutrum, justo. Praesent luctus. Curabitur egestas nunc sed','Original','952');
INSERT INTO G25_comentario (cod_usuario,texto,tipo,cod_comentario) VALUES ('148','eleifend egestas.','Respuesta','953');
INSERT INTO G25_comentario (cod_usuario,texto,tipo,cod_comentario) VALUES ('273','in lobortis tellus justo sit amet nulla. Donec non','Respuesta','954');
INSERT INTO G25_comentario (cod_usuario,texto,tipo,cod_comentario) VALUES ('177','risus. Donec','Respuesta','955');
INSERT INTO G25_comentario (cod_usuario,texto,tipo,cod_comentario) VALUES ('163','venenatis lacus. Etiam bibendum fermentum metus. Aenean sed pede nec','Respuesta','956');
INSERT INTO G25_comentario (cod_usuario,texto,tipo,cod_comentario) VALUES ('445','in consectetuer ipsum nunc','Respuesta','957');
INSERT INTO G25_comentario (cod_usuario,texto,tipo,cod_comentario) VALUES ('434','morbi tristique senectus et netus','Original','958');
INSERT INTO G25_comentario (cod_usuario,texto,tipo,cod_comentario) VALUES ('549','luctus vulputate, nisi sem','Respuesta','959');
INSERT INTO G25_comentario (cod_usuario,texto,tipo,cod_comentario) VALUES ('64','id ante dictum cursus. Nunc','Respuesta','960');
INSERT INTO G25_comentario (cod_usuario,texto,tipo,cod_comentario) VALUES ('390','nibh vulputate mauris sagittis placerat. Cras dictum ultricies ligula. Nullam','Respuesta','961');
INSERT INTO G25_comentario (cod_usuario,texto,tipo,cod_comentario) VALUES ('539','ornare lectus','Respuesta','962');
INSERT INTO G25_comentario (cod_usuario,texto,tipo,cod_comentario) VALUES ('196','purus. Duis elementum, dui quis accumsan','Original','963');
INSERT INTO G25_comentario (cod_usuario,texto,tipo,cod_comentario) VALUES ('342','mollis dui,','Respuesta','964');
INSERT INTO G25_comentario (cod_usuario,texto,tipo,cod_comentario) VALUES ('306','mus. Aenean eget magna. Suspendisse tristique neque','Respuesta','965');
INSERT INTO G25_comentario (cod_usuario,texto,tipo,cod_comentario) VALUES ('102','Curabitur dictum. Phasellus in felis. Nulla tempor augue','Respuesta','966');
INSERT INTO G25_comentario (cod_usuario,texto,tipo,cod_comentario) VALUES ('58','auctor','Respuesta','967');
INSERT INTO G25_comentario (cod_usuario,texto,tipo,cod_comentario) VALUES ('325','nec mauris blandit mattis. Cras eget','Respuesta','968');
INSERT INTO G25_comentario (cod_usuario,texto,tipo,cod_comentario) VALUES ('326','enim,','Respuesta','969');
INSERT INTO G25_comentario (cod_usuario,texto,tipo,cod_comentario) VALUES ('138','consectetuer mauris id sapien. Cras dolor','Original','970');
INSERT INTO G25_comentario (cod_usuario,texto,tipo,cod_comentario) VALUES ('100','aliquam','Original','971');
INSERT INTO G25_comentario (cod_usuario,texto,tipo,cod_comentario) VALUES ('126','arcu et pede. Nunc sed orci lobortis augue scelerisque mollis.','Original','972');
INSERT INTO G25_comentario (cod_usuario,texto,tipo,cod_comentario) VALUES ('387','non, lobortis quis, pede. Suspendisse dui. Fusce','Original','973');
INSERT INTO G25_comentario (cod_usuario,texto,tipo,cod_comentario) VALUES ('249','libero. Morbi','Original','974');
INSERT INTO G25_comentario (cod_usuario,texto,tipo,cod_comentario) VALUES ('139','Morbi quis urna.','Original','975');
INSERT INTO G25_comentario (cod_usuario,texto,tipo,cod_comentario) VALUES ('483','hendrerit a, arcu.','Respuesta','976');
INSERT INTO G25_comentario (cod_usuario,texto,tipo,cod_comentario) VALUES ('212','libero et tristique','Original','977');
INSERT INTO G25_comentario (cod_usuario,texto,tipo,cod_comentario) VALUES ('511','Donec est mauris, rhoncus id,','Respuesta','978');
INSERT INTO G25_comentario (cod_usuario,texto,tipo,cod_comentario) VALUES ('309','nunc nulla vulputate','Original','979');
INSERT INTO G25_comentario (cod_usuario,texto,tipo,cod_comentario) VALUES ('141','bibendum. Donec felis orci, adipiscing non, luctus sit','Original','980');
INSERT INTO G25_comentario (cod_usuario,texto,tipo,cod_comentario) VALUES ('297','Aliquam nisl. Nulla eu','Original','981');
INSERT INTO G25_comentario (cod_usuario,texto,tipo,cod_comentario) VALUES ('322','in magna. Phasellus dolor elit, pellentesque','Original','982');
INSERT INTO G25_comentario (cod_usuario,texto,tipo,cod_comentario) VALUES ('510','nulla ante,','Original','983');
INSERT INTO G25_comentario (cod_usuario,texto,tipo,cod_comentario) VALUES ('237','sit amet, consectetuer adipiscing elit. Curabitur','Original','984');
INSERT INTO G25_comentario (cod_usuario,texto,tipo,cod_comentario) VALUES ('458','dis parturient montes, nascetur ridiculus mus. Proin vel','Original','985');
INSERT INTO G25_comentario (cod_usuario,texto,tipo,cod_comentario) VALUES ('128','malesuada vel, venenatis vel, faucibus','Original','986');
INSERT INTO G25_comentario (cod_usuario,texto,tipo,cod_comentario) VALUES ('456','eu tellus eu augue','Original','987');
INSERT INTO G25_comentario (cod_usuario,texto,tipo,cod_comentario) VALUES ('106','ultrices. Duis volutpat nunc sit amet metus. Aliquam erat','Original','988');
INSERT INTO G25_comentario (cod_usuario,texto,tipo,cod_comentario) VALUES ('176','pretium et, rutrum non, hendrerit id,','Original','989');
INSERT INTO G25_comentario (cod_usuario,texto,tipo,cod_comentario) VALUES ('90','Etiam imperdiet dictum magna. Ut tincidunt orci quis lectus. Nullam','Original','990');
INSERT INTO G25_comentario (cod_usuario,texto,tipo,cod_comentario) VALUES ('77','Aenean eget','Original','991');
INSERT INTO G25_comentario (cod_usuario,texto,tipo,cod_comentario) VALUES ('384','hymenaeos. Mauris ut quam vel sapien imperdiet','Respuesta','992');
INSERT INTO G25_comentario (cod_usuario,texto,tipo,cod_comentario) VALUES ('266','lacus. Quisque purus sapien, gravida non,','Original','993');
INSERT INTO G25_comentario (cod_usuario,texto,tipo,cod_comentario) VALUES ('40','Maecenas ornare egestas ligula. Nullam feugiat placerat','Original','994');
INSERT INTO G25_comentario (cod_usuario,texto,tipo,cod_comentario) VALUES ('13','Cras vulputate velit eu sem. Pellentesque ut ipsum ac','Respuesta','995');
INSERT INTO G25_comentario (cod_usuario,texto,tipo,cod_comentario) VALUES ('438','vel, convallis in, cursus et, eros. Proin','Respuesta','996');
INSERT INTO G25_comentario (cod_usuario,texto,tipo,cod_comentario) VALUES ('153','habitant morbi tristique senectus et','Respuesta','997');
INSERT INTO G25_comentario (cod_usuario,texto,tipo,cod_comentario) VALUES ('266','ut lacus. Nulla tincidunt, neque','Original','998');
INSERT INTO G25_comentario (cod_usuario,texto,tipo,cod_comentario) VALUES ('347','Donec','Respuesta','999');
INSERT INTO G25_comentario (cod_usuario,texto,tipo,cod_comentario) VALUES ('423','pretium aliquet, metus urna','Respuesta','1000');
-- Amistades
INSERT INTO G25_amigo (cod_usuario,cod_usuario_invitado) VALUES ('3','547');
INSERT INTO G25_amigo (cod_usuario,cod_usuario_invitado) VALUES ('7','471');
INSERT INTO G25_amigo (cod_usuario,cod_usuario_invitado) VALUES ('4','461');
INSERT INTO G25_amigo (cod_usuario,cod_usuario_invitado) VALUES ('9','391');
INSERT INTO G25_amigo (cod_usuario,cod_usuario_invitado) VALUES ('4','420');
INSERT INTO G25_amigo (cod_usuario,cod_usuario_invitado) VALUES ('6','432');
INSERT INTO G25_amigo (cod_usuario,cod_usuario_invitado) VALUES ('9','299');
INSERT INTO G25_amigo (cod_usuario,cod_usuario_invitado) VALUES ('1','243');
INSERT INTO G25_amigo (cod_usuario,cod_usuario_invitado) VALUES ('7','271');
INSERT INTO G25_amigo (cod_usuario,cod_usuario_invitado) VALUES ('6','169');
INSERT INTO G25_amigo (cod_usuario,cod_usuario_invitado) VALUES ('4','56');
INSERT INTO G25_amigo (cod_usuario,cod_usuario_invitado) VALUES ('4','451');
INSERT INTO G25_amigo (cod_usuario,cod_usuario_invitado) VALUES ('6','418');
INSERT INTO G25_amigo (cod_usuario,cod_usuario_invitado) VALUES ('6','192');
INSERT INTO G25_amigo (cod_usuario,cod_usuario_invitado) VALUES ('7','392');
INSERT INTO G25_amigo (cod_usuario,cod_usuario_invitado) VALUES ('8','528');
INSERT INTO G25_amigo (cod_usuario,cod_usuario_invitado) VALUES ('6','224');
INSERT INTO G25_amigo (cod_usuario,cod_usuario_invitado) VALUES ('7','536');
INSERT INTO G25_amigo (cod_usuario,cod_usuario_invitado) VALUES ('2','308');
INSERT INTO G25_amigo (cod_usuario,cod_usuario_invitado) VALUES ('6','317');
INSERT INTO G25_amigo (cod_usuario,cod_usuario_invitado) VALUES ('3','76');
INSERT INTO G25_amigo (cod_usuario,cod_usuario_invitado) VALUES ('3','45');
INSERT INTO G25_amigo (cod_usuario,cod_usuario_invitado) VALUES ('7','179');
INSERT INTO G25_amigo (cod_usuario,cod_usuario_invitado) VALUES ('5','180');
INSERT INTO G25_amigo (cod_usuario,cod_usuario_invitado) VALUES ('8','3');
INSERT INTO G25_amigo (cod_usuario,cod_usuario_invitado) VALUES ('6','42');
INSERT INTO G25_amigo (cod_usuario,cod_usuario_invitado) VALUES ('1','560');
INSERT INTO G25_amigo (cod_usuario,cod_usuario_invitado) VALUES ('9','362');
INSERT INTO G25_amigo (cod_usuario,cod_usuario_invitado) VALUES ('7','196');
INSERT INTO G25_amigo (cod_usuario,cod_usuario_invitado) VALUES ('10','154');
INSERT INTO G25_amigo (cod_usuario,cod_usuario_invitado) VALUES ('10','395');
INSERT INTO G25_amigo (cod_usuario,cod_usuario_invitado) VALUES ('2','326');
INSERT INTO G25_amigo (cod_usuario,cod_usuario_invitado) VALUES ('1','479');
INSERT INTO G25_amigo (cod_usuario,cod_usuario_invitado) VALUES ('5','101');
INSERT INTO G25_amigo (cod_usuario,cod_usuario_invitado) VALUES ('4','588');
INSERT INTO G25_amigo (cod_usuario,cod_usuario_invitado) VALUES ('7','315');
INSERT INTO G25_amigo (cod_usuario,cod_usuario_invitado) VALUES ('2','567');
INSERT INTO G25_amigo (cod_usuario,cod_usuario_invitado) VALUES ('6','437');
INSERT INTO G25_amigo (cod_usuario,cod_usuario_invitado) VALUES ('3','46');
INSERT INTO G25_amigo (cod_usuario,cod_usuario_invitado) VALUES ('1','594');
INSERT INTO G25_amigo (cod_usuario,cod_usuario_invitado) VALUES ('1','365');
INSERT INTO G25_amigo (cod_usuario,cod_usuario_invitado) VALUES ('1','107');
INSERT INTO G25_amigo (cod_usuario,cod_usuario_invitado) VALUES ('6','528');
INSERT INTO G25_amigo (cod_usuario,cod_usuario_invitado) VALUES ('8','101');
INSERT INTO G25_amigo (cod_usuario,cod_usuario_invitado) VALUES ('3','421');
INSERT INTO G25_amigo (cod_usuario,cod_usuario_invitado) VALUES ('5','111');
INSERT INTO G25_amigo (cod_usuario,cod_usuario_invitado) VALUES ('4','337');
INSERT INTO G25_amigo (cod_usuario,cod_usuario_invitado) VALUES ('8','233');
INSERT INTO G25_amigo (cod_usuario,cod_usuario_invitado) VALUES ('4','97');
INSERT INTO G25_amigo (cod_usuario,cod_usuario_invitado) VALUES ('6','402');
INSERT INTO G25_amigo (cod_usuario,cod_usuario_invitado) VALUES ('2','152');
INSERT INTO G25_amigo (cod_usuario,cod_usuario_invitado) VALUES ('2','147');
INSERT INTO G25_amigo (cod_usuario,cod_usuario_invitado) VALUES ('2','476');
INSERT INTO G25_amigo (cod_usuario,cod_usuario_invitado) VALUES ('10','263');
INSERT INTO G25_amigo (cod_usuario,cod_usuario_invitado) VALUES ('9','600');
INSERT INTO G25_amigo (cod_usuario,cod_usuario_invitado) VALUES ('5','569');
INSERT INTO G25_amigo (cod_usuario,cod_usuario_invitado) VALUES ('7','292');
INSERT INTO G25_amigo (cod_usuario,cod_usuario_invitado) VALUES ('2','89');
INSERT INTO G25_amigo (cod_usuario,cod_usuario_invitado) VALUES ('4','544');
INSERT INTO G25_amigo (cod_usuario,cod_usuario_invitado) VALUES ('4','342');
INSERT INTO G25_amigo (cod_usuario,cod_usuario_invitado) VALUES ('7','444');
INSERT INTO G25_amigo (cod_usuario,cod_usuario_invitado) VALUES ('8','580');
INSERT INTO G25_amigo (cod_usuario,cod_usuario_invitado) VALUES ('3','288');
INSERT INTO G25_amigo (cod_usuario,cod_usuario_invitado) VALUES ('4','395');
INSERT INTO G25_amigo (cod_usuario,cod_usuario_invitado) VALUES ('7','546');
INSERT INTO G25_amigo (cod_usuario,cod_usuario_invitado) VALUES ('4','468');
INSERT INTO G25_amigo (cod_usuario,cod_usuario_invitado) VALUES ('2','313');
INSERT INTO G25_amigo (cod_usuario,cod_usuario_invitado) VALUES ('1','215');
INSERT INTO G25_amigo (cod_usuario,cod_usuario_invitado) VALUES ('4','599');
INSERT INTO G25_amigo (cod_usuario,cod_usuario_invitado) VALUES ('8','109');
INSERT INTO G25_amigo (cod_usuario,cod_usuario_invitado) VALUES ('10','133');
INSERT INTO G25_amigo (cod_usuario,cod_usuario_invitado) VALUES ('2','363');
INSERT INTO G25_amigo (cod_usuario,cod_usuario_invitado) VALUES ('8','153');
INSERT INTO G25_amigo (cod_usuario,cod_usuario_invitado) VALUES ('8','43');
INSERT INTO G25_amigo (cod_usuario,cod_usuario_invitado) VALUES ('2','41');
INSERT INTO G25_amigo (cod_usuario,cod_usuario_invitado) VALUES ('7','462');
INSERT INTO G25_amigo (cod_usuario,cod_usuario_invitado) VALUES ('9','237');
INSERT INTO G25_amigo (cod_usuario,cod_usuario_invitado) VALUES ('8','64');
INSERT INTO G25_amigo (cod_usuario,cod_usuario_invitado) VALUES ('9','54');
INSERT INTO G25_amigo (cod_usuario,cod_usuario_invitado) VALUES ('8','308');
INSERT INTO G25_amigo (cod_usuario,cod_usuario_invitado) VALUES ('10','56');
INSERT INTO G25_amigo (cod_usuario,cod_usuario_invitado) VALUES ('3','97');
INSERT INTO G25_amigo (cod_usuario,cod_usuario_invitado) VALUES ('7','191');
INSERT INTO G25_amigo (cod_usuario,cod_usuario_invitado) VALUES ('6','556');
INSERT INTO G25_amigo (cod_usuario,cod_usuario_invitado) VALUES ('4','188');
INSERT INTO G25_amigo (cod_usuario,cod_usuario_invitado) VALUES ('2','187');
INSERT INTO G25_amigo (cod_usuario,cod_usuario_invitado) VALUES ('6','142');
INSERT INTO G25_amigo (cod_usuario,cod_usuario_invitado) VALUES ('10','145');
INSERT INTO G25_amigo (cod_usuario,cod_usuario_invitado) VALUES ('5','400');
INSERT INTO G25_amigo (cod_usuario,cod_usuario_invitado) VALUES ('4','392');
INSERT INTO G25_amigo (cod_usuario,cod_usuario_invitado) VALUES ('8','572');
INSERT INTO G25_amigo (cod_usuario,cod_usuario_invitado) VALUES ('5','325');
INSERT INTO G25_amigo (cod_usuario,cod_usuario_invitado) VALUES ('4','95');
INSERT INTO G25_amigo (cod_usuario,cod_usuario_invitado) VALUES ('7','133');
INSERT INTO G25_amigo (cod_usuario,cod_usuario_invitado) VALUES ('3','247');
INSERT INTO G25_amigo (cod_usuario,cod_usuario_invitado) VALUES ('8','148');
INSERT INTO G25_amigo (cod_usuario,cod_usuario_invitado) VALUES ('6','17');
INSERT INTO G25_amigo (cod_usuario,cod_usuario_invitado) VALUES ('5','70');
INSERT INTO G25_amigo (cod_usuario,cod_usuario_invitado) VALUES ('4','556');
INSERT INTO G25_amigo (cod_usuario,cod_usuario_invitado) VALUES ('1','395');
INSERT INTO G25_amigo (cod_usuario,cod_usuario_invitado) VALUES ('3','90');
INSERT INTO G25_amigo (cod_usuario,cod_usuario_invitado) VALUES ('10','463');
INSERT INTO G25_amigo (cod_usuario,cod_usuario_invitado) VALUES ('4','531');
INSERT INTO G25_amigo (cod_usuario,cod_usuario_invitado) VALUES ('1','526');
INSERT INTO G25_amigo (cod_usuario,cod_usuario_invitado) VALUES ('6','194');
INSERT INTO G25_amigo (cod_usuario,cod_usuario_invitado) VALUES ('6','171');
INSERT INTO G25_amigo (cod_usuario,cod_usuario_invitado) VALUES ('3','571');
INSERT INTO G25_amigo (cod_usuario,cod_usuario_invitado) VALUES ('9','374');
INSERT INTO G25_amigo (cod_usuario,cod_usuario_invitado) VALUES ('2','283');
INSERT INTO G25_amigo (cod_usuario,cod_usuario_invitado) VALUES ('9','213');
INSERT INTO G25_amigo (cod_usuario,cod_usuario_invitado) VALUES ('9','347');
INSERT INTO G25_amigo (cod_usuario,cod_usuario_invitado) VALUES ('6','230');
INSERT INTO G25_amigo (cod_usuario,cod_usuario_invitado) VALUES ('7','4');
INSERT INTO G25_amigo (cod_usuario,cod_usuario_invitado) VALUES ('5','570');
INSERT INTO G25_amigo (cod_usuario,cod_usuario_invitado) VALUES ('10','326');
INSERT INTO G25_amigo (cod_usuario,cod_usuario_invitado) VALUES ('7','102');
INSERT INTO G25_amigo (cod_usuario,cod_usuario_invitado) VALUES ('7','346');
INSERT INTO G25_amigo (cod_usuario,cod_usuario_invitado) VALUES ('10','47');
INSERT INTO G25_amigo (cod_usuario,cod_usuario_invitado) VALUES ('5','572');
INSERT INTO G25_amigo (cod_usuario,cod_usuario_invitado) VALUES ('10','7');
INSERT INTO G25_amigo (cod_usuario,cod_usuario_invitado) VALUES ('3','290');
INSERT INTO G25_amigo (cod_usuario,cod_usuario_invitado) VALUES ('3','332');
INSERT INTO G25_amigo (cod_usuario,cod_usuario_invitado) VALUES ('5','72');
INSERT INTO G25_amigo (cod_usuario,cod_usuario_invitado) VALUES ('2','325');
INSERT INTO G25_amigo (cod_usuario,cod_usuario_invitado) VALUES ('6','12');
INSERT INTO G25_amigo (cod_usuario,cod_usuario_invitado) VALUES ('9','282');
INSERT INTO G25_amigo (cod_usuario,cod_usuario_invitado) VALUES ('6','297');
INSERT INTO G25_amigo (cod_usuario,cod_usuario_invitado) VALUES ('9','122');
INSERT INTO G25_amigo (cod_usuario,cod_usuario_invitado) VALUES ('6','212');
INSERT INTO G25_amigo (cod_usuario,cod_usuario_invitado) VALUES ('2','260');
INSERT INTO G25_amigo (cod_usuario,cod_usuario_invitado) VALUES ('9','457');
INSERT INTO G25_amigo (cod_usuario,cod_usuario_invitado) VALUES ('7','351');
INSERT INTO G25_amigo (cod_usuario,cod_usuario_invitado) VALUES ('4','326');
INSERT INTO G25_amigo (cod_usuario,cod_usuario_invitado) VALUES ('7','479');
INSERT INTO G25_amigo (cod_usuario,cod_usuario_invitado) VALUES ('5','370');
INSERT INTO G25_amigo (cod_usuario,cod_usuario_invitado) VALUES ('9','463');
INSERT INTO G25_amigo (cod_usuario,cod_usuario_invitado) VALUES ('1','62');
INSERT INTO G25_amigo (cod_usuario,cod_usuario_invitado) VALUES ('4','319');
INSERT INTO G25_amigo (cod_usuario,cod_usuario_invitado) VALUES ('3','300');
INSERT INTO G25_amigo (cod_usuario,cod_usuario_invitado) VALUES ('1','486');
INSERT INTO G25_amigo (cod_usuario,cod_usuario_invitado) VALUES ('6','581');
INSERT INTO G25_amigo (cod_usuario,cod_usuario_invitado) VALUES ('3','70');
INSERT INTO G25_amigo (cod_usuario,cod_usuario_invitado) VALUES ('5','79');
INSERT INTO G25_amigo (cod_usuario,cod_usuario_invitado) VALUES ('4','578');
INSERT INTO G25_amigo (cod_usuario,cod_usuario_invitado) VALUES ('5','283');
INSERT INTO G25_amigo (cod_usuario,cod_usuario_invitado) VALUES ('4','226');
INSERT INTO G25_amigo (cod_usuario,cod_usuario_invitado) VALUES ('3','598');
INSERT INTO G25_amigo (cod_usuario,cod_usuario_invitado) VALUES ('10','341');
INSERT INTO G25_amigo (cod_usuario,cod_usuario_invitado) VALUES ('6','374');
INSERT INTO G25_amigo (cod_usuario,cod_usuario_invitado) VALUES ('4','20');
INSERT INTO G25_amigo (cod_usuario,cod_usuario_invitado) VALUES ('3','104');
INSERT INTO G25_amigo (cod_usuario,cod_usuario_invitado) VALUES ('9','202');
INSERT INTO G25_amigo (cod_usuario,cod_usuario_invitado) VALUES ('3','77');
INSERT INTO G25_amigo (cod_usuario,cod_usuario_invitado) VALUES ('9','298');
INSERT INTO G25_amigo (cod_usuario,cod_usuario_invitado) VALUES ('7','564');
INSERT INTO G25_amigo (cod_usuario,cod_usuario_invitado) VALUES ('4','88');
INSERT INTO G25_amigo (cod_usuario,cod_usuario_invitado) VALUES ('10','351');
INSERT INTO G25_amigo (cod_usuario,cod_usuario_invitado) VALUES ('3','221');
INSERT INTO G25_amigo (cod_usuario,cod_usuario_invitado) VALUES ('8','349');
INSERT INTO G25_amigo (cod_usuario,cod_usuario_invitado) VALUES ('4','119');
INSERT INTO G25_amigo (cod_usuario,cod_usuario_invitado) VALUES ('1','435');
INSERT INTO G25_amigo (cod_usuario,cod_usuario_invitado) VALUES ('6','170');
INSERT INTO G25_amigo (cod_usuario,cod_usuario_invitado) VALUES ('8','321');
INSERT INTO G25_amigo (cod_usuario,cod_usuario_invitado) VALUES ('9','154');
INSERT INTO G25_amigo (cod_usuario,cod_usuario_invitado) VALUES ('2','130');
INSERT INTO G25_amigo (cod_usuario,cod_usuario_invitado) VALUES ('3','237');
INSERT INTO G25_amigo (cod_usuario,cod_usuario_invitado) VALUES ('4','56');
INSERT INTO G25_amigo (cod_usuario,cod_usuario_invitado) VALUES ('8','399');
INSERT INTO G25_amigo (cod_usuario,cod_usuario_invitado) VALUES ('3','360');
INSERT INTO G25_amigo (cod_usuario,cod_usuario_invitado) VALUES ('2','510');
INSERT INTO G25_amigo (cod_usuario,cod_usuario_invitado) VALUES ('6','280');
INSERT INTO G25_amigo (cod_usuario,cod_usuario_invitado) VALUES ('10','268');
INSERT INTO G25_amigo (cod_usuario,cod_usuario_invitado) VALUES ('1','154');
INSERT INTO G25_amigo (cod_usuario,cod_usuario_invitado) VALUES ('9','459');
INSERT INTO G25_amigo (cod_usuario,cod_usuario_invitado) VALUES ('9','87');
INSERT INTO G25_amigo (cod_usuario,cod_usuario_invitado) VALUES ('10','533');
INSERT INTO G25_amigo (cod_usuario,cod_usuario_invitado) VALUES ('9','321');
INSERT INTO G25_amigo (cod_usuario,cod_usuario_invitado) VALUES ('2','352');
INSERT INTO G25_amigo (cod_usuario,cod_usuario_invitado) VALUES ('1','14');
INSERT INTO G25_amigo (cod_usuario,cod_usuario_invitado) VALUES ('9','136');
INSERT INTO G25_amigo (cod_usuario,cod_usuario_invitado) VALUES ('3','78');
INSERT INTO G25_amigo (cod_usuario,cod_usuario_invitado) VALUES ('7','378');
INSERT INTO G25_amigo (cod_usuario,cod_usuario_invitado) VALUES ('3','211');
INSERT INTO G25_amigo (cod_usuario,cod_usuario_invitado) VALUES ('3','267');
INSERT INTO G25_amigo (cod_usuario,cod_usuario_invitado) VALUES ('10','273');
INSERT INTO G25_amigo (cod_usuario,cod_usuario_invitado) VALUES ('3','294');
INSERT INTO G25_amigo (cod_usuario,cod_usuario_invitado) VALUES ('10','173');
INSERT INTO G25_amigo (cod_usuario,cod_usuario_invitado) VALUES ('10','582');
INSERT INTO G25_amigo (cod_usuario,cod_usuario_invitado) VALUES ('6','449');
INSERT INTO G25_amigo (cod_usuario,cod_usuario_invitado) VALUES ('8','228');
INSERT INTO G25_amigo (cod_usuario,cod_usuario_invitado) VALUES ('9','418');
INSERT INTO G25_amigo (cod_usuario,cod_usuario_invitado) VALUES ('3','455');
INSERT INTO G25_amigo (cod_usuario,cod_usuario_invitado) VALUES ('3','264');
INSERT INTO G25_amigo (cod_usuario,cod_usuario_invitado) VALUES ('4','180');
INSERT INTO G25_amigo (cod_usuario,cod_usuario_invitado) VALUES ('5','111');
INSERT INTO G25_amigo (cod_usuario,cod_usuario_invitado) VALUES ('6','421');
INSERT INTO G25_amigo (cod_usuario,cod_usuario_invitado) VALUES ('4','87');
INSERT INTO G25_amigo (cod_usuario,cod_usuario_invitado) VALUES ('4','322');
INSERT INTO G25_amigo (cod_usuario,cod_usuario_invitado) VALUES ('5','375');
INSERT INTO G25_amigo (cod_usuario,cod_usuario_invitado) VALUES ('10','267');
INSERT INTO G25_amigo (cod_usuario,cod_usuario_invitado) VALUES ('1','165');
INSERT INTO G25_amigo (cod_usuario,cod_usuario_invitado) VALUES ('10','599');
INSERT INTO G25_amigo (cod_usuario,cod_usuario_invitado) VALUES ('6','521');
INSERT INTO G25_amigo (cod_usuario,cod_usuario_invitado) VALUES ('10','63');
INSERT INTO G25_amigo (cod_usuario,cod_usuario_invitado) VALUES ('7','421');
INSERT INTO G25_amigo (cod_usuario,cod_usuario_invitado) VALUES ('5','304');
INSERT INTO G25_amigo (cod_usuario,cod_usuario_invitado) VALUES ('4','451');
INSERT INTO G25_amigo (cod_usuario,cod_usuario_invitado) VALUES ('3','376');
INSERT INTO G25_amigo (cod_usuario,cod_usuario_invitado) VALUES ('2','364');
INSERT INTO G25_amigo (cod_usuario,cod_usuario_invitado) VALUES ('10','392');
INSERT INTO G25_amigo (cod_usuario,cod_usuario_invitado) VALUES ('8','270');
INSERT INTO G25_amigo (cod_usuario,cod_usuario_invitado) VALUES ('4','62');
INSERT INTO G25_amigo (cod_usuario,cod_usuario_invitado) VALUES ('6','411');
INSERT INTO G25_amigo (cod_usuario,cod_usuario_invitado) VALUES ('7','53');
INSERT INTO G25_amigo (cod_usuario,cod_usuario_invitado) VALUES ('4','373');
INSERT INTO G25_amigo (cod_usuario,cod_usuario_invitado) VALUES ('6','232');
INSERT INTO G25_amigo (cod_usuario,cod_usuario_invitado) VALUES ('9','279');
INSERT INTO G25_amigo (cod_usuario,cod_usuario_invitado) VALUES ('4','274');
INSERT INTO G25_amigo (cod_usuario,cod_usuario_invitado) VALUES ('4','210');
INSERT INTO G25_amigo (cod_usuario,cod_usuario_invitado) VALUES ('6','568');
INSERT INTO G25_amigo (cod_usuario,cod_usuario_invitado) VALUES ('1','27');
INSERT INTO G25_amigo (cod_usuario,cod_usuario_invitado) VALUES ('5','269');
INSERT INTO G25_amigo (cod_usuario,cod_usuario_invitado) VALUES ('8','428');
INSERT INTO G25_amigo (cod_usuario,cod_usuario_invitado) VALUES ('1','591');
INSERT INTO G25_amigo (cod_usuario,cod_usuario_invitado) VALUES ('4','600');
INSERT INTO G25_amigo (cod_usuario,cod_usuario_invitado) VALUES ('7','65');
INSERT INTO G25_amigo (cod_usuario,cod_usuario_invitado) VALUES ('5','595');
INSERT INTO G25_amigo (cod_usuario,cod_usuario_invitado) VALUES ('3','24');
INSERT INTO G25_amigo (cod_usuario,cod_usuario_invitado) VALUES ('7','510');
INSERT INTO G25_amigo (cod_usuario,cod_usuario_invitado) VALUES ('2','590');
INSERT INTO G25_amigo (cod_usuario,cod_usuario_invitado) VALUES ('5','395');
INSERT INTO G25_amigo (cod_usuario,cod_usuario_invitado) VALUES ('4','219');
INSERT INTO G25_amigo (cod_usuario,cod_usuario_invitado) VALUES ('2','450');
INSERT INTO G25_amigo (cod_usuario,cod_usuario_invitado) VALUES ('9','272');
INSERT INTO G25_amigo (cod_usuario,cod_usuario_invitado) VALUES ('1','229');
INSERT INTO G25_amigo (cod_usuario,cod_usuario_invitado) VALUES ('4','91');
INSERT INTO G25_amigo (cod_usuario,cod_usuario_invitado) VALUES ('5','509');
INSERT INTO G25_amigo (cod_usuario,cod_usuario_invitado) VALUES ('6','131');
INSERT INTO G25_amigo (cod_usuario,cod_usuario_invitado) VALUES ('6','404');
INSERT INTO G25_amigo (cod_usuario,cod_usuario_invitado) VALUES ('3','528');
INSERT INTO G25_amigo (cod_usuario,cod_usuario_invitado) VALUES ('7','505');
INSERT INTO G25_amigo (cod_usuario,cod_usuario_invitado) VALUES ('10','71');
INSERT INTO G25_amigo (cod_usuario,cod_usuario_invitado) VALUES ('9','118');
INSERT INTO G25_amigo (cod_usuario,cod_usuario_invitado) VALUES ('2','304');
INSERT INTO G25_amigo (cod_usuario,cod_usuario_invitado) VALUES ('1','170');
INSERT INTO G25_amigo (cod_usuario,cod_usuario_invitado) VALUES ('5','310');
INSERT INTO G25_amigo (cod_usuario,cod_usuario_invitado) VALUES ('10','513');
INSERT INTO G25_amigo (cod_usuario,cod_usuario_invitado) VALUES ('9','37');
INSERT INTO G25_amigo (cod_usuario,cod_usuario_invitado) VALUES ('7','421');
INSERT INTO G25_amigo (cod_usuario,cod_usuario_invitado) VALUES ('6','423');
INSERT INTO G25_amigo (cod_usuario,cod_usuario_invitado) VALUES ('1','546');
INSERT INTO G25_amigo (cod_usuario,cod_usuario_invitado) VALUES ('9','303');
INSERT INTO G25_amigo (cod_usuario,cod_usuario_invitado) VALUES ('8','273');
INSERT INTO G25_amigo (cod_usuario,cod_usuario_invitado) VALUES ('8','191');
INSERT INTO G25_amigo (cod_usuario,cod_usuario_invitado) VALUES ('2','555');
INSERT INTO G25_amigo (cod_usuario,cod_usuario_invitado) VALUES ('2','479');
INSERT INTO G25_amigo (cod_usuario,cod_usuario_invitado) VALUES ('8','109');
INSERT INTO G25_amigo (cod_usuario,cod_usuario_invitado) VALUES ('10','358');
INSERT INTO G25_amigo (cod_usuario,cod_usuario_invitado) VALUES ('4','44');
INSERT INTO G25_amigo (cod_usuario,cod_usuario_invitado) VALUES ('2','255');
INSERT INTO G25_amigo (cod_usuario,cod_usuario_invitado) VALUES ('4','354');
INSERT INTO G25_amigo (cod_usuario,cod_usuario_invitado) VALUES ('10','177');
INSERT INTO G25_amigo (cod_usuario,cod_usuario_invitado) VALUES ('5','492');
INSERT INTO G25_amigo (cod_usuario,cod_usuario_invitado) VALUES ('4','30');
INSERT INTO G25_amigo (cod_usuario,cod_usuario_invitado) VALUES ('6','522');
INSERT INTO G25_amigo (cod_usuario,cod_usuario_invitado) VALUES ('8','360');
INSERT INTO G25_amigo (cod_usuario,cod_usuario_invitado) VALUES ('8','366');
INSERT INTO G25_amigo (cod_usuario,cod_usuario_invitado) VALUES ('2','322');
INSERT INTO G25_amigo (cod_usuario,cod_usuario_invitado) VALUES ('1','495');
INSERT INTO G25_amigo (cod_usuario,cod_usuario_invitado) VALUES ('9','114');
INSERT INTO G25_amigo (cod_usuario,cod_usuario_invitado) VALUES ('8','29');
INSERT INTO G25_amigo (cod_usuario,cod_usuario_invitado) VALUES ('10','308');
INSERT INTO G25_amigo (cod_usuario,cod_usuario_invitado) VALUES ('3','540');
INSERT INTO G25_amigo (cod_usuario,cod_usuario_invitado) VALUES ('2','365');
INSERT INTO G25_amigo (cod_usuario,cod_usuario_invitado) VALUES ('10','126');
INSERT INTO G25_amigo (cod_usuario,cod_usuario_invitado) VALUES ('1','196');
INSERT INTO G25_amigo (cod_usuario,cod_usuario_invitado) VALUES ('8','582');
INSERT INTO G25_amigo (cod_usuario,cod_usuario_invitado) VALUES ('7','146');
INSERT INTO G25_amigo (cod_usuario,cod_usuario_invitado) VALUES ('8','587');
INSERT INTO G25_amigo (cod_usuario,cod_usuario_invitado) VALUES ('3','185');
INSERT INTO G25_amigo (cod_usuario,cod_usuario_invitado) VALUES ('9','27');
INSERT INTO G25_amigo (cod_usuario,cod_usuario_invitado) VALUES ('10','375');
INSERT INTO G25_amigo (cod_usuario,cod_usuario_invitado) VALUES ('7','6');
INSERT INTO G25_amigo (cod_usuario,cod_usuario_invitado) VALUES ('2','429');
INSERT INTO G25_amigo (cod_usuario,cod_usuario_invitado) VALUES ('9','8');
INSERT INTO G25_amigo (cod_usuario,cod_usuario_invitado) VALUES ('10','350');
INSERT INTO G25_amigo (cod_usuario,cod_usuario_invitado) VALUES ('1','533');
INSERT INTO G25_amigo (cod_usuario,cod_usuario_invitado) VALUES ('1','175');
INSERT INTO G25_amigo (cod_usuario,cod_usuario_invitado) VALUES ('8','123');
INSERT INTO G25_amigo (cod_usuario,cod_usuario_invitado) VALUES ('9','456');
INSERT INTO G25_amigo (cod_usuario,cod_usuario_invitado) VALUES ('5','557');
INSERT INTO G25_amigo (cod_usuario,cod_usuario_invitado) VALUES ('1','128');
INSERT INTO G25_amigo (cod_usuario,cod_usuario_invitado) VALUES ('9','424');
INSERT INTO G25_amigo (cod_usuario,cod_usuario_invitado) VALUES ('5','412');
INSERT INTO G25_amigo (cod_usuario,cod_usuario_invitado) VALUES ('7','447');
INSERT INTO G25_amigo (cod_usuario,cod_usuario_invitado) VALUES ('10','318');
INSERT INTO G25_amigo (cod_usuario,cod_usuario_invitado) VALUES ('8','541');
INSERT INTO G25_amigo (cod_usuario,cod_usuario_invitado) VALUES ('2','265');
INSERT INTO G25_amigo (cod_usuario,cod_usuario_invitado) VALUES ('10','189');
INSERT INTO G25_amigo (cod_usuario,cod_usuario_invitado) VALUES ('2','446');
INSERT INTO G25_amigo (cod_usuario,cod_usuario_invitado) VALUES ('4','36');
INSERT INTO G25_amigo (cod_usuario,cod_usuario_invitado) VALUES ('4','233');
INSERT INTO G25_amigo (cod_usuario,cod_usuario_invitado) VALUES ('10','252');
INSERT INTO G25_amigo (cod_usuario,cod_usuario_invitado) VALUES ('7','441');
INSERT INTO G25_amigo (cod_usuario,cod_usuario_invitado) VALUES ('7','346');
INSERT INTO G25_amigo (cod_usuario,cod_usuario_invitado) VALUES ('5','23');
INSERT INTO G25_amigo (cod_usuario,cod_usuario_invitado) VALUES ('6','348');
INSERT INTO G25_amigo (cod_usuario,cod_usuario_invitado) VALUES ('3','242');
INSERT INTO G25_amigo (cod_usuario,cod_usuario_invitado) VALUES ('3','422');
INSERT INTO G25_amigo (cod_usuario,cod_usuario_invitado) VALUES ('1','582');
INSERT INTO G25_amigo (cod_usuario,cod_usuario_invitado) VALUES ('5','49');
INSERT INTO G25_amigo (cod_usuario,cod_usuario_invitado) VALUES ('5','142');
INSERT INTO G25_amigo (cod_usuario,cod_usuario_invitado) VALUES ('10','393');
INSERT INTO G25_amigo (cod_usuario,cod_usuario_invitado) VALUES ('7','535');
INSERT INTO G25_amigo (cod_usuario,cod_usuario_invitado) VALUES ('10','500');
INSERT INTO G25_amigo (cod_usuario,cod_usuario_invitado) VALUES ('7','178');
INSERT INTO G25_amigo (cod_usuario,cod_usuario_invitado) VALUES ('9','575');
INSERT INTO G25_amigo (cod_usuario,cod_usuario_invitado) VALUES ('7','503');
INSERT INTO G25_amigo (cod_usuario,cod_usuario_invitado) VALUES ('4','218');
INSERT INTO G25_amigo (cod_usuario,cod_usuario_invitado) VALUES ('6','1');
INSERT INTO G25_amigo (cod_usuario,cod_usuario_invitado) VALUES ('10','41');
INSERT INTO G25_amigo (cod_usuario,cod_usuario_invitado) VALUES ('1','266');
INSERT INTO G25_amigo (cod_usuario,cod_usuario_invitado) VALUES ('7','172');
INSERT INTO G25_amigo (cod_usuario,cod_usuario_invitado) VALUES ('9','560');
INSERT INTO G25_amigo (cod_usuario,cod_usuario_invitado) VALUES ('10','560');
INSERT INTO G25_amigo (cod_usuario,cod_usuario_invitado) VALUES ('10','262');
INSERT INTO G25_amigo (cod_usuario,cod_usuario_invitado) VALUES ('1','242');
INSERT INTO G25_amigo (cod_usuario,cod_usuario_invitado) VALUES ('7','597');
INSERT INTO G25_amigo (cod_usuario,cod_usuario_invitado) VALUES ('1','210');
INSERT INTO G25_amigo (cod_usuario,cod_usuario_invitado) VALUES ('9','15');
INSERT INTO G25_amigo (cod_usuario,cod_usuario_invitado) VALUES ('2','312');
INSERT INTO G25_amigo (cod_usuario,cod_usuario_invitado) VALUES ('4','44');
INSERT INTO G25_amigo (cod_usuario,cod_usuario_invitado) VALUES ('5','2');
INSERT INTO G25_amigo (cod_usuario,cod_usuario_invitado) VALUES ('10','513');
INSERT INTO G25_amigo (cod_usuario,cod_usuario_invitado) VALUES ('4','290');
INSERT INTO G25_amigo (cod_usuario,cod_usuario_invitado) VALUES ('9','183');
INSERT INTO G25_amigo (cod_usuario,cod_usuario_invitado) VALUES ('6','536');
INSERT INTO G25_amigo (cod_usuario,cod_usuario_invitado) VALUES ('8','119');
INSERT INTO G25_amigo (cod_usuario,cod_usuario_invitado) VALUES ('2','355');
INSERT INTO G25_amigo (cod_usuario,cod_usuario_invitado) VALUES ('2','101');
INSERT INTO G25_amigo (cod_usuario,cod_usuario_invitado) VALUES ('6','20');
INSERT INTO G25_amigo (cod_usuario,cod_usuario_invitado) VALUES ('7','322');
INSERT INTO G25_amigo (cod_usuario,cod_usuario_invitado) VALUES ('5','166');
INSERT INTO G25_amigo (cod_usuario,cod_usuario_invitado) VALUES ('6','295');
INSERT INTO G25_amigo (cod_usuario,cod_usuario_invitado) VALUES ('7','250');
INSERT INTO G25_amigo (cod_usuario,cod_usuario_invitado) VALUES ('6','484');
INSERT INTO G25_amigo (cod_usuario,cod_usuario_invitado) VALUES ('10','501');
INSERT INTO G25_amigo (cod_usuario,cod_usuario_invitado) VALUES ('9','247');
INSERT INTO G25_amigo (cod_usuario,cod_usuario_invitado) VALUES ('9','473');
INSERT INTO G25_amigo (cod_usuario,cod_usuario_invitado) VALUES ('3','122');
INSERT INTO G25_amigo (cod_usuario,cod_usuario_invitado) VALUES ('3','72');
INSERT INTO G25_amigo (cod_usuario,cod_usuario_invitado) VALUES ('6','493');
INSERT INTO G25_amigo (cod_usuario,cod_usuario_invitado) VALUES ('1','152');
INSERT INTO G25_amigo (cod_usuario,cod_usuario_invitado) VALUES ('1','114');
INSERT INTO G25_amigo (cod_usuario,cod_usuario_invitado) VALUES ('9','90');
INSERT INTO G25_amigo (cod_usuario,cod_usuario_invitado) VALUES ('4','220');
INSERT INTO G25_amigo (cod_usuario,cod_usuario_invitado) VALUES ('2','576');
INSERT INTO G25_amigo (cod_usuario,cod_usuario_invitado) VALUES ('10','371');
INSERT INTO G25_amigo (cod_usuario,cod_usuario_invitado) VALUES ('3','259');
INSERT INTO G25_amigo (cod_usuario,cod_usuario_invitado) VALUES ('2','515');
INSERT INTO G25_amigo (cod_usuario,cod_usuario_invitado) VALUES ('9','375');
INSERT INTO G25_amigo (cod_usuario,cod_usuario_invitado) VALUES ('7','469');
INSERT INTO G25_amigo (cod_usuario,cod_usuario_invitado) VALUES ('5','325');
INSERT INTO G25_amigo (cod_usuario,cod_usuario_invitado) VALUES ('2','178');
INSERT INTO G25_amigo (cod_usuario,cod_usuario_invitado) VALUES ('4','274');
INSERT INTO G25_amigo (cod_usuario,cod_usuario_invitado) VALUES ('5','360');
INSERT INTO G25_amigo (cod_usuario,cod_usuario_invitado) VALUES ('6','4');
INSERT INTO G25_amigo (cod_usuario,cod_usuario_invitado) VALUES ('5','352');
INSERT INTO G25_amigo (cod_usuario,cod_usuario_invitado) VALUES ('3','264');
INSERT INTO G25_amigo (cod_usuario,cod_usuario_invitado) VALUES ('8','62');
INSERT INTO G25_amigo (cod_usuario,cod_usuario_invitado) VALUES ('6','79');
INSERT INTO G25_amigo (cod_usuario,cod_usuario_invitado) VALUES ('5','464');
INSERT INTO G25_amigo (cod_usuario,cod_usuario_invitado) VALUES ('1','221');
INSERT INTO G25_amigo (cod_usuario,cod_usuario_invitado) VALUES ('4','195');
INSERT INTO G25_amigo (cod_usuario,cod_usuario_invitado) VALUES ('8','300');
INSERT INTO G25_amigo (cod_usuario,cod_usuario_invitado) VALUES ('2','388');
INSERT INTO G25_amigo (cod_usuario,cod_usuario_invitado) VALUES ('2','508');
INSERT INTO G25_amigo (cod_usuario,cod_usuario_invitado) VALUES ('5','349');
INSERT INTO G25_amigo (cod_usuario,cod_usuario_invitado) VALUES ('4','371');
INSERT INTO G25_amigo (cod_usuario,cod_usuario_invitado) VALUES ('9','429');
INSERT INTO G25_amigo (cod_usuario,cod_usuario_invitado) VALUES ('1','227');
INSERT INTO G25_amigo (cod_usuario,cod_usuario_invitado) VALUES ('4','390');
INSERT INTO G25_amigo (cod_usuario,cod_usuario_invitado) VALUES ('4','441');
INSERT INTO G25_amigo (cod_usuario,cod_usuario_invitado) VALUES ('3','386');
INSERT INTO G25_amigo (cod_usuario,cod_usuario_invitado) VALUES ('2','2');
INSERT INTO G25_amigo (cod_usuario,cod_usuario_invitado) VALUES ('8','458');
INSERT INTO G25_amigo (cod_usuario,cod_usuario_invitado) VALUES ('2','128');
INSERT INTO G25_amigo (cod_usuario,cod_usuario_invitado) VALUES ('6','140');
INSERT INTO G25_amigo (cod_usuario,cod_usuario_invitado) VALUES ('6','555');
INSERT INTO G25_amigo (cod_usuario,cod_usuario_invitado) VALUES ('6','228');
INSERT INTO G25_amigo (cod_usuario,cod_usuario_invitado) VALUES ('5','444');
INSERT INTO G25_amigo (cod_usuario,cod_usuario_invitado) VALUES ('1','328');
INSERT INTO G25_amigo (cod_usuario,cod_usuario_invitado) VALUES ('6','271');
INSERT INTO G25_amigo (cod_usuario,cod_usuario_invitado) VALUES ('2','582');
INSERT INTO G25_amigo (cod_usuario,cod_usuario_invitado) VALUES ('1','3');
INSERT INTO G25_amigo (cod_usuario,cod_usuario_invitado) VALUES ('7','86');
INSERT INTO G25_amigo (cod_usuario,cod_usuario_invitado) VALUES ('4','599');
INSERT INTO G25_amigo (cod_usuario,cod_usuario_invitado) VALUES ('8','459');
INSERT INTO G25_amigo (cod_usuario,cod_usuario_invitado) VALUES ('8','17');
INSERT INTO G25_amigo (cod_usuario,cod_usuario_invitado) VALUES ('5','543');
INSERT INTO G25_amigo (cod_usuario,cod_usuario_invitado) VALUES ('1','91');
INSERT INTO G25_amigo (cod_usuario,cod_usuario_invitado) VALUES ('7','110');
INSERT INTO G25_amigo (cod_usuario,cod_usuario_invitado) VALUES ('4','121');
INSERT INTO G25_amigo (cod_usuario,cod_usuario_invitado) VALUES ('5','567');
INSERT INTO G25_amigo (cod_usuario,cod_usuario_invitado) VALUES ('2','584');
INSERT INTO G25_amigo (cod_usuario,cod_usuario_invitado) VALUES ('4','329');
INSERT INTO G25_amigo (cod_usuario,cod_usuario_invitado) VALUES ('8','209');
INSERT INTO G25_amigo (cod_usuario,cod_usuario_invitado) VALUES ('1','178');
INSERT INTO G25_amigo (cod_usuario,cod_usuario_invitado) VALUES ('8','133');
INSERT INTO G25_amigo (cod_usuario,cod_usuario_invitado) VALUES ('3','520');
INSERT INTO G25_amigo (cod_usuario,cod_usuario_invitado) VALUES ('3','570');
INSERT INTO G25_amigo (cod_usuario,cod_usuario_invitado) VALUES ('1','364');
INSERT INTO G25_amigo (cod_usuario,cod_usuario_invitado) VALUES ('10','481');
INSERT INTO G25_amigo (cod_usuario,cod_usuario_invitado) VALUES ('4','407');
INSERT INTO G25_amigo (cod_usuario,cod_usuario_invitado) VALUES ('9','467');
INSERT INTO G25_amigo (cod_usuario,cod_usuario_invitado) VALUES ('6','521');
INSERT INTO G25_amigo (cod_usuario,cod_usuario_invitado) VALUES ('10','149');
INSERT INTO G25_amigo (cod_usuario,cod_usuario_invitado) VALUES ('1','177');
INSERT INTO G25_amigo (cod_usuario,cod_usuario_invitado) VALUES ('5','280');
INSERT INTO G25_amigo (cod_usuario,cod_usuario_invitado) VALUES ('3','344');
INSERT INTO G25_amigo (cod_usuario,cod_usuario_invitado) VALUES ('5','337');
INSERT INTO G25_amigo (cod_usuario,cod_usuario_invitado) VALUES ('2','89');
INSERT INTO G25_amigo (cod_usuario,cod_usuario_invitado) VALUES ('10','129');
INSERT INTO G25_amigo (cod_usuario,cod_usuario_invitado) VALUES ('5','425');
INSERT INTO G25_amigo (cod_usuario,cod_usuario_invitado) VALUES ('5','426');
INSERT INTO G25_amigo (cod_usuario,cod_usuario_invitado) VALUES ('6','395');
INSERT INTO G25_amigo (cod_usuario,cod_usuario_invitado) VALUES ('7','350');
INSERT INTO G25_amigo (cod_usuario,cod_usuario_invitado) VALUES ('3','362');
INSERT INTO G25_amigo (cod_usuario,cod_usuario_invitado) VALUES ('4','382');
INSERT INTO G25_amigo (cod_usuario,cod_usuario_invitado) VALUES ('3','127');
INSERT INTO G25_amigo (cod_usuario,cod_usuario_invitado) VALUES ('5','517');
INSERT INTO G25_amigo (cod_usuario,cod_usuario_invitado) VALUES ('1','206');
INSERT INTO G25_amigo (cod_usuario,cod_usuario_invitado) VALUES ('2','78');
INSERT INTO G25_amigo (cod_usuario,cod_usuario_invitado) VALUES ('7','335');
INSERT INTO G25_amigo (cod_usuario,cod_usuario_invitado) VALUES ('6','525');
INSERT INTO G25_amigo (cod_usuario,cod_usuario_invitado) VALUES ('2','20');
INSERT INTO G25_amigo (cod_usuario,cod_usuario_invitado) VALUES ('5','151');
INSERT INTO G25_amigo (cod_usuario,cod_usuario_invitado) VALUES ('2','206');
INSERT INTO G25_amigo (cod_usuario,cod_usuario_invitado) VALUES ('5','375');
INSERT INTO G25_amigo (cod_usuario,cod_usuario_invitado) VALUES ('1','539');
INSERT INTO G25_amigo (cod_usuario,cod_usuario_invitado) VALUES ('4','374');
INSERT INTO G25_amigo (cod_usuario,cod_usuario_invitado) VALUES ('6','594');
INSERT INTO G25_amigo (cod_usuario,cod_usuario_invitado) VALUES ('3','492');
INSERT INTO G25_amigo (cod_usuario,cod_usuario_invitado) VALUES ('6','353');
INSERT INTO G25_amigo (cod_usuario,cod_usuario_invitado) VALUES ('5','524');
INSERT INTO G25_amigo (cod_usuario,cod_usuario_invitado) VALUES ('8','522');
INSERT INTO G25_amigo (cod_usuario,cod_usuario_invitado) VALUES ('8','528');
INSERT INTO G25_amigo (cod_usuario,cod_usuario_invitado) VALUES ('3','505');
INSERT INTO G25_amigo (cod_usuario,cod_usuario_invitado) VALUES ('1','509');
INSERT INTO G25_amigo (cod_usuario,cod_usuario_invitado) VALUES ('4','362');
INSERT INTO G25_amigo (cod_usuario,cod_usuario_invitado) VALUES ('8','317');
INSERT INTO G25_amigo (cod_usuario,cod_usuario_invitado) VALUES ('7','94');
INSERT INTO G25_amigo (cod_usuario,cod_usuario_invitado) VALUES ('8','489');
INSERT INTO G25_amigo (cod_usuario,cod_usuario_invitado) VALUES ('5','146');
INSERT INTO G25_amigo (cod_usuario,cod_usuario_invitado) VALUES ('5','330');
INSERT INTO G25_amigo (cod_usuario,cod_usuario_invitado) VALUES ('2','462');
INSERT INTO G25_amigo (cod_usuario,cod_usuario_invitado) VALUES ('2','417');
INSERT INTO G25_amigo (cod_usuario,cod_usuario_invitado) VALUES ('8','226');
INSERT INTO G25_amigo (cod_usuario,cod_usuario_invitado) VALUES ('6','211');
INSERT INTO G25_amigo (cod_usuario,cod_usuario_invitado) VALUES ('10','582');
INSERT INTO G25_amigo (cod_usuario,cod_usuario_invitado) VALUES ('3','458');
INSERT INTO G25_amigo (cod_usuario,cod_usuario_invitado) VALUES ('9','574');
INSERT INTO G25_amigo (cod_usuario,cod_usuario_invitado) VALUES ('7','31');
INSERT INTO G25_amigo (cod_usuario,cod_usuario_invitado) VALUES ('8','390');
INSERT INTO G25_amigo (cod_usuario,cod_usuario_invitado) VALUES ('9','118');
INSERT INTO G25_amigo (cod_usuario,cod_usuario_invitado) VALUES ('3','372');
INSERT INTO G25_amigo (cod_usuario,cod_usuario_invitado) VALUES ('8','532');
INSERT INTO G25_amigo (cod_usuario,cod_usuario_invitado) VALUES ('8','302');
INSERT INTO G25_amigo (cod_usuario,cod_usuario_invitado) VALUES ('8','165');
INSERT INTO G25_amigo (cod_usuario,cod_usuario_invitado) VALUES ('8','84');
INSERT INTO G25_amigo (cod_usuario,cod_usuario_invitado) VALUES ('9','531');
INSERT INTO G25_amigo (cod_usuario,cod_usuario_invitado) VALUES ('10','597');
INSERT INTO G25_amigo (cod_usuario,cod_usuario_invitado) VALUES ('6','401');
INSERT INTO G25_amigo (cod_usuario,cod_usuario_invitado) VALUES ('4','57');
INSERT INTO G25_amigo (cod_usuario,cod_usuario_invitado) VALUES ('1','201');
INSERT INTO G25_amigo (cod_usuario,cod_usuario_invitado) VALUES ('1','146');
INSERT INTO G25_amigo (cod_usuario,cod_usuario_invitado) VALUES ('1','542');
INSERT INTO G25_amigo (cod_usuario,cod_usuario_invitado) VALUES ('2','444');
INSERT INTO G25_amigo (cod_usuario,cod_usuario_invitado) VALUES ('10','598');
INSERT INTO G25_amigo (cod_usuario,cod_usuario_invitado) VALUES ('4','511');
INSERT INTO G25_amigo (cod_usuario,cod_usuario_invitado) VALUES ('2','384');
INSERT INTO G25_amigo (cod_usuario,cod_usuario_invitado) VALUES ('5','550');
INSERT INTO G25_amigo (cod_usuario,cod_usuario_invitado) VALUES ('6','148');
INSERT INTO G25_amigo (cod_usuario,cod_usuario_invitado) VALUES ('5','136');
INSERT INTO G25_amigo (cod_usuario,cod_usuario_invitado) VALUES ('6','99');
INSERT INTO G25_amigo (cod_usuario,cod_usuario_invitado) VALUES ('4','207');
INSERT INTO G25_amigo (cod_usuario,cod_usuario_invitado) VALUES ('1','165');
INSERT INTO G25_amigo (cod_usuario,cod_usuario_invitado) VALUES ('4','378');
INSERT INTO G25_amigo (cod_usuario,cod_usuario_invitado) VALUES ('10','426');
INSERT INTO G25_amigo (cod_usuario,cod_usuario_invitado) VALUES ('8','577');
INSERT INTO G25_amigo (cod_usuario,cod_usuario_invitado) VALUES ('1','473');
INSERT INTO G25_amigo (cod_usuario,cod_usuario_invitado) VALUES ('3','86');
INSERT INTO G25_amigo (cod_usuario,cod_usuario_invitado) VALUES ('7','242');
INSERT INTO G25_amigo (cod_usuario,cod_usuario_invitado) VALUES ('9','387');
INSERT INTO G25_amigo (cod_usuario,cod_usuario_invitado) VALUES ('4','161');
INSERT INTO G25_amigo (cod_usuario,cod_usuario_invitado) VALUES ('5','355');
INSERT INTO G25_amigo (cod_usuario,cod_usuario_invitado) VALUES ('10','580');
INSERT INTO G25_amigo (cod_usuario,cod_usuario_invitado) VALUES ('6','260');
INSERT INTO G25_amigo (cod_usuario,cod_usuario_invitado) VALUES ('3','556');
INSERT INTO G25_amigo (cod_usuario,cod_usuario_invitado) VALUES ('7','440');
INSERT INTO G25_amigo (cod_usuario,cod_usuario_invitado) VALUES ('1','15');
INSERT INTO G25_amigo (cod_usuario,cod_usuario_invitado) VALUES ('1','85');
INSERT INTO G25_amigo (cod_usuario,cod_usuario_invitado) VALUES ('3','250');
INSERT INTO G25_amigo (cod_usuario,cod_usuario_invitado) VALUES ('8','145');
INSERT INTO G25_amigo (cod_usuario,cod_usuario_invitado) VALUES ('2','296');
INSERT INTO G25_amigo (cod_usuario,cod_usuario_invitado) VALUES ('3','103');
INSERT INTO G25_amigo (cod_usuario,cod_usuario_invitado) VALUES ('3','243');
INSERT INTO G25_amigo (cod_usuario,cod_usuario_invitado) VALUES ('4','583');
INSERT INTO G25_amigo (cod_usuario,cod_usuario_invitado) VALUES ('9','116');
INSERT INTO G25_amigo (cod_usuario,cod_usuario_invitado) VALUES ('7','123');
INSERT INTO G25_amigo (cod_usuario,cod_usuario_invitado) VALUES ('5','66');
INSERT INTO G25_amigo (cod_usuario,cod_usuario_invitado) VALUES ('8','220');
INSERT INTO G25_amigo (cod_usuario,cod_usuario_invitado) VALUES ('1','181');
INSERT INTO G25_amigo (cod_usuario,cod_usuario_invitado) VALUES ('8','172');
INSERT INTO G25_amigo (cod_usuario,cod_usuario_invitado) VALUES ('3','274');
INSERT INTO G25_amigo (cod_usuario,cod_usuario_invitado) VALUES ('1','192');
INSERT INTO G25_amigo (cod_usuario,cod_usuario_invitado) VALUES ('5','58');
INSERT INTO G25_amigo (cod_usuario,cod_usuario_invitado) VALUES ('5','467');
INSERT INTO G25_amigo (cod_usuario,cod_usuario_invitado) VALUES ('6','137');
INSERT INTO G25_amigo (cod_usuario,cod_usuario_invitado) VALUES ('1','383');
INSERT INTO G25_amigo (cod_usuario,cod_usuario_invitado) VALUES ('8','133');
INSERT INTO G25_amigo (cod_usuario,cod_usuario_invitado) VALUES ('9','1');
INSERT INTO G25_amigo (cod_usuario,cod_usuario_invitado) VALUES ('7','72');
INSERT INTO G25_amigo (cod_usuario,cod_usuario_invitado) VALUES ('10','260');
INSERT INTO G25_amigo (cod_usuario,cod_usuario_invitado) VALUES ('4','352');
INSERT INTO G25_amigo (cod_usuario,cod_usuario_invitado) VALUES ('7','462');
INSERT INTO G25_amigo (cod_usuario,cod_usuario_invitado) VALUES ('7','259');
INSERT INTO G25_amigo (cod_usuario,cod_usuario_invitado) VALUES ('2','462');
INSERT INTO G25_amigo (cod_usuario,cod_usuario_invitado) VALUES ('8','560');
INSERT INTO G25_amigo (cod_usuario,cod_usuario_invitado) VALUES ('1','577');
INSERT INTO G25_amigo (cod_usuario,cod_usuario_invitado) VALUES ('4','45');
INSERT INTO G25_amigo (cod_usuario,cod_usuario_invitado) VALUES ('3','521');
INSERT INTO G25_amigo (cod_usuario,cod_usuario_invitado) VALUES ('2','443');
INSERT INTO G25_amigo (cod_usuario,cod_usuario_invitado) VALUES ('7','408');
INSERT INTO G25_amigo (cod_usuario,cod_usuario_invitado) VALUES ('10','400');
INSERT INTO G25_amigo (cod_usuario,cod_usuario_invitado) VALUES ('4','413');
INSERT INTO G25_amigo (cod_usuario,cod_usuario_invitado) VALUES ('9','75');
INSERT INTO G25_amigo (cod_usuario,cod_usuario_invitado) VALUES ('7','307');
INSERT INTO G25_amigo (cod_usuario,cod_usuario_invitado) VALUES ('3','396');
INSERT INTO G25_amigo (cod_usuario,cod_usuario_invitado) VALUES ('10','332');
INSERT INTO G25_amigo (cod_usuario,cod_usuario_invitado) VALUES ('3','348');
INSERT INTO G25_amigo (cod_usuario,cod_usuario_invitado) VALUES ('4','565');
INSERT INTO G25_amigo (cod_usuario,cod_usuario_invitado) VALUES ('1','275');
INSERT INTO G25_amigo (cod_usuario,cod_usuario_invitado) VALUES ('8','447');
INSERT INTO G25_amigo (cod_usuario,cod_usuario_invitado) VALUES ('4','460');
INSERT INTO G25_amigo (cod_usuario,cod_usuario_invitado) VALUES ('8','467');
INSERT INTO G25_amigo (cod_usuario,cod_usuario_invitado) VALUES ('9','590');
INSERT INTO G25_amigo (cod_usuario,cod_usuario_invitado) VALUES ('7','5');
INSERT INTO G25_amigo (cod_usuario,cod_usuario_invitado) VALUES ('8','176');
INSERT INTO G25_amigo (cod_usuario,cod_usuario_invitado) VALUES ('7','413');
INSERT INTO G25_amigo (cod_usuario,cod_usuario_invitado) VALUES ('10','3');
INSERT INTO G25_amigo (cod_usuario,cod_usuario_invitado) VALUES ('4','507');
INSERT INTO G25_amigo (cod_usuario,cod_usuario_invitado) VALUES ('2','38');
INSERT INTO G25_amigo (cod_usuario,cod_usuario_invitado) VALUES ('4','222');
INSERT INTO G25_amigo (cod_usuario,cod_usuario_invitado) VALUES ('8','179');
INSERT INTO G25_amigo (cod_usuario,cod_usuario_invitado) VALUES ('10','581');
INSERT INTO G25_amigo (cod_usuario,cod_usuario_invitado) VALUES ('9','147');
INSERT INTO G25_amigo (cod_usuario,cod_usuario_invitado) VALUES ('10','534');
INSERT INTO G25_amigo (cod_usuario,cod_usuario_invitado) VALUES ('8','372');
INSERT INTO G25_amigo (cod_usuario,cod_usuario_invitado) VALUES ('7','55');
INSERT INTO G25_amigo (cod_usuario,cod_usuario_invitado) VALUES ('4','203');
INSERT INTO G25_amigo (cod_usuario,cod_usuario_invitado) VALUES ('9','135');
INSERT INTO G25_amigo (cod_usuario,cod_usuario_invitado) VALUES ('4','310');
INSERT INTO G25_amigo (cod_usuario,cod_usuario_invitado) VALUES ('3','25');
INSERT INTO G25_amigo (cod_usuario,cod_usuario_invitado) VALUES ('9','552');
INSERT INTO G25_amigo (cod_usuario,cod_usuario_invitado) VALUES ('8','460');
INSERT INTO G25_amigo (cod_usuario,cod_usuario_invitado) VALUES ('10','62');
INSERT INTO G25_amigo (cod_usuario,cod_usuario_invitado) VALUES ('7','32');
INSERT INTO G25_amigo (cod_usuario,cod_usuario_invitado) VALUES ('2','579');
INSERT INTO G25_amigo (cod_usuario,cod_usuario_invitado) VALUES ('5','532');
INSERT INTO G25_amigo (cod_usuario,cod_usuario_invitado) VALUES ('3','207');
INSERT INTO G25_amigo (cod_usuario,cod_usuario_invitado) VALUES ('9','85');
INSERT INTO G25_amigo (cod_usuario,cod_usuario_invitado) VALUES ('6','459');
INSERT INTO G25_amigo (cod_usuario,cod_usuario_invitado) VALUES ('1','174');
INSERT INTO G25_amigo (cod_usuario,cod_usuario_invitado) VALUES ('4','398');
INSERT INTO G25_amigo (cod_usuario,cod_usuario_invitado) VALUES ('4','462');
INSERT INTO G25_amigo (cod_usuario,cod_usuario_invitado) VALUES ('10','150');
INSERT INTO G25_amigo (cod_usuario,cod_usuario_invitado) VALUES ('10','192');
INSERT INTO G25_amigo (cod_usuario,cod_usuario_invitado) VALUES ('8','136');
INSERT INTO G25_amigo (cod_usuario,cod_usuario_invitado) VALUES ('4','344');
INSERT INTO G25_amigo (cod_usuario,cod_usuario_invitado) VALUES ('2','54');
INSERT INTO G25_amigo (cod_usuario,cod_usuario_invitado) VALUES ('4','42');
INSERT INTO G25_amigo (cod_usuario,cod_usuario_invitado) VALUES ('2','570');
INSERT INTO G25_amigo (cod_usuario,cod_usuario_invitado) VALUES ('2','214');
INSERT INTO G25_amigo (cod_usuario,cod_usuario_invitado) VALUES ('10','327');
INSERT INTO G25_amigo (cod_usuario,cod_usuario_invitado) VALUES ('3','106');
INSERT INTO G25_amigo (cod_usuario,cod_usuario_invitado) VALUES ('9','59');
INSERT INTO G25_amigo (cod_usuario,cod_usuario_invitado) VALUES ('4','287');
INSERT INTO G25_amigo (cod_usuario,cod_usuario_invitado) VALUES ('9','209');
INSERT INTO G25_amigo (cod_usuario,cod_usuario_invitado) VALUES ('8','148');
INSERT INTO G25_amigo (cod_usuario,cod_usuario_invitado) VALUES ('1','88');
INSERT INTO G25_amigo (cod_usuario,cod_usuario_invitado) VALUES ('1','7');
INSERT INTO G25_amigo (cod_usuario,cod_usuario_invitado) VALUES ('4','5');
INSERT INTO G25_amigo (cod_usuario,cod_usuario_invitado) VALUES ('4','95');
INSERT INTO G25_amigo (cod_usuario,cod_usuario_invitado) VALUES ('3','415');
INSERT INTO G25_amigo (cod_usuario,cod_usuario_invitado) VALUES ('8','228');
INSERT INTO G25_amigo (cod_usuario,cod_usuario_invitado) VALUES ('8','42');
INSERT INTO G25_amigo (cod_usuario,cod_usuario_invitado) VALUES ('5','584');
INSERT INTO G25_amigo (cod_usuario,cod_usuario_invitado) VALUES ('1','343');
INSERT INTO G25_amigo (cod_usuario,cod_usuario_invitado) VALUES ('4','559');


--Visitas

INSERT INTO G25_visita(cod_visita,fecha,cod_usuario,cod_paseo,cod_ciudad) VALUES (1,sysdate,1,1,1);
INSERT INTO G25_visita(cod_visita,fecha,cod_usuario,cod_paseo,cod_ciudad) VALUES (2,sysdate,2,4,2);

-- Original
-- Nota, puede que tupla :tipo sea incoherente, se realizan estas tuplas para probar solo ej 8
INSERT INTO G25_original(cod_comentario,tipodeorig) VALUES (1,'en_visita');
INSERT INTO G25_original(cod_comentario,tipodeorig) VALUES (2,'en_visita');
INSERT INTO G25_original(cod_comentario,tipodeorig) VALUES (3,'en_visita');
INSERT INTO G25_original(cod_comentario,tipodeorig) VALUES (4,'en_visita');
INSERT INTO G25_original(cod_comentario,tipodeorig) VALUES (5,'en_visita');
INSERT INTO G25_original(cod_comentario,tipodeorig) VALUES (6,'en_visita');
INSERT INTO G25_original(cod_comentario,tipodeorig) VALUES (7,'en_visita');
INSERT INTO G25_original(cod_comentario,tipodeorig) VALUES (8,'en_visita');
INSERT INTO G25_original(cod_comentario,tipodeorig) VALUES (9,'en_visita');
INSERT INTO G25_original(cod_comentario,tipodeorig) VALUES (10,'en_visita');
INSERT INTO G25_original(cod_comentario,tipodeorig) VALUES (11,'en_visita');
INSERT INTO G25_original(cod_comentario,tipodeorig) VALUES (12,'en_visita');
INSERT INTO G25_original(cod_comentario,tipodeorig) VALUES (13,'en_visita');
INSERT INTO G25_original(cod_comentario,tipodeorig) VALUES (14,'en_visita');
INSERT INTO G25_original(cod_comentario,tipodeorig) VALUES (15,'en_visita');


-- en visita

INSERT INTO G25_en_visita(cod_comentario,cod_visita) VALUES (1,1);
INSERT INTO G25_en_visita(cod_comentario,cod_visita) VALUES (2,1);
INSERT INTO G25_en_visita(cod_comentario,cod_visita) VALUES (3,1);
INSERT INTO G25_en_visita(cod_comentario,cod_visita) VALUES (4,1);
INSERT INTO G25_en_visita(cod_comentario,cod_visita) VALUES (5,1);
INSERT INTO G25_en_visita(cod_comentario,cod_visita) VALUES (6,1);
INSERT INTO G25_en_visita(cod_comentario,cod_visita) VALUES (7,1);
INSERT INTO G25_en_visita(cod_comentario,cod_visita) VALUES (8,1);
INSERT INTO G25_en_visita(cod_comentario,cod_visita) VALUES (9,1);
INSERT INTO G25_en_visita(cod_comentario,cod_visita) VALUES (10,2);
INSERT INTO G25_en_visita(cod_comentario,cod_visita) VALUES (11,2);
INSERT INTO G25_en_visita(cod_comentario,cod_visita) VALUES (12,2);
INSERT INTO G25_en_visita(cod_comentario,cod_visita) VALUES (13,2);
INSERT INTO G25_en_visita(cod_comentario,cod_visita) VALUES (14,2);
INSERT INTO G25_en_visita(cod_comentario,cod_visita) VALUES (15,2);