--tipo actividad	
INSERT INTO G25_tipo_actividad(id_tipo_act,nombre) VALUES (1,'deportiva');
INSERT INTO G25_tipo_actividad(id_tipo_act,nombre) VALUES (2,'social');
INSERT INTO G25_tipo_actividad(id_tipo_act,nombre) VALUES (3,'cultural');
--actividad
INSERT INTO G25_actividad(id_actividad,nombre_actividad,elemento_necesario,id_tipo_act) VALUES(1,'caminata','dos patas',1);
INSERT INTO G25_actividad(id_actividad,nombre_actividad,elemento_necesario,id_tipo_act) VALUES(2,'boliche','ropa',2);
INSERT INTO G25_actividad(id_actividad,nombre_actividad,elemento_necesario,id_tipo_act) VALUES(3,'canotaje','brazos',1);
INSERT INTO G25_actividad(id_actividad,nombre_actividad,elemento_necesario,id_tipo_act) VALUES(4,'museo','',3);
INSERT INTO G25_actividad(id_actividad,nombre_actividad,elemento_necesario,id_tipo_act) VALUES(5,'Playa','sombrilla y malla',2);
--ciudades
INSERT INTO G25_ciudad(cod_ciudad,nombre_ciudad,partido,provincia) VALUES (1,'Mar del plata','Pueyrredon','Buenos Aires');
INSERT INTO G25_ciudad(cod_ciudad,nombre_ciudad,partido,provincia) VALUES (2,'Tandil','Pueyrredon','Buenos Aires');
INSERT INTO G25_ciudad(cod_ciudad,nombre_ciudad,partido,provincia) VALUES (3,'Buenos Aires','','');
--Paseos
INSERT INTO G25_paseo(cod_ciudad,cod_paseo,nombre_paseo,descripcion,cod_usuario) VALUES (1,1,'La feliz en verano','Temporada de verano','Marto');
INSERT INTO G25_paseo(cod_ciudad,cod_paseo,nombre_paseo,descripcion,cod_usuario) VALUES (1,2,'La feliz en verano2','Temporada de verano','Marto');
INSERT INTO G25_paseo(cod_ciudad,cod_paseo,nombre_paseo,descripcion,cod_usuario) VALUES (2,4,'Tandil historico','Todo trucho','Marto');
INSERT INTO G25_paseo(cod_ciudad,cod_paseo,nombre_paseo,descripcion,cod_usuario) VALUES (2,5,'Tandil cultural','Paisanos por todos lados','Marto');
INSERT INTO G25_paseo(cod_ciudad,cod_paseo,nombre_paseo,descripcion,cod_usuario) VALUES (2,6,'Tandil viejo','Sin caminata','Marto');
--relacion actividad-paseo
INSERT INTO G25_realizada_en(id_actividad,cod_paseo,cod_ciudad) VALUES (1,1,1);
INSERT INTO G25_realizada_en(id_actividad,cod_paseo,cod_ciudad) VALUES (2,1,1);
INSERT INTO G25_realizada_en(id_actividad,cod_paseo,cod_ciudad) VALUES (3,1,1);
INSERT INTO G25_realizada_en(id_actividad,cod_paseo,cod_ciudad) VALUES (5,1,1);
INSERT INTO G25_realizada_en(id_actividad,cod_paseo,cod_ciudad) VALUES (1,4,2);
INSERT INTO G25_realizada_en(id_actividad,cod_paseo,cod_ciudad) VALUES (4,4,2);
INSERT INTO G25_realizada_en(id_actividad,cod_paseo,cod_ciudad) VALUES (1,5,2);
INSERT INTO G25_realizada_en(id_actividad,cod_paseo,cod_ciudad) VALUES (4,5,2);
INSERT INTO G25_realizada_en(id_actividad,cod_paseo,cod_ciudad) VALUES (3,5,2);
INSERT INTO G25_realizada_en(id_actividad,cod_paseo,cod_ciudad) VALUES (4,6,2);
--Usuario
INSERT INTO G25_usuario (cod_usuario,nombres,apellidos,email,nick) VALUES ('1','Briar','Hopkins','sit.amet.massa@non.edu','Ciara');
INSERT INTO G25_usuario (cod_usuario,nombres,apellidos,email,nick) VALUES ('2','Cally','Bartlett','id@magna.org','Hyacinth');
INSERT INTO G25_usuario (cod_usuario,nombres,apellidos,email,nick) VALUES ('3','Clementine','Mccoy','risus.odio@dictumProineget.edu','Amy');
INSERT INTO G25_usuario (cod_usuario,nombres,apellidos,email,nick) VALUES ('4','Rhea','Rowland','pretium@ac.edu','Guy');
INSERT INTO G25_usuario (cod_usuario,nombres,apellidos,email,nick) VALUES ('5','Cara','Wilson','at.auctor.ullamcorper@pharetrafelis.com','Neville');
INSERT INTO G25_usuario (cod_usuario,nombres,apellidos,email,nick) VALUES ('6','Stacy','Price','fringilla.Donec.feugiat@actellus.org','Malcolm');
INSERT INTO G25_usuario (cod_usuario,nombres,apellidos,email,nick) VALUES ('7','Azalia','Suarez','lobortis.quis@atfringillapurus.edu','Remedios');
INSERT INTO G25_usuario (cod_usuario,nombres,apellidos,email,nick) VALUES ('8','Luke','Bell','Aliquam.fringilla@parturientmontesnascetur.edu','Veronica');
INSERT INTO G25_usuario (cod_usuario,nombres,apellidos,email,nick) VALUES ('9','Maggie','Tate','dictum@nullaIntincidunt.ca','Lenore');
INSERT INTO G25_usuario (cod_usuario,nombres,apellidos,email,nick) VALUES ('10','James','Sherman','lorem.eget.mollis@dictumplacerat.org','Ima');
INSERT INTO G25_usuario (cod_usuario,nombres,apellidos,email,nick) VALUES ('11','Brynne','Burton','tempor.diam@ligulaAliquamerat.ca','Kiayada');
INSERT INTO G25_usuario (cod_usuario,nombres,apellidos,email,nick) VALUES ('12','Ingrid','Gilliam','mauris.eu@duiaugueeu.edu','MacKensie');
INSERT INTO G25_usuario (cod_usuario,nombres,apellidos,email,nick) VALUES ('13','Karly','Hale','ornare.Fusce.mollis@penatibus.ca','Kitra');
INSERT INTO G25_usuario (cod_usuario,nombres,apellidos,email,nick) VALUES ('14','Kasimir','Lindsay','egestas.blandit@elitpharetraut.com','Urielle');
INSERT INTO G25_usuario (cod_usuario,nombres,apellidos,email,nick) VALUES ('15','Azalia','Newman','malesuada@dolor.org','Jeremy');
INSERT INTO G25_usuario (cod_usuario,nombres,apellidos,email,nick) VALUES ('16','Frances','Wiggins','facilisis.eget.ipsum@loremut.ca','Blair');
INSERT INTO G25_usuario (cod_usuario,nombres,apellidos,email,nick) VALUES ('17','Cole','Pollard','pede.ultrices@molestiesodales.ca','Valentine');
INSERT INTO G25_usuario (cod_usuario,nombres,apellidos,email,nick) VALUES ('18','Nevada','Franco','sagittis.felis.Donec@ut.com','Giacomo');
INSERT INTO G25_usuario (cod_usuario,nombres,apellidos,email,nick) VALUES ('19','Paki','Jefferson','placerat.eget@Nuncsollicitudin.com','Raya');
INSERT INTO G25_usuario (cod_usuario,nombres,apellidos,email,nick) VALUES ('20','Thor','Ware','felis@dolorquamelementum.org','Zeph');
INSERT INTO G25_usuario (cod_usuario,nombres,apellidos,email,nick) VALUES ('21','Quinn','Washington','dictum@Mauris.edu','Ronan');
INSERT INTO G25_usuario (cod_usuario,nombres,apellidos,email,nick) VALUES ('22','Jemima','Taylor','scelerisque@quamdignissimpharetra.edu','Nissim');
INSERT INTO G25_usuario (cod_usuario,nombres,apellidos,email,nick) VALUES ('23','Chase','Irwin','dis.parturient@Suspendisseac.com','Farrah');
INSERT INTO G25_usuario (cod_usuario,nombres,apellidos,email,nick) VALUES ('24','Murphy','Lloyd','sodales.nisi.magna@liberoInteger.com','Georgia');
INSERT INTO G25_usuario (cod_usuario,nombres,apellidos,email,nick) VALUES ('25','Grant','Rhodes','purus.in@sapienCrasdolor.com','Hermione');
INSERT INTO G25_usuario (cod_usuario,nombres,apellidos,email,nick) VALUES ('26','Keelie','Mccullough','tellus@Curae;.edu','Jordan');
INSERT INTO G25_usuario (cod_usuario,nombres,apellidos,email,nick) VALUES ('27','Nerea','Owen','est@nonmagna.com','Brennan');
INSERT INTO G25_usuario (cod_usuario,nombres,apellidos,email,nick) VALUES ('28','Brady','Delacruz','pellentesque.massa@pedeNunc.edu','Adrian');
INSERT INTO G25_usuario (cod_usuario,nombres,apellidos,email,nick) VALUES ('29','Robert','Mathis','blandit.congue@aliquet.edu','Oscar');
INSERT INTO G25_usuario (cod_usuario,nombres,apellidos,email,nick) VALUES ('30','Grant','Farrell','lacus@temporbibendum.edu','Cody');
INSERT INTO G25_usuario (cod_usuario,nombres,apellidos,email,nick) VALUES ('31','Brynne','Ford','Donec@velpedeblandit.org','Zane');
INSERT INTO G25_usuario (cod_usuario,nombres,apellidos,email,nick) VALUES ('32','Xaviera','Fernandez','metus.urna.convallis@at.org','Byron');
INSERT INTO G25_usuario (cod_usuario,nombres,apellidos,email,nick) VALUES ('33','Elvis','Burke','tellus.Suspendisse.sed@sapiengravidanon.edu','Delilah');
INSERT INTO G25_usuario (cod_usuario,nombres,apellidos,email,nick) VALUES ('34','Emery','James','elit.fermentum.risus@Aliquamultricesiaculis.edu','Amos');
INSERT INTO G25_usuario (cod_usuario,nombres,apellidos,email,nick) VALUES ('35','Harper','Giles','quis.diam@volutpat.edu','Amena');
INSERT INTO G25_usuario (cod_usuario,nombres,apellidos,email,nick) VALUES ('36','Lila','Velez','ac.mattis@ametornare.edu','Wallace');
INSERT INTO G25_usuario (cod_usuario,nombres,apellidos,email,nick) VALUES ('37','Hyacinth','Watkins','pede.ultrices@montesnasceturridiculus.org','Destiny');
INSERT INTO G25_usuario (cod_usuario,nombres,apellidos,email,nick) VALUES ('38','Camden','Justice','et@nibhQuisque.edu','Whilemina');
INSERT INTO G25_usuario (cod_usuario,nombres,apellidos,email,nick) VALUES ('39','India','Powers','ultrices@a.org','Mason');
INSERT INTO G25_usuario (cod_usuario,nombres,apellidos,email,nick) VALUES ('40','Harrison','Dale','erat.semper@musAenean.ca','Vaughan');
INSERT INTO G25_usuario (cod_usuario,nombres,apellidos,email,nick) VALUES ('41','Lilah','Hogan','Duis@lacus.ca','Devin');
INSERT INTO G25_usuario (cod_usuario,nombres,apellidos,email,nick) VALUES ('42','Elijah','Todd','egestas@felisorciadipiscing.ca','Illiana');
INSERT INTO G25_usuario (cod_usuario,nombres,apellidos,email,nick) VALUES ('43','Channing','Austin','Fusce.mollis.Duis@egestashendrerit.ca','Sonya');
INSERT INTO G25_usuario (cod_usuario,nombres,apellidos,email,nick) VALUES ('44','Nicholas','Jacobs','Mauris.non.dui@mollis.edu','Nyssa');
INSERT INTO G25_usuario (cod_usuario,nombres,apellidos,email,nick) VALUES ('45','Fatima','Harmon','laoreet@Sed.org','Jessamine');
INSERT INTO G25_usuario (cod_usuario,nombres,apellidos,email,nick) VALUES ('46','Ahmed','Arnold','adipiscing.lacus@aliquameros.com','Martena');
INSERT INTO G25_usuario (cod_usuario,nombres,apellidos,email,nick) VALUES ('47','Celeste','Gross','Etiam.bibendum.fermentum@tristiquealiquetPhasellus.org','Kristen');
INSERT INTO G25_usuario (cod_usuario,nombres,apellidos,email,nick) VALUES ('48','Danielle','Hodge','urna.Nullam.lobortis@lectus.edu','Maggy');
INSERT INTO G25_usuario (cod_usuario,nombres,apellidos,email,nick) VALUES ('49','Farrah','Graves','rutrum@velitegestas.ca','Joan');
INSERT INTO G25_usuario (cod_usuario,nombres,apellidos,email,nick) VALUES ('50','Quamar','Garner','faucibus.orci@miac.ca','May');
INSERT INTO G25_usuario (cod_usuario,nombres,apellidos,email,nick) VALUES ('51','Emerald','Reeves','luctus@elementumlorem.org','Quentin');
INSERT INTO G25_usuario (cod_usuario,nombres,apellidos,email,nick) VALUES ('52','Desiree','Joseph','non@semperauctor.edu','Odette');
INSERT INTO G25_usuario (cod_usuario,nombres,apellidos,email,nick) VALUES ('53','Kristen','Duncan','Quisque@Nulla.org','Quentin');
INSERT INTO G25_usuario (cod_usuario,nombres,apellidos,email,nick) VALUES ('54','Kermit','Aguirre','id.erat.Etiam@Duisvolutpatnunc.org','Dahlia');
INSERT INTO G25_usuario (cod_usuario,nombres,apellidos,email,nick) VALUES ('55','Maggie','Workman','eros.turpis@odioNaminterdum.ca','Barclay');
INSERT INTO G25_usuario (cod_usuario,nombres,apellidos,email,nick) VALUES ('56','Lacy','Barrett','aliquet.nec@et.org','Rhea');
INSERT INTO G25_usuario (cod_usuario,nombres,apellidos,email,nick) VALUES ('57','Brent','Vega','Donec.fringilla.Donec@nec.ca','Mollie');
INSERT INTO G25_usuario (cod_usuario,nombres,apellidos,email,nick) VALUES ('58','Gemma','Suarez','ac.arcu.Nunc@eratvolutpatNulla.org','Hanae');
INSERT INTO G25_usuario (cod_usuario,nombres,apellidos,email,nick) VALUES ('59','Guy','Sweet','vitae.mauris@eutelluseu.com','Kerry');
INSERT INTO G25_usuario (cod_usuario,nombres,apellidos,email,nick) VALUES ('60','Jorden','Waters','vitae.erat@elitNullafacilisi.org','Vernon');
INSERT INTO G25_usuario (cod_usuario,nombres,apellidos,email,nick) VALUES ('61','Burke','Green','tempus@nonummyacfeugiat.ca','Amery');
INSERT INTO G25_usuario (cod_usuario,nombres,apellidos,email,nick) VALUES ('62','Sandra','Murray','mauris@iaculis.ca','Hillary');
INSERT INTO G25_usuario (cod_usuario,nombres,apellidos,email,nick) VALUES ('63','Olympia','Kennedy','nisi.nibh@enimmitempor.edu','Irma');
INSERT INTO G25_usuario (cod_usuario,nombres,apellidos,email,nick) VALUES ('64','Sara','Reynolds','natoque@semperpretiumneque.org','Bradley');
INSERT INTO G25_usuario (cod_usuario,nombres,apellidos,email,nick) VALUES ('65','Asher','Mooney','aliquet.Phasellus@sodalesat.ca','Hunter');
INSERT INTO G25_usuario (cod_usuario,nombres,apellidos,email,nick) VALUES ('66','Abra','Cardenas','elementum.at.egestas@Integersemelit.com','Nita');
INSERT INTO G25_usuario (cod_usuario,nombres,apellidos,email,nick) VALUES ('67','Jada','Barton','ut.lacus@venenatislacusEtiam.ca','Quail');
INSERT INTO G25_usuario (cod_usuario,nombres,apellidos,email,nick) VALUES ('68','Hyatt','Anthony','Maecenas.malesuada@Loremipsumdolor.org','Reuben');
INSERT INTO G25_usuario (cod_usuario,nombres,apellidos,email,nick) VALUES ('69','Madonna','Taylor','eu.ligula@Nullam.org','Darryl');
INSERT INTO G25_usuario (cod_usuario,nombres,apellidos,email,nick) VALUES ('70','Keane','Meyer','ultrices@cubiliaCurae;.edu','Allistair');
INSERT INTO G25_usuario (cod_usuario,nombres,apellidos,email,nick) VALUES ('71','Ralph','Miles','pretium.neque@tempus.com','Nelle');
INSERT INTO G25_usuario (cod_usuario,nombres,apellidos,email,nick) VALUES ('72','Elvis','Strickland','id@magnaUttincidunt.ca','Jonas');
INSERT INTO G25_usuario (cod_usuario,nombres,apellidos,email,nick) VALUES ('73','John','Harding','orci.luctus.et@sociisnatoquepenatibus.ca','Elvis');
INSERT INTO G25_usuario (cod_usuario,nombres,apellidos,email,nick) VALUES ('74','Warren','Eaton','Sed.eu.nibh@purussapiengravida.org','Quynn');
INSERT INTO G25_usuario (cod_usuario,nombres,apellidos,email,nick) VALUES ('75','Marny','Adams','ornare.lectus@vel.org','Larissa');
INSERT INTO G25_usuario (cod_usuario,nombres,apellidos,email,nick) VALUES ('76','Scott','Pearson','consectetuer.euismod@aliquet.edu','Renee');
INSERT INTO G25_usuario (cod_usuario,nombres,apellidos,email,nick) VALUES ('77','Ria','Thompson','enim.commodo@Fusce.ca','Cecilia');
INSERT INTO G25_usuario (cod_usuario,nombres,apellidos,email,nick) VALUES ('78','Quamar','Nicholson','Nullam.vitae.diam@faucibusMorbivehicula.org','Francesca');
INSERT INTO G25_usuario (cod_usuario,nombres,apellidos,email,nick) VALUES ('79','Duncan','Andrews','Integer@nibhPhasellusnulla.edu','Robin');
INSERT INTO G25_usuario (cod_usuario,nombres,apellidos,email,nick) VALUES ('80','Leslie','Poole','lectus.sit@Nunc.org','Wayne');
INSERT INTO G25_usuario (cod_usuario,nombres,apellidos,email,nick) VALUES ('81','Lucy','Davenport','Donec.elementum@variusNamporttitor.edu','Jolene');
INSERT INTO G25_usuario (cod_usuario,nombres,apellidos,email,nick) VALUES ('82','Anika','Pennington','scelerisque@amagnaLorem.edu','Dolan');
INSERT INTO G25_usuario (cod_usuario,nombres,apellidos,email,nick) VALUES ('83','Reuben','Galloway','Phasellus.fermentum.convallis@sed.org','Regina');
INSERT INTO G25_usuario (cod_usuario,nombres,apellidos,email,nick) VALUES ('84','Nathaniel','Bray','augue.eu.tempor@Maecenasmalesuadafringilla.ca','Ignacia');
INSERT INTO G25_usuario (cod_usuario,nombres,apellidos,email,nick) VALUES ('85','Lynn','French','ligula@nostraperinceptos.ca','Phoebe');
INSERT INTO G25_usuario (cod_usuario,nombres,apellidos,email,nick) VALUES ('86','Yuri','Blankenship','odio.auctor@cursusvestibulumMauris.edu','McKenzie');
INSERT INTO G25_usuario (cod_usuario,nombres,apellidos,email,nick) VALUES ('87','Tallulah','Bird','eget.metus@Ut.ca','Olympia');
INSERT INTO G25_usuario (cod_usuario,nombres,apellidos,email,nick) VALUES ('88','Blake','Mcbride','ac.sem@ullamcorperviverraMaecenas.com','Leila');
INSERT INTO G25_usuario (cod_usuario,nombres,apellidos,email,nick) VALUES ('89','Minerva','Mcguire','urna.Vivamus.molestie@egetipsumSuspendisse.edu','Shafira');
INSERT INTO G25_usuario (cod_usuario,nombres,apellidos,email,nick) VALUES ('90','Savannah','Michael','pellentesque.massa.lobortis@quis.com','Audra');
INSERT INTO G25_usuario (cod_usuario,nombres,apellidos,email,nick) VALUES ('91','Brooke','Roberts','sem@sedorcilobortis.ca','Tashya');
INSERT INTO G25_usuario (cod_usuario,nombres,apellidos,email,nick) VALUES ('92','Maia','Hunter','suscipit.est.ac@enimMaurisquis.edu','Josephine');
INSERT INTO G25_usuario (cod_usuario,nombres,apellidos,email,nick) VALUES ('93','Petra','Bryant','bibendum.ullamcorper.Duis@Loremipsumdolor.com','Nero');
INSERT INTO G25_usuario (cod_usuario,nombres,apellidos,email,nick) VALUES ('94','Madonna','Farrell','nunc.In@egestaslacinia.ca','Jena');
INSERT INTO G25_usuario (cod_usuario,nombres,apellidos,email,nick) VALUES ('95','Kay','Beard','mi.enim@gravida.edu','Ori');
INSERT INTO G25_usuario (cod_usuario,nombres,apellidos,email,nick) VALUES ('96','Zelda','Ayala','mauris@at.com','Vera');
INSERT INTO G25_usuario (cod_usuario,nombres,apellidos,email,nick) VALUES ('97','Madonna','Clements','est.ac@adipiscing.edu','Richard');
INSERT INTO G25_usuario (cod_usuario,nombres,apellidos,email,nick) VALUES ('98','Eliana','Mccoy','faucibus.id@eu.edu','Shoshana');
INSERT INTO G25_usuario (cod_usuario,nombres,apellidos,email,nick) VALUES ('99','Kylan','Prince','tempus@ornare.com','Denton');
INSERT INTO G25_usuario (cod_usuario,nombres,apellidos,email,nick) VALUES ('100','Holly','Pickett','ligula@Nulla.org','Sophia');
INSERT INTO G25_usuario (cod_usuario,nombres,apellidos,email,nick) VALUES ('101','Kristen','Black','vitae.erat@Proin.org','Hadassah');
INSERT INTO G25_usuario (cod_usuario,nombres,apellidos,email,nick) VALUES ('102','Buckminster','Castaneda','Fusce@eratSed.com','Cora');
INSERT INTO G25_usuario (cod_usuario,nombres,apellidos,email,nick) VALUES ('103','Shaeleigh','Kent','Aliquam.vulputate.ullamcorper@maurisMorbinon.com','Echo');
INSERT INTO G25_usuario (cod_usuario,nombres,apellidos,email,nick) VALUES ('104','Addison','Houston','luctus.ut.pellentesque@velitSedmalesuada.edu','Harper');
INSERT INTO G25_usuario (cod_usuario,nombres,apellidos,email,nick) VALUES ('105','Jeanette','Jimenez','turpis@Aenean.ca','Carly');
INSERT INTO G25_usuario (cod_usuario,nombres,apellidos,email,nick) VALUES ('106','Rose','Vaughn','nibh.sit@mauris.org','Stephanie');
INSERT INTO G25_usuario (cod_usuario,nombres,apellidos,email,nick) VALUES ('107','Jacob','Mccoy','magnis.dis.parturient@iaculisaliquetdiam.org','Suki');
INSERT INTO G25_usuario (cod_usuario,nombres,apellidos,email,nick) VALUES ('108','Robert','Justice','tempus@vitaeposuereat.edu','Ginger');
INSERT INTO G25_usuario (cod_usuario,nombres,apellidos,email,nick) VALUES ('109','Odette','Cannon','sed.consequat.auctor@elitafeugiat.ca','Lydia');
INSERT INTO G25_usuario (cod_usuario,nombres,apellidos,email,nick) VALUES ('110','Philip','Lowe','a@pellentesquetellus.org','Willa');
INSERT INTO G25_usuario (cod_usuario,nombres,apellidos,email,nick) VALUES ('111','Hamilton','Morales','vitae@laoreet.edu','Rooney');
INSERT INTO G25_usuario (cod_usuario,nombres,apellidos,email,nick) VALUES ('112','Harriet','Doyle','ut.quam@enimnec.org','Conan');
INSERT INTO G25_usuario (cod_usuario,nombres,apellidos,email,nick) VALUES ('113','Lucius','Levine','lectus.a.sollicitudin@vulputaterisus.edu','Brandon');
INSERT INTO G25_usuario (cod_usuario,nombres,apellidos,email,nick) VALUES ('114','Illana','Buchanan','dictum.mi.ac@Curabituregestasnunc.ca','Duncan');
INSERT INTO G25_usuario (cod_usuario,nombres,apellidos,email,nick) VALUES ('115','Chase','Chase','Nulla.tempor@dis.edu','Ivory');
INSERT INTO G25_usuario (cod_usuario,nombres,apellidos,email,nick) VALUES ('116','Tate','Huff','turpis.Nulla.aliquet@duisemperet.org','Kelly');
INSERT INTO G25_usuario (cod_usuario,nombres,apellidos,email,nick) VALUES ('117','Stone','Mccarty','diam.eu.dolor@hendrerita.com','Talon');
INSERT INTO G25_usuario (cod_usuario,nombres,apellidos,email,nick) VALUES ('118','Audra','Downs','nec.leo.Morbi@velitinaliquet.com','Zachery');
INSERT INTO G25_usuario (cod_usuario,nombres,apellidos,email,nick) VALUES ('119','Sopoline','Robertson','mi@eueleifend.com','Florence');
INSERT INTO G25_usuario (cod_usuario,nombres,apellidos,email,nick) VALUES ('120','Marcia','Bridges','ipsum.cursus.vestibulum@euodio.edu','Finn');
INSERT INTO G25_usuario (cod_usuario,nombres,apellidos,email,nick) VALUES ('121','Tyrone','Barnett','volutpat.Nulla@Quisque.com','Aurora');
INSERT INTO G25_usuario (cod_usuario,nombres,apellidos,email,nick) VALUES ('122','Carol','Booker','hendrerit@diamDuismi.ca','Mary');
INSERT INTO G25_usuario (cod_usuario,nombres,apellidos,email,nick) VALUES ('123','Beatrice','Byrd','dis.parturient@libero.ca','Warren');
INSERT INTO G25_usuario (cod_usuario,nombres,apellidos,email,nick) VALUES ('124','Armando','Mason','gravida.sit@nonjustoProin.ca','Rudyard');
INSERT INTO G25_usuario (cod_usuario,nombres,apellidos,email,nick) VALUES ('125','Marvin','Harrington','tristique@sodales.org','Jayme');
INSERT INTO G25_usuario (cod_usuario,nombres,apellidos,email,nick) VALUES ('126','Kim','Rojas','ridiculus.mus@Nullam.ca','Cheyenne');
INSERT INTO G25_usuario (cod_usuario,nombres,apellidos,email,nick) VALUES ('127','Kamal','Martinez','mi.eleifend.egestas@etipsum.ca','Lilah');
INSERT INTO G25_usuario (cod_usuario,nombres,apellidos,email,nick) VALUES ('128','Brittany','Ferrell','urna@Suspendissenonleo.ca','Kessie');
INSERT INTO G25_usuario (cod_usuario,nombres,apellidos,email,nick) VALUES ('129','Gage','Battle','Praesent@miac.edu','Ariana');
INSERT INTO G25_usuario (cod_usuario,nombres,apellidos,email,nick) VALUES ('130','Nora','Lott','velit.eu@ligulaAliquamerat.edu','Ira');
INSERT INTO G25_usuario (cod_usuario,nombres,apellidos,email,nick) VALUES ('131','Wade','Pickett','tortor@urna.edu','Hyatt');
INSERT INTO G25_usuario (cod_usuario,nombres,apellidos,email,nick) VALUES ('132','Fatima','Coleman','in.tempus@justo.ca','Jasmine');
INSERT INTO G25_usuario (cod_usuario,nombres,apellidos,email,nick) VALUES ('133','Geoffrey','Waters','malesuada@Maurisnondui.ca','Leslie');
INSERT INTO G25_usuario (cod_usuario,nombres,apellidos,email,nick) VALUES ('134','Quail','Gaines','Aliquam.nisl@elitpellentesquea.edu','Maris');
INSERT INTO G25_usuario (cod_usuario,nombres,apellidos,email,nick) VALUES ('135','Caleb','Hardy','orci@vitaemauris.ca','Orli');
INSERT INTO G25_usuario (cod_usuario,nombres,apellidos,email,nick) VALUES ('136','Harlan','Forbes','id.blandit.at@lobortisultrices.ca','Walter');
INSERT INTO G25_usuario (cod_usuario,nombres,apellidos,email,nick) VALUES ('137','Maris','Boyd','sociis.natoque.penatibus@Donec.edu','Ashton');
INSERT INTO G25_usuario (cod_usuario,nombres,apellidos,email,nick) VALUES ('138','Anjolie','Langley','tempus.mauris.erat@lectuspedeet.com','Barbara');
INSERT INTO G25_usuario (cod_usuario,nombres,apellidos,email,nick) VALUES ('139','Drake','Lancaster','ultrices.Vivamus@nullaIntegerurna.com','Beatrice');
INSERT INTO G25_usuario (cod_usuario,nombres,apellidos,email,nick) VALUES ('140','Michelle','Guy','vel.sapien@ligula.edu','Nissim');
INSERT INTO G25_usuario (cod_usuario,nombres,apellidos,email,nick) VALUES ('141','Mollie','Ayala','sit@odiotristiquepharetra.edu','Roth');
INSERT INTO G25_usuario (cod_usuario,nombres,apellidos,email,nick) VALUES ('142','Shelly','Saunders','erat.vitae@liberoProinmi.ca','Yvette');
INSERT INTO G25_usuario (cod_usuario,nombres,apellidos,email,nick) VALUES ('143','Jessica','Heath','ac.ipsum.Phasellus@nonegestasa.com','Ivy');
INSERT INTO G25_usuario (cod_usuario,nombres,apellidos,email,nick) VALUES ('144','Jessamine','Terrell','luctus.Curabitur.egestas@lacusCras.com','Carol');
INSERT INTO G25_usuario (cod_usuario,nombres,apellidos,email,nick) VALUES ('145','Wyoming','Jordan','ante@ligulaAeneaneuismod.org','Michelle');
INSERT INTO G25_usuario (cod_usuario,nombres,apellidos,email,nick) VALUES ('146','Ali','Buckley','blandit.congue@Aliquam.org','Kyra');
INSERT INTO G25_usuario (cod_usuario,nombres,apellidos,email,nick) VALUES ('147','Phyllis','Haynes','eu.nibh.vulputate@sapienNunc.ca','Zena');
INSERT INTO G25_usuario (cod_usuario,nombres,apellidos,email,nick) VALUES ('148','Virginia','Parrish','Nunc.laoreet@duiin.org','Louis');
INSERT INTO G25_usuario (cod_usuario,nombres,apellidos,email,nick) VALUES ('149','Doris','Pruitt','orci@facilisisSuspendissecommodo.ca','Yuli');
INSERT INTO G25_usuario (cod_usuario,nombres,apellidos,email,nick) VALUES ('150','Zelda','Delacruz','egestas.Fusce.aliquet@temporbibendum.org','Galvin');
INSERT INTO G25_usuario (cod_usuario,nombres,apellidos,email,nick) VALUES ('151','Shad','Harris','risus.Morbi.metus@egestasAliquam.com','Hamish');
INSERT INTO G25_usuario (cod_usuario,nombres,apellidos,email,nick) VALUES ('152','Kristen','Stuart','Mauris.vel.turpis@estMauriseu.ca','Wendy');
INSERT INTO G25_usuario (cod_usuario,nombres,apellidos,email,nick) VALUES ('153','Brynn','Cantrell','nisi@ornare.edu','Abraham');
INSERT INTO G25_usuario (cod_usuario,nombres,apellidos,email,nick) VALUES ('154','Alvin','Romero','eget@quis.ca','Aurora');
INSERT INTO G25_usuario (cod_usuario,nombres,apellidos,email,nick) VALUES ('155','Beverly','Serrano','nulla.ante@tortordictumeu.ca','Dara');
INSERT INTO G25_usuario (cod_usuario,nombres,apellidos,email,nick) VALUES ('156','Meghan','Petersen','tristique.pharetra@lorem.com','Dean');
INSERT INTO G25_usuario (cod_usuario,nombres,apellidos,email,nick) VALUES ('157','Hayes','Garrison','justo.faucibus@sem.com','Cecilia');
INSERT INTO G25_usuario (cod_usuario,nombres,apellidos,email,nick) VALUES ('158','Ciaran','Kaufman','orci.in.consequat@ipsum.org','Eric');
INSERT INTO G25_usuario (cod_usuario,nombres,apellidos,email,nick) VALUES ('159','Leila','Washington','ut.quam.vel@Nullasempertellus.org','Harriet');
INSERT INTO G25_usuario (cod_usuario,nombres,apellidos,email,nick) VALUES ('160','Jillian','Weber','Nullam.suscipit.est@adipiscing.ca','Lesley');
INSERT INTO G25_usuario (cod_usuario,nombres,apellidos,email,nick) VALUES ('161','Galvin','Coleman','purus.in.molestie@semeget.org','Reuben');
INSERT INTO G25_usuario (cod_usuario,nombres,apellidos,email,nick) VALUES ('162','Tate','House','amet@congue.com','Raymond');
INSERT INTO G25_usuario (cod_usuario,nombres,apellidos,email,nick) VALUES ('163','Nathan','Dominguez','Integer@eros.ca','Jolene');
INSERT INTO G25_usuario (cod_usuario,nombres,apellidos,email,nick) VALUES ('164','Katelyn','Lawrence','arcu@vulputateposuere.com','Steel');
INSERT INTO G25_usuario (cod_usuario,nombres,apellidos,email,nick) VALUES ('165','Brett','Frost','In.tincidunt@enimnislelementum.org','Madeson');
INSERT INTO G25_usuario (cod_usuario,nombres,apellidos,email,nick) VALUES ('166','Isaac','Randall','Cum.sociis.natoque@vitaedolor.com','Chava');
INSERT INTO G25_usuario (cod_usuario,nombres,apellidos,email,nick) VALUES ('167','Griffin','Keith','Mauris.nulla@sem.ca','Lawrence');
INSERT INTO G25_usuario (cod_usuario,nombres,apellidos,email,nick) VALUES ('168','Venus','Watson','sodales@erategettincidunt.com','Addison');
INSERT INTO G25_usuario (cod_usuario,nombres,apellidos,email,nick) VALUES ('169','Veronica','Odonnell','pede.nec.ante@posuereatvelit.com','Brenden');
INSERT INTO G25_usuario (cod_usuario,nombres,apellidos,email,nick) VALUES ('170','Zeus','Aguilar','ac.mattis.semper@mauris.org','Jordan');
INSERT INTO G25_usuario (cod_usuario,nombres,apellidos,email,nick) VALUES ('171','Mufutau','Fisher','ac.metus.vitae@ipsumprimisin.com','Malachi');
INSERT INTO G25_usuario (cod_usuario,nombres,apellidos,email,nick) VALUES ('172','Miranda','Miller','ipsum@varius.org','Charity');
INSERT INTO G25_usuario (cod_usuario,nombres,apellidos,email,nick) VALUES ('173','Breanna','Ford','sodales.elit.erat@vitaeodio.ca','Kerry');
INSERT INTO G25_usuario (cod_usuario,nombres,apellidos,email,nick) VALUES ('174','Brynn','Ochoa','sociosqu@Namacnulla.ca','Kyla');
INSERT INTO G25_usuario (cod_usuario,nombres,apellidos,email,nick) VALUES ('175','Adam','Merrill','ac@elitpede.com','Alea');
INSERT INTO G25_usuario (cod_usuario,nombres,apellidos,email,nick) VALUES ('176','Declan','Holmes','mi.lorem@quisturpisvitae.org','Zachery');
INSERT INTO G25_usuario (cod_usuario,nombres,apellidos,email,nick) VALUES ('177','Jaime','Lewis','consectetuer.adipiscing.elit@Vivamusrhoncus.org','Rhoda');
INSERT INTO G25_usuario (cod_usuario,nombres,apellidos,email,nick) VALUES ('178','Hall','Mccarty','luctus@eu.ca','Eugenia');
INSERT INTO G25_usuario (cod_usuario,nombres,apellidos,email,nick) VALUES ('179','Ira','Buck','adipiscing@loremacrisus.ca','Zenia');
INSERT INTO G25_usuario (cod_usuario,nombres,apellidos,email,nick) VALUES ('180','Reagan','Hartman','Aenean.sed@eleifendnec.org','Addison');
INSERT INTO G25_usuario (cod_usuario,nombres,apellidos,email,nick) VALUES ('181','Ocean','Hodge','Nullam@malesuada.edu','Josiah');
INSERT INTO G25_usuario (cod_usuario,nombres,apellidos,email,nick) VALUES ('182','Byron','Dominguez','Curabitur.ut.odio@dictum.org','Judith');
INSERT INTO G25_usuario (cod_usuario,nombres,apellidos,email,nick) VALUES ('183','Merritt','Reynolds','sollicitudin@ipsum.com','Teegan');
INSERT INTO G25_usuario (cod_usuario,nombres,apellidos,email,nick) VALUES ('184','Jolie','Terry','at.egestas@molestie.edu','Rhiannon');
INSERT INTO G25_usuario (cod_usuario,nombres,apellidos,email,nick) VALUES ('185','Malik','Bentley','Suspendisse@Seddiam.com','Quail');
INSERT INTO G25_usuario (cod_usuario,nombres,apellidos,email,nick) VALUES ('186','Lucius','Acevedo','magna@pedeSuspendisse.edu','Cyrus');
INSERT INTO G25_usuario (cod_usuario,nombres,apellidos,email,nick) VALUES ('187','Noelani','Humphrey','eget.varius@eratsemper.org','Amber');
INSERT INTO G25_usuario (cod_usuario,nombres,apellidos,email,nick) VALUES ('188','Vera','Fitzgerald','ullamcorper@sapienAenean.ca','Brody');
INSERT INTO G25_usuario (cod_usuario,nombres,apellidos,email,nick) VALUES ('189','Christopher','Yates','mi.eleifend.egestas@rhoncusid.org','Xaviera');
INSERT INTO G25_usuario (cod_usuario,nombres,apellidos,email,nick) VALUES ('190','Caesar','Rojas','nisi.nibh@Inatpede.ca','Jack');
INSERT INTO G25_usuario (cod_usuario,nombres,apellidos,email,nick) VALUES ('191','Dorian','Mason','varius@Curabitursed.ca','Kennan');
INSERT INTO G25_usuario (cod_usuario,nombres,apellidos,email,nick) VALUES ('192','Emerald','Webster','dui.in@diam.ca','Elijah');
INSERT INTO G25_usuario (cod_usuario,nombres,apellidos,email,nick) VALUES ('193','Grady','Sanchez','congue@DonecestNunc.org','Belle');
INSERT INTO G25_usuario (cod_usuario,nombres,apellidos,email,nick) VALUES ('194','Jocelyn','Gay','arcu.Vestibulum.ante@luctus.org','Ifeoma');
INSERT INTO G25_usuario (cod_usuario,nombres,apellidos,email,nick) VALUES ('195','Emerson','Weber','amet@Aliquamvulputateullamcorper.com','Declan');
INSERT INTO G25_usuario (cod_usuario,nombres,apellidos,email,nick) VALUES ('196','Ashely','Wright','sagittis@miDuis.com','Nora');
INSERT INTO G25_usuario (cod_usuario,nombres,apellidos,email,nick) VALUES ('197','Randall','Manning','vel.pede@amet.ca','Patricia');
INSERT INTO G25_usuario (cod_usuario,nombres,apellidos,email,nick) VALUES ('198','Jamalia','Monroe','justo.sit.amet@etmagnis.edu','Mechelle');
INSERT INTO G25_usuario (cod_usuario,nombres,apellidos,email,nick) VALUES ('199','Lilah','Estrada','augue.malesuada@liberodui.ca','Jamalia');
INSERT INTO G25_usuario (cod_usuario,nombres,apellidos,email,nick) VALUES ('200','Zelenia','Solis','sodales.at@famesacturpis.edu','Lydia');
INSERT INTO G25_usuario (cod_usuario,nombres,apellidos,email,nick) VALUES ('201','Shelley','Buckley','sed.dolor@quamvel.com','Julian');
INSERT INTO G25_usuario (cod_usuario,nombres,apellidos,email,nick) VALUES ('202','Farrah','Chase','turpis@et.edu','Iona');
INSERT INTO G25_usuario (cod_usuario,nombres,apellidos,email,nick) VALUES ('203','Gabriel','Dalton','est@luctus.org','Kuame');
INSERT INTO G25_usuario (cod_usuario,nombres,apellidos,email,nick) VALUES ('204','Clare','Stuart','sapien@placerategetvenenatis.edu','Kristen');
INSERT INTO G25_usuario (cod_usuario,nombres,apellidos,email,nick) VALUES ('205','Tanya','Rich','Suspendisse@a.ca','George');
INSERT INTO G25_usuario (cod_usuario,nombres,apellidos,email,nick) VALUES ('206','Madonna','Flores','mauris.ipsum@sociisnatoquepenatibus.com','Clinton');
INSERT INTO G25_usuario (cod_usuario,nombres,apellidos,email,nick) VALUES ('207','Solomon','James','Duis.at.lacus@nonbibendum.org','Larissa');
INSERT INTO G25_usuario (cod_usuario,nombres,apellidos,email,nick) VALUES ('208','Eugenia','Summers','Ut.nec@eleifendegestas.org','Kuame');
INSERT INTO G25_usuario (cod_usuario,nombres,apellidos,email,nick) VALUES ('209','Leilani','Middleton','erat@vestibulum.ca','Nita');
INSERT INTO G25_usuario (cod_usuario,nombres,apellidos,email,nick) VALUES ('210','Ferdinand','Harmon','Nulla.tempor@mattis.com','Tate');
INSERT INTO G25_usuario (cod_usuario,nombres,apellidos,email,nick) VALUES ('211','Donna','Brewer','dui.Cum.sociis@Aeneanegestas.edu','Samuel');
INSERT INTO G25_usuario (cod_usuario,nombres,apellidos,email,nick) VALUES ('212','Hadassah','Shelton','eget.metus.eu@lectusa.org','David');
INSERT INTO G25_usuario (cod_usuario,nombres,apellidos,email,nick) VALUES ('213','Alisa','Montgomery','ullamcorper.magna.Sed@aliquamiaculis.ca','Yasir');
INSERT INTO G25_usuario (cod_usuario,nombres,apellidos,email,nick) VALUES ('214','Curran','Green','Class@Vestibulum.edu','Indigo');
INSERT INTO G25_usuario (cod_usuario,nombres,apellidos,email,nick) VALUES ('215','Meredith','Bird','felis@nislarcu.edu','Ursula');
INSERT INTO G25_usuario (cod_usuario,nombres,apellidos,email,nick) VALUES ('216','Brooke','Sosa','sem.mollis.dui@mattis.edu','Erasmus');
INSERT INTO G25_usuario (cod_usuario,nombres,apellidos,email,nick) VALUES ('217','Chase','Trujillo','Pellentesque.habitant@semconsequatnec.ca','Xyla');
INSERT INTO G25_usuario (cod_usuario,nombres,apellidos,email,nick) VALUES ('218','Lionel','Wooten','Sed@Maecenasmalesuada.edu','Cruz');
INSERT INTO G25_usuario (cod_usuario,nombres,apellidos,email,nick) VALUES ('219','Jameson','Estrada','Quisque.purus@enimdiam.ca','Nerea');
INSERT INTO G25_usuario (cod_usuario,nombres,apellidos,email,nick) VALUES ('220','Emery','Townsend','magna.Duis@arcuSed.ca','Martena');
INSERT INTO G25_usuario (cod_usuario,nombres,apellidos,email,nick) VALUES ('221','Irene','Fields','malesuada.ut@mienim.edu','Brooke');
INSERT INTO G25_usuario (cod_usuario,nombres,apellidos,email,nick) VALUES ('222','Erica','Harrell','blandit.Nam.nulla@nonummyipsumnon.edu','Daria');
INSERT INTO G25_usuario (cod_usuario,nombres,apellidos,email,nick) VALUES ('223','Guinevere','Kirby','porttitor@velturpisAliquam.org','Dana');
INSERT INTO G25_usuario (cod_usuario,nombres,apellidos,email,nick) VALUES ('224','Bevis','Bush','magna.et.ipsum@lacusvestibulum.edu','Beck');
INSERT INTO G25_usuario (cod_usuario,nombres,apellidos,email,nick) VALUES ('225','Whilemina','Palmer','sagittis@arcu.org','Felix');
INSERT INTO G25_usuario (cod_usuario,nombres,apellidos,email,nick) VALUES ('226','Samuel','Knight','massa@conubianostra.ca','Xenos');
INSERT INTO G25_usuario (cod_usuario,nombres,apellidos,email,nick) VALUES ('227','Quincy','Buckley','arcu.ac.orci@nulla.ca','Idola');
INSERT INTO G25_usuario (cod_usuario,nombres,apellidos,email,nick) VALUES ('228','Melvin','Pugh','ligula.Aenean.gravida@Curabiturdictum.com','Gretchen');
INSERT INTO G25_usuario (cod_usuario,nombres,apellidos,email,nick) VALUES ('229','Tamara','Padilla','amet.luctus.vulputate@a.edu','Xandra');
INSERT INTO G25_usuario (cod_usuario,nombres,apellidos,email,nick) VALUES ('230','Xander','Hayden','ut.eros@dictumeleifend.org','Indigo');
INSERT INTO G25_usuario (cod_usuario,nombres,apellidos,email,nick) VALUES ('231','Kevyn','Horton','sem@Aliquamultricesiaculis.com','Maryam');
INSERT INTO G25_usuario (cod_usuario,nombres,apellidos,email,nick) VALUES ('232','Salvador','Dunlap','egestas.rhoncus.Proin@nislMaecenas.org','Fuller');
INSERT INTO G25_usuario (cod_usuario,nombres,apellidos,email,nick) VALUES ('233','Barrett','Hubbard','Vestibulum@Sedauctorodio.edu','Stewart');
INSERT INTO G25_usuario (cod_usuario,nombres,apellidos,email,nick) VALUES ('234','Shellie','Riddle','et.magnis@dolor.ca','Paul');
INSERT INTO G25_usuario (cod_usuario,nombres,apellidos,email,nick) VALUES ('235','Imogene','Boyle','vehicula.aliquet@ultricies.edu','Abbot');
INSERT INTO G25_usuario (cod_usuario,nombres,apellidos,email,nick) VALUES ('236','Burke','Barr','cursus@tristiquesenectus.ca','Kasper');
INSERT INTO G25_usuario (cod_usuario,nombres,apellidos,email,nick) VALUES ('237','Emma','Case','tempus.eu.ligula@posuerevulputate.edu','Janna');
INSERT INTO G25_usuario (cod_usuario,nombres,apellidos,email,nick) VALUES ('238','Nina','Leblanc','ipsum.nunc.id@fringillaporttitor.org','Vivian');
INSERT INTO G25_usuario (cod_usuario,nombres,apellidos,email,nick) VALUES ('239','Alexandra','Dunn','vel.turpis@est.edu','Dylan');
INSERT INTO G25_usuario (cod_usuario,nombres,apellidos,email,nick) VALUES ('240','Jared','Horne','libero.Morbi.accumsan@Lorem.com','Lesley');
INSERT INTO G25_usuario (cod_usuario,nombres,apellidos,email,nick) VALUES ('241','Vernon','Chandler','non.dapibus.rutrum@lorem.edu','Rinah');
INSERT INTO G25_usuario (cod_usuario,nombres,apellidos,email,nick) VALUES ('242','Howard','Wright','nunc.ac.mattis@aceleifendvitae.ca','Whoopi');
INSERT INTO G25_usuario (cod_usuario,nombres,apellidos,email,nick) VALUES ('243','Maggy','Davenport','tristique@urnaNullam.edu','Brady');
INSERT INTO G25_usuario (cod_usuario,nombres,apellidos,email,nick) VALUES ('244','Rhonda','Underwood','Quisque@laoreetlectusquis.org','Maile');
INSERT INTO G25_usuario (cod_usuario,nombres,apellidos,email,nick) VALUES ('245','Leonard','Justice','Aliquam@elitdictum.com','Rashad');
INSERT INTO G25_usuario (cod_usuario,nombres,apellidos,email,nick) VALUES ('246','Cathleen','Crawford','Aliquam.nec.enim@magnaNam.edu','Clementine');
INSERT INTO G25_usuario (cod_usuario,nombres,apellidos,email,nick) VALUES ('247','Rhea','Crane','non.luctus.sit@massarutrum.org','Guy');
INSERT INTO G25_usuario (cod_usuario,nombres,apellidos,email,nick) VALUES ('248','Victoria','Mathis','libero.Donec@cursusluctusipsum.com','Len');
INSERT INTO G25_usuario (cod_usuario,nombres,apellidos,email,nick) VALUES ('249','Mannix','Holloway','Integer@luctusaliquet.ca','Rebecca');
INSERT INTO G25_usuario (cod_usuario,nombres,apellidos,email,nick) VALUES ('250','Yvette','King','vestibulum.Mauris.magna@dolor.ca','Steven');
INSERT INTO G25_usuario (cod_usuario,nombres,apellidos,email,nick) VALUES ('251','Camilla','Ramos','Donec@risusaultricies.edu','Nita');
INSERT INTO G25_usuario (cod_usuario,nombres,apellidos,email,nick) VALUES ('252','Jacob','Macias','Cras.eu@facilisismagnatellus.edu','Galena');
INSERT INTO G25_usuario (cod_usuario,nombres,apellidos,email,nick) VALUES ('253','Allistair','Fry','magna.Suspendisse@massa.com','Athena');
INSERT INTO G25_usuario (cod_usuario,nombres,apellidos,email,nick) VALUES ('254','Marah','Gentry','Nunc.quis@orci.org','Inga');
INSERT INTO G25_usuario (cod_usuario,nombres,apellidos,email,nick) VALUES ('255','Camille','Tucker','ac@loremloremluctus.org','Darius');
INSERT INTO G25_usuario (cod_usuario,nombres,apellidos,email,nick) VALUES ('256','Ria','Willis','vehicula.et.rutrum@Curae;Donec.ca','Lynn');
INSERT INTO G25_usuario (cod_usuario,nombres,apellidos,email,nick) VALUES ('257','Amity','Coleman','vitae@pretium.edu','Wyatt');
INSERT INTO G25_usuario (cod_usuario,nombres,apellidos,email,nick) VALUES ('258','Amber','Singleton','ligula.Aenean.gravida@taciti.ca','Hunter');
INSERT INTO G25_usuario (cod_usuario,nombres,apellidos,email,nick) VALUES ('259','Cassandra','Valencia','pharetra.ut@imperdiet.edu','Xander');
INSERT INTO G25_usuario (cod_usuario,nombres,apellidos,email,nick) VALUES ('260','Willow','Thompson','Cras.dictum@Duismi.edu','Molly');
INSERT INTO G25_usuario (cod_usuario,nombres,apellidos,email,nick) VALUES ('261','Judith','Hester','Sed.pharetra.felis@pede.ca','Cassandra');
INSERT INTO G25_usuario (cod_usuario,nombres,apellidos,email,nick) VALUES ('262','Susan','Hunt','vitae.nibh@Crasloremlorem.org','Tanek');
INSERT INTO G25_usuario (cod_usuario,nombres,apellidos,email,nick) VALUES ('263','Carlos','Terrell','pede.Cum.sociis@accumsansedfacilisis.com','Sarah');
INSERT INTO G25_usuario (cod_usuario,nombres,apellidos,email,nick) VALUES ('264','Willa','Reynolds','consectetuer.cursus@et.com','Lars');
INSERT INTO G25_usuario (cod_usuario,nombres,apellidos,email,nick) VALUES ('265','Victor','Boone','morbi.tristique@sem.edu','Zephania');
INSERT INTO G25_usuario (cod_usuario,nombres,apellidos,email,nick) VALUES ('266','Martena','Pickett','quis@Donecdignissimmagna.com','Buckminster');
INSERT INTO G25_usuario (cod_usuario,nombres,apellidos,email,nick) VALUES ('267','Lawrence','Bryant','auctor.odio@tempus.com','Brent');
INSERT INTO G25_usuario (cod_usuario,nombres,apellidos,email,nick) VALUES ('268','Karina','Murray','ligula.eu.enim@imperdiet.edu','Bradley');
INSERT INTO G25_usuario (cod_usuario,nombres,apellidos,email,nick) VALUES ('269','Aquila','Martinez','odio@massaSuspendisseeleifend.edu','Henry');
INSERT INTO G25_usuario (cod_usuario,nombres,apellidos,email,nick) VALUES ('270','Buffy','Foreman','pellentesque.Sed.dictum@rutrummagnaCras.edu','Lacy');
INSERT INTO G25_usuario (cod_usuario,nombres,apellidos,email,nick) VALUES ('271','Brynne','Paul','Quisque@necdiam.com','Yolanda');
INSERT INTO G25_usuario (cod_usuario,nombres,apellidos,email,nick) VALUES ('272','Xavier','Camacho','enim.Suspendisse@vel.com','Castor');
INSERT INTO G25_usuario (cod_usuario,nombres,apellidos,email,nick) VALUES ('273','Erica','Holman','sed.facilisis@Cumsociisnatoque.com','Yvonne');
INSERT INTO G25_usuario (cod_usuario,nombres,apellidos,email,nick) VALUES ('274','Ruby','Daugherty','nonummy@vitae.com','Harper');
INSERT INTO G25_usuario (cod_usuario,nombres,apellidos,email,nick) VALUES ('275','Ann','Hartman','parturient.montes.nascetur@dictumProineget.org','Miriam');
INSERT INTO G25_usuario (cod_usuario,nombres,apellidos,email,nick) VALUES ('276','Davis','Bishop','quam.a.felis@tinciduntaliquamarcu.org','Boris');
INSERT INTO G25_usuario (cod_usuario,nombres,apellidos,email,nick) VALUES ('277','Karly','Stone','diam@tellusPhasellus.com','Colin');
INSERT INTO G25_usuario (cod_usuario,nombres,apellidos,email,nick) VALUES ('278','Shana','Horton','ipsum@fringillaestMauris.com','Shana');
INSERT INTO G25_usuario (cod_usuario,nombres,apellidos,email,nick) VALUES ('279','Reagan','Chapman','urna.nec@amet.edu','Keaton');
INSERT INTO G25_usuario (cod_usuario,nombres,apellidos,email,nick) VALUES ('280','Vladimir','Yang','nulla.vulputate.dui@libero.ca','Leslie');
INSERT INTO G25_usuario (cod_usuario,nombres,apellidos,email,nick) VALUES ('281','Elvis','Ballard','Aliquam.nisl.Nulla@erosnec.ca','Justine');
INSERT INTO G25_usuario (cod_usuario,nombres,apellidos,email,nick) VALUES ('282','Peter','Velasquez','iaculis.nec@Integer.com','Blaine');
INSERT INTO G25_usuario (cod_usuario,nombres,apellidos,email,nick) VALUES ('283','Darryl','Reilly','Proin.vel@odioEtiam.edu','Lara');
INSERT INTO G25_usuario (cod_usuario,nombres,apellidos,email,nick) VALUES ('284','Quinn','Walls','habitant@Phasellusin.com','Marvin');
INSERT INTO G25_usuario (cod_usuario,nombres,apellidos,email,nick) VALUES ('285','Cora','Hart','vulputate.risus@vitaeposuereat.com','Ivy');
INSERT INTO G25_usuario (cod_usuario,nombres,apellidos,email,nick) VALUES ('286','Cassidy','Woods','ornare.sagittis.felis@ornare.org','Fallon');
INSERT INTO G25_usuario (cod_usuario,nombres,apellidos,email,nick) VALUES ('287','Byron','Conway','fermentum.convallis.ligula@etrisusQuisque.com','Pascale');
INSERT INTO G25_usuario (cod_usuario,nombres,apellidos,email,nick) VALUES ('288','Sage','Nixon','mauris.elit@convallisconvallisdolor.ca','Avye');
INSERT INTO G25_usuario (cod_usuario,nombres,apellidos,email,nick) VALUES ('289','Ignacia','Christensen','Nam.consequat.dolor@dignissimlacus.org','Len');
INSERT INTO G25_usuario (cod_usuario,nombres,apellidos,email,nick) VALUES ('290','Galena','Marks','urna@ultriciessemmagna.org','Axel');
INSERT INTO G25_usuario (cod_usuario,nombres,apellidos,email,nick) VALUES ('291','Stacey','Madden','augue.eu.tempor@velturpis.org','Donovan');
INSERT INTO G25_usuario (cod_usuario,nombres,apellidos,email,nick) VALUES ('292','Stella','Church','posuere.cubilia@sapien.ca','Macy');
INSERT INTO G25_usuario (cod_usuario,nombres,apellidos,email,nick) VALUES ('293','Jaden','Roberson','amet.metus.Aliquam@nec.com','Jarrod');
INSERT INTO G25_usuario (cod_usuario,nombres,apellidos,email,nick) VALUES ('294','Stephen','Lindsay','Cras.vulputate.velit@interdum.ca','Audrey');
INSERT INTO G25_usuario (cod_usuario,nombres,apellidos,email,nick) VALUES ('295','Cairo','Reese','ligula.eu.enim@miloremvehicula.ca','Samantha');
INSERT INTO G25_usuario (cod_usuario,nombres,apellidos,email,nick) VALUES ('296','Miriam','Fry','commodo.tincidunt@Vivamusmolestie.com','Anika');
INSERT INTO G25_usuario (cod_usuario,nombres,apellidos,email,nick) VALUES ('297','Cameran','Dickerson','arcu.Nunc.mauris@Quisquevarius.org','Ila');
INSERT INTO G25_usuario (cod_usuario,nombres,apellidos,email,nick) VALUES ('298','Upton','Mercado','non@rhoncus.edu','Giacomo');
INSERT INTO G25_usuario (cod_usuario,nombres,apellidos,email,nick) VALUES ('299','Tashya','Burton','egestas.Aliquam.fringilla@eratnonummy.org','Erich');
INSERT INTO G25_usuario (cod_usuario,nombres,apellidos,email,nick) VALUES ('300','Brenna','Dixon','congue@penatibuset.ca','Quintessa');
INSERT INTO G25_usuario (cod_usuario,nombres,apellidos,email,nick) VALUES ('301','Tyrone','Park','magna@mi.ca','Addison');
INSERT INTO G25_usuario (cod_usuario,nombres,apellidos,email,nick) VALUES ('302','Ian','Cain','Phasellus@semper.ca','Casey');
INSERT INTO G25_usuario (cod_usuario,nombres,apellidos,email,nick) VALUES ('303','Jason','Vasquez','non@consectetuereuismodest.com','Shaine');
INSERT INTO G25_usuario (cod_usuario,nombres,apellidos,email,nick) VALUES ('304','Wang','Mccarthy','Duis.dignissim@Nullam.com','Cedric');
INSERT INTO G25_usuario (cod_usuario,nombres,apellidos,email,nick) VALUES ('305','Amela','Harmon','sagittis.semper@nibh.edu','Logan');
INSERT INTO G25_usuario (cod_usuario,nombres,apellidos,email,nick) VALUES ('306','Melissa','Farrell','fringilla@molestiein.edu','Basia');
INSERT INTO G25_usuario (cod_usuario,nombres,apellidos,email,nick) VALUES ('307','Britanni','Butler','cursus@cursusetmagna.org','Rama');
INSERT INTO G25_usuario (cod_usuario,nombres,apellidos,email,nick) VALUES ('308','Caryn','English','laoreet.lectus@nasceturridiculus.org','May');
INSERT INTO G25_usuario (cod_usuario,nombres,apellidos,email,nick) VALUES ('309','Asher','Dominguez','quis.diam.luctus@antedictummi.ca','Iris');
INSERT INTO G25_usuario (cod_usuario,nombres,apellidos,email,nick) VALUES ('310','Clayton','Bradley','elit.a@amet.ca','Ina');
INSERT INTO G25_usuario (cod_usuario,nombres,apellidos,email,nick) VALUES ('311','Logan','Browning','vel@Loremipsumdolor.edu','Skyler');
INSERT INTO G25_usuario (cod_usuario,nombres,apellidos,email,nick) VALUES ('312','Demetria','Marsh','ultrices@lacus.org','Fay');
INSERT INTO G25_usuario (cod_usuario,nombres,apellidos,email,nick) VALUES ('313','Brynn','Franks','accumsan.neque@vel.com','Isabelle');
INSERT INTO G25_usuario (cod_usuario,nombres,apellidos,email,nick) VALUES ('314','Keith','Pickett','In@ac.com','Robin');
INSERT INTO G25_usuario (cod_usuario,nombres,apellidos,email,nick) VALUES ('315','Erasmus','Luna','elementum@nisimagna.ca','Reece');
INSERT INTO G25_usuario (cod_usuario,nombres,apellidos,email,nick) VALUES ('316','Ali','Carr','Pellentesque.tincidunt@elit.org','Cecilia');
INSERT INTO G25_usuario (cod_usuario,nombres,apellidos,email,nick) VALUES ('317','Jonas','Chase','orci@velarcu.edu','Buckminster');
INSERT INTO G25_usuario (cod_usuario,nombres,apellidos,email,nick) VALUES ('318','Carolyn','Horton','vitae.erat.Vivamus@Phasellusornare.edu','Violet');
INSERT INTO G25_usuario (cod_usuario,nombres,apellidos,email,nick) VALUES ('319','Randall','Hogan','eget.ipsum.Donec@sodaleseliterat.edu','Ursula');
INSERT INTO G25_usuario (cod_usuario,nombres,apellidos,email,nick) VALUES ('320','Vivien','Riddle','vestibulum@sodaleseliterat.edu','Isabelle');
INSERT INTO G25_usuario (cod_usuario,nombres,apellidos,email,nick) VALUES ('321','Wylie','Dillon','arcu@duisemperet.org','Shad');
INSERT INTO G25_usuario (cod_usuario,nombres,apellidos,email,nick) VALUES ('322','Reagan','Norman','massa@NullaaliquetProin.com','Nasim');
INSERT INTO G25_usuario (cod_usuario,nombres,apellidos,email,nick) VALUES ('323','Sade','Fox','In@eros.org','Amanda');
INSERT INTO G25_usuario (cod_usuario,nombres,apellidos,email,nick) VALUES ('324','Tamara','Skinner','sagittis@ataugue.com','Louis');
INSERT INTO G25_usuario (cod_usuario,nombres,apellidos,email,nick) VALUES ('325','Idola','Huff','sit@PhasellusnullaInteger.ca','Len');
INSERT INTO G25_usuario (cod_usuario,nombres,apellidos,email,nick) VALUES ('326','Kirk','Castaneda','ante@Nullamfeugiat.edu','Hammett');
INSERT INTO G25_usuario (cod_usuario,nombres,apellidos,email,nick) VALUES ('327','Nadine','Chaney','Etiam@sed.ca','Castor');
INSERT INTO G25_usuario (cod_usuario,nombres,apellidos,email,nick) VALUES ('328','Lila','Skinner','nec@iaculis.ca','Isaiah');
INSERT INTO G25_usuario (cod_usuario,nombres,apellidos,email,nick) VALUES ('329','Perry','Ayala','Curabitur.egestas@tellusAeneanegestas.edu','Jamalia');
INSERT INTO G25_usuario (cod_usuario,nombres,apellidos,email,nick) VALUES ('330','Mariko','Carson','ac.ipsum.Phasellus@utnisi.org','Cooper');
INSERT INTO G25_usuario (cod_usuario,nombres,apellidos,email,nick) VALUES ('331','Danielle','Noble','montes@loremut.org','Ainsley');
INSERT INTO G25_usuario (cod_usuario,nombres,apellidos,email,nick) VALUES ('332','Myles','Parsons','arcu@Proin.edu','Perry');
INSERT INTO G25_usuario (cod_usuario,nombres,apellidos,email,nick) VALUES ('333','Burton','Park','Nunc@eleifend.org','Samantha');
INSERT INTO G25_usuario (cod_usuario,nombres,apellidos,email,nick) VALUES ('334','Leandra','Hobbs','vulputate@dictummagna.com','Paloma');
INSERT INTO G25_usuario (cod_usuario,nombres,apellidos,email,nick) VALUES ('335','Dexter','Glover','magna@euismod.org','Stacey');
INSERT INTO G25_usuario (cod_usuario,nombres,apellidos,email,nick) VALUES ('336','Meghan','Whitley','nec.ante@Suspendisse.com','Conan');
INSERT INTO G25_usuario (cod_usuario,nombres,apellidos,email,nick) VALUES ('337','Isabelle','Patel','id@tristique.com','Odette');
INSERT INTO G25_usuario (cod_usuario,nombres,apellidos,email,nick) VALUES ('338','Chiquita','Johnston','Vivamus.rhoncus.Donec@odio.com','Galvin');
INSERT INTO G25_usuario (cod_usuario,nombres,apellidos,email,nick) VALUES ('339','Katelyn','Pacheco','orci@primisin.org','Faith');
INSERT INTO G25_usuario (cod_usuario,nombres,apellidos,email,nick) VALUES ('340','Natalie','Cash','fermentum.convallis.ligula@Nullamfeugiatplacerat.ca','Garrett');
INSERT INTO G25_usuario (cod_usuario,nombres,apellidos,email,nick) VALUES ('341','Basil','Duffy','ultrices.posuere.cubilia@Mauris.ca','Colton');
INSERT INTO G25_usuario (cod_usuario,nombres,apellidos,email,nick) VALUES ('342','Tiger','Romero','non.vestibulum.nec@ultriciesdignissimlacus.com','John');
INSERT INTO G25_usuario (cod_usuario,nombres,apellidos,email,nick) VALUES ('343','Amery','Glenn','velit@Sed.edu','Quail');
INSERT INTO G25_usuario (cod_usuario,nombres,apellidos,email,nick) VALUES ('344','Unity','Wood','velit.eu@velnisl.edu','James');
INSERT INTO G25_usuario (cod_usuario,nombres,apellidos,email,nick) VALUES ('345','Rama','Byrd','lacus.Quisque.imperdiet@penatibuset.edu','Jared');
INSERT INTO G25_usuario (cod_usuario,nombres,apellidos,email,nick) VALUES ('346','Iola','Wallace','semper.egestas@lorem.ca','Fritz');
INSERT INTO G25_usuario (cod_usuario,nombres,apellidos,email,nick) VALUES ('347','Bo','Boone','eu@ascelerisquesed.ca','Quintessa');
INSERT INTO G25_usuario (cod_usuario,nombres,apellidos,email,nick) VALUES ('348','Alexis','Jordan','aliquet.Proin@congue.ca','Raya');
INSERT INTO G25_usuario (cod_usuario,nombres,apellidos,email,nick) VALUES ('349','Stone','Luna','nunc.risus@massa.ca','Maite');
INSERT INTO G25_usuario (cod_usuario,nombres,apellidos,email,nick) VALUES ('350','Kibo','Goff','eu@mi.edu','Cullen');
INSERT INTO G25_usuario (cod_usuario,nombres,apellidos,email,nick) VALUES ('351','Adrian','Conrad','magna.malesuada@metus.org','Diana');
INSERT INTO G25_usuario (cod_usuario,nombres,apellidos,email,nick) VALUES ('352','Scarlet','Daniels','tempor.erat@penatibusetmagnis.org','Shad');
INSERT INTO G25_usuario (cod_usuario,nombres,apellidos,email,nick) VALUES ('353','Arsenio','Dalton','sociosqu@Phasellusataugue.ca','Hammett');
INSERT INTO G25_usuario (cod_usuario,nombres,apellidos,email,nick) VALUES ('354','Kathleen','Villarreal','dolor@Vivamusmolestiedapibus.ca','Sopoline');
INSERT INTO G25_usuario (cod_usuario,nombres,apellidos,email,nick) VALUES ('355','Lana','Erickson','elit.elit.fermentum@diamSed.edu','Jameson');
INSERT INTO G25_usuario (cod_usuario,nombres,apellidos,email,nick) VALUES ('356','Leila','Potts','mattis@felis.com','Fitzgerald');
INSERT INTO G25_usuario (cod_usuario,nombres,apellidos,email,nick) VALUES ('357','Cameran','Norris','dolor.Fusce@tortornibhsit.com','Haley');
INSERT INTO G25_usuario (cod_usuario,nombres,apellidos,email,nick) VALUES ('358','Hillary','May','aptent@ametmetusAliquam.edu','Kasimir');
INSERT INTO G25_usuario (cod_usuario,nombres,apellidos,email,nick) VALUES ('359','Caesar','Solomon','tristique@lacus.edu','Roanna');
INSERT INTO G25_usuario (cod_usuario,nombres,apellidos,email,nick) VALUES ('360','Brynne','Lewis','nisl.Maecenas@Nullasemper.org','Macy');
INSERT INTO G25_usuario (cod_usuario,nombres,apellidos,email,nick) VALUES ('361','Iona','Floyd','pharetra.nibh@ProinmiAliquam.org','Chancellor');
INSERT INTO G25_usuario (cod_usuario,nombres,apellidos,email,nick) VALUES ('362','Kerry','Noel','tempor.est@Vestibulumut.edu','Nadine');
INSERT INTO G25_usuario (cod_usuario,nombres,apellidos,email,nick) VALUES ('363','Ima','Gilbert','mus.Aenean@atortorNunc.com','Steven');
INSERT INTO G25_usuario (cod_usuario,nombres,apellidos,email,nick) VALUES ('364','Constance','Schmidt','auctor@necleo.com','Alan');
INSERT INTO G25_usuario (cod_usuario,nombres,apellidos,email,nick) VALUES ('365','Doris','Valdez','et@miDuisrisus.edu','Ila');
INSERT INTO G25_usuario (cod_usuario,nombres,apellidos,email,nick) VALUES ('366','Marsden','Nguyen','in.felis.Nulla@mattis.ca','Melanie');
INSERT INTO G25_usuario (cod_usuario,nombres,apellidos,email,nick) VALUES ('367','Desiree','George','ipsum@convallis.ca','Dara');
INSERT INTO G25_usuario (cod_usuario,nombres,apellidos,email,nick) VALUES ('368','Lester','Cantrell','augue.id.ante@diam.edu','Hayley');
INSERT INTO G25_usuario (cod_usuario,nombres,apellidos,email,nick) VALUES ('369','Camden','Knight','risus.Nulla@fringillaornare.com','Brianna');
INSERT INTO G25_usuario (cod_usuario,nombres,apellidos,email,nick) VALUES ('370','Freya','Gutierrez','Duis@ac.edu','Kuame');
INSERT INTO G25_usuario (cod_usuario,nombres,apellidos,email,nick) VALUES ('371','Keegan','Livingston','sed.libero@orci.ca','Teegan');
INSERT INTO G25_usuario (cod_usuario,nombres,apellidos,email,nick) VALUES ('372','Lareina','Peters','neque@egestasDuisac.edu','Bo');
INSERT INTO G25_usuario (cod_usuario,nombres,apellidos,email,nick) VALUES ('373','Raymond','Larson','hymenaeos@magna.com','Kasimir');
INSERT INTO G25_usuario (cod_usuario,nombres,apellidos,email,nick) VALUES ('374','Xyla','Patrick','ut@nonfeugiatnec.ca','Ina');
INSERT INTO G25_usuario (cod_usuario,nombres,apellidos,email,nick) VALUES ('375','Sharon','Harding','purus.gravida.sagittis@fermentumconvallisligula.edu','Hedwig');
INSERT INTO G25_usuario (cod_usuario,nombres,apellidos,email,nick) VALUES ('376','Jonas','Carey','eu@conguea.org','Coby');
INSERT INTO G25_usuario (cod_usuario,nombres,apellidos,email,nick) VALUES ('377','Nayda','Pate','ultricies.adipiscing@Aliquam.com','Eagan');
INSERT INTO G25_usuario (cod_usuario,nombres,apellidos,email,nick) VALUES ('378','Lawrence','Justice','aliquet.molestie@eratvolutpatNulla.ca','Martena');
INSERT INTO G25_usuario (cod_usuario,nombres,apellidos,email,nick) VALUES ('379','Quemby','Taylor','hendrerit.consectetuer.cursus@ultricesDuis.ca','Candice');
INSERT INTO G25_usuario (cod_usuario,nombres,apellidos,email,nick) VALUES ('380','Adria','Bird','orci.in@a.org','Victor');
INSERT INTO G25_usuario (cod_usuario,nombres,apellidos,email,nick) VALUES ('381','Susan','Burton','Nulla.interdum.Curabitur@urnasuscipitnonummy.com','Latifah');
INSERT INTO G25_usuario (cod_usuario,nombres,apellidos,email,nick) VALUES ('382','Nissim','Arnold','rutrum@aliquetnec.edu','Carlos');
INSERT INTO G25_usuario (cod_usuario,nombres,apellidos,email,nick) VALUES ('383','Stacy','Welch','Cras.dictum.ultricies@etultricesposuere.org','Scott');
INSERT INTO G25_usuario (cod_usuario,nombres,apellidos,email,nick) VALUES ('384','Rhona','Fox','scelerisque@Nuncac.ca','Ginger');
INSERT INTO G25_usuario (cod_usuario,nombres,apellidos,email,nick) VALUES ('385','Amaya','Rowland','rutrum.Fusce@et.org','Oprah');
INSERT INTO G25_usuario (cod_usuario,nombres,apellidos,email,nick) VALUES ('386','Alice','Nunez','Mauris@Quisquevarius.org','Kathleen');
INSERT INTO G25_usuario (cod_usuario,nombres,apellidos,email,nick) VALUES ('387','Gary','Gillespie','purus@mauris.edu','Stephanie');
INSERT INTO G25_usuario (cod_usuario,nombres,apellidos,email,nick) VALUES ('388','Anthony','Farmer','placerat.Cras.dictum@Morbi.ca','Danielle');
INSERT INTO G25_usuario (cod_usuario,nombres,apellidos,email,nick) VALUES ('389','Nehru','Holloway','pharetra@eteuismod.com','Jeremy');
INSERT INTO G25_usuario (cod_usuario,nombres,apellidos,email,nick) VALUES ('390','Lamar','Oconnor','suscipit.nonummy.Fusce@felis.org','Honorato');
INSERT INTO G25_usuario (cod_usuario,nombres,apellidos,email,nick) VALUES ('391','Sean','Russo','enim.Curabitur@inhendrerit.ca','MacKenzie');
INSERT INTO G25_usuario (cod_usuario,nombres,apellidos,email,nick) VALUES ('392','Sloane','Pacheco','Phasellus@scelerisquesed.com','Elijah');
INSERT INTO G25_usuario (cod_usuario,nombres,apellidos,email,nick) VALUES ('393','Jermaine','Mayer','nunc@telluseu.com','Alma');
INSERT INTO G25_usuario (cod_usuario,nombres,apellidos,email,nick) VALUES ('394','Bruce','Francis','auctor@elitCurabitursed.org','Mariko');
INSERT INTO G25_usuario (cod_usuario,nombres,apellidos,email,nick) VALUES ('395','Roanna','Coleman','auctor.quis@musProinvel.ca','Mara');
INSERT INTO G25_usuario (cod_usuario,nombres,apellidos,email,nick) VALUES ('396','Alice','Cameron','eu.tellus.Phasellus@posuere.ca','Maya');
INSERT INTO G25_usuario (cod_usuario,nombres,apellidos,email,nick) VALUES ('397','Laith','Vasquez','eu.erat@imperdietnon.edu','Justina');
INSERT INTO G25_usuario (cod_usuario,nombres,apellidos,email,nick) VALUES ('398','Edward','Gentry','metus.In.nec@diamDuis.org','Caleb');
INSERT INTO G25_usuario (cod_usuario,nombres,apellidos,email,nick) VALUES ('399','Judah','Ferguson','ornare.In@luctusfelis.ca','Marshall');
INSERT INTO G25_usuario (cod_usuario,nombres,apellidos,email,nick) VALUES ('400','Malik','Mclaughlin','nunc@necmalesuada.com','Caryn');
INSERT INTO G25_usuario (cod_usuario,nombres,apellidos,email,nick) VALUES ('401','Ivor','May','Donec.tempor.est@Quisqueliberolacus.ca','Harlan');
INSERT INTO G25_usuario (cod_usuario,nombres,apellidos,email,nick) VALUES ('402','Brandon','Silva','et.libero@ut.org','Ciaran');
INSERT INTO G25_usuario (cod_usuario,nombres,apellidos,email,nick) VALUES ('403','Mufutau','Sargent','fermentum.arcu@sitamet.ca','Oliver');
INSERT INTO G25_usuario (cod_usuario,nombres,apellidos,email,nick) VALUES ('404','Bradley','Mccall','Etiam.imperdiet@temporlorem.edu','Samantha');
INSERT INTO G25_usuario (cod_usuario,nombres,apellidos,email,nick) VALUES ('405','Jamal','Byers','a@ultrices.org','Bryar');
INSERT INTO G25_usuario (cod_usuario,nombres,apellidos,email,nick) VALUES ('406','Audrey','Bennett','cursus@dolortempus.com','Charlotte');
INSERT INTO G25_usuario (cod_usuario,nombres,apellidos,email,nick) VALUES ('407','Jaden','Reeves','risus.a@velit.org','Carter');
INSERT INTO G25_usuario (cod_usuario,nombres,apellidos,email,nick) VALUES ('408','Yen','Workman','Vivamus.euismod.urna@etliberoProin.edu','Gabriel');
INSERT INTO G25_usuario (cod_usuario,nombres,apellidos,email,nick) VALUES ('409','Beck','Kinney','Proin.eget@sedtortorInteger.edu','Roary');
INSERT INTO G25_usuario (cod_usuario,nombres,apellidos,email,nick) VALUES ('410','Arthur','Gomez','eros.non.enim@anteipsumprimis.ca','Irma');
INSERT INTO G25_usuario (cod_usuario,nombres,apellidos,email,nick) VALUES ('411','Yvette','Chavez','rutrum@miac.edu','Kessie');
INSERT INTO G25_usuario (cod_usuario,nombres,apellidos,email,nick) VALUES ('412','Ulysses','Whitfield','elit.erat.vitae@arcuAliquamultrices.edu','Alexander');
INSERT INTO G25_usuario (cod_usuario,nombres,apellidos,email,nick) VALUES ('413','Lee','Mcneil','facilisis@Namporttitor.edu','Moses');
INSERT INTO G25_usuario (cod_usuario,nombres,apellidos,email,nick) VALUES ('414','Otto','Barry','In@urna.edu','Delilah');
INSERT INTO G25_usuario (cod_usuario,nombres,apellidos,email,nick) VALUES ('415','Chanda','Joyner','lacinia@actellus.com','Fritz');
INSERT INTO G25_usuario (cod_usuario,nombres,apellidos,email,nick) VALUES ('416','Janna','Cole','turpis@quis.com','Shelby');
INSERT INTO G25_usuario (cod_usuario,nombres,apellidos,email,nick) VALUES ('417','Sophia','Manning','Suspendisse@ametornarelectus.edu','Mufutau');
INSERT INTO G25_usuario (cod_usuario,nombres,apellidos,email,nick) VALUES ('418','Garrison','Hicks','non.ante@uteros.ca','Lucy');
INSERT INTO G25_usuario (cod_usuario,nombres,apellidos,email,nick) VALUES ('419','Angela','Chan','sodales.nisi@natoquepenatibus.ca','Brian');
INSERT INTO G25_usuario (cod_usuario,nombres,apellidos,email,nick) VALUES ('420','Sara','Velasquez','Aliquam.nec@sollicitudin.ca','Amy');
INSERT INTO G25_usuario (cod_usuario,nombres,apellidos,email,nick) VALUES ('421','Julian','Burton','ut.nulla@ullamcorpervelit.edu','Quamar');
INSERT INTO G25_usuario (cod_usuario,nombres,apellidos,email,nick) VALUES ('422','Brendan','Logan','libero.Proin@mollis.edu','Carly');
INSERT INTO G25_usuario (cod_usuario,nombres,apellidos,email,nick) VALUES ('423','Hiroko','Lane','malesuada.fames@quis.edu','Zeph');
INSERT INTO G25_usuario (cod_usuario,nombres,apellidos,email,nick) VALUES ('424','Giacomo','Paul','dictum@etpede.org','Cameran');
INSERT INTO G25_usuario (cod_usuario,nombres,apellidos,email,nick) VALUES ('425','Cassidy','Burks','dictum.magna@eratvelpede.com','Victoria');
INSERT INTO G25_usuario (cod_usuario,nombres,apellidos,email,nick) VALUES ('426','Driscoll','Potter','porttitor.scelerisque@parturientmontesnascetur.org','Hasad');
INSERT INTO G25_usuario (cod_usuario,nombres,apellidos,email,nick) VALUES ('427','Carolyn','Cleveland','penatibus.et@etmagnis.com','Wyatt');
INSERT INTO G25_usuario (cod_usuario,nombres,apellidos,email,nick) VALUES ('428','Glenna','Herrera','Ut.nec@iaculisodio.edu','Malcolm');
INSERT INTO G25_usuario (cod_usuario,nombres,apellidos,email,nick) VALUES ('429','Clark','Richard','erat@sapiencursus.ca','Ralph');
INSERT INTO G25_usuario (cod_usuario,nombres,apellidos,email,nick) VALUES ('430','Felix','House','amet@nulla.org','Derek');
INSERT INTO G25_usuario (cod_usuario,nombres,apellidos,email,nick) VALUES ('431','Tatiana','Campbell','ultrices.sit@ipsumnuncid.com','Cadman');
INSERT INTO G25_usuario (cod_usuario,nombres,apellidos,email,nick) VALUES ('432','Fitzgerald','Whitley','sit@enim.com','Declan');
INSERT INTO G25_usuario (cod_usuario,nombres,apellidos,email,nick) VALUES ('433','Aurora','Morgan','ante@Fusce.com','Kevin');
INSERT INTO G25_usuario (cod_usuario,nombres,apellidos,email,nick) VALUES ('434','Montana','Lee','ligula.tortor.dictum@Proin.edu','Caldwell');
INSERT INTO G25_usuario (cod_usuario,nombres,apellidos,email,nick) VALUES ('435','Melanie','Michael','orci.adipiscing@vitaedolor.org','Shellie');
INSERT INTO G25_usuario (cod_usuario,nombres,apellidos,email,nick) VALUES ('436','Barbara','Pratt','Integer.vitae@mauris.com','Brooke');
INSERT INTO G25_usuario (cod_usuario,nombres,apellidos,email,nick) VALUES ('437','Neil','Nichols','gravida.Aliquam.tincidunt@Nullamutnisi.com','Lee');
INSERT INTO G25_usuario (cod_usuario,nombres,apellidos,email,nick) VALUES ('438','Linus','Franco','netus.et@velitSedmalesuada.ca','Jonas');
INSERT INTO G25_usuario (cod_usuario,nombres,apellidos,email,nick) VALUES ('439','Alden','Moses','Cras.eget.nisi@Proinvelnisl.com','Silas');
INSERT INTO G25_usuario (cod_usuario,nombres,apellidos,email,nick) VALUES ('440','Destiny','Bates','eget.volutpat.ornare@scelerisque.com','Rhiannon');
INSERT INTO G25_usuario (cod_usuario,nombres,apellidos,email,nick) VALUES ('441','Anika','Chan','ac.fermentum.vel@Nulla.org','Sean');
INSERT INTO G25_usuario (cod_usuario,nombres,apellidos,email,nick) VALUES ('442','Jordan','Todd','sed.pede.Cum@Donec.ca','Fitzgerald');
INSERT INTO G25_usuario (cod_usuario,nombres,apellidos,email,nick) VALUES ('443','Fuller','Raymond','Sed.nunc.est@pharetra.ca','Kessie');
INSERT INTO G25_usuario (cod_usuario,nombres,apellidos,email,nick) VALUES ('444','Gail','Whitaker','Curabitur.ut.odio@lectuspede.edu','Hillary');
INSERT INTO G25_usuario (cod_usuario,nombres,apellidos,email,nick) VALUES ('445','Jasper','Wheeler','euismod.est@vulputate.org','Mariko');
INSERT INTO G25_usuario (cod_usuario,nombres,apellidos,email,nick) VALUES ('446','Rigel','Dejesus','ut.erat.Sed@magnaLoremipsum.com','Dawn');
INSERT INTO G25_usuario (cod_usuario,nombres,apellidos,email,nick) VALUES ('447','Kelsie','Fowler','pede.Cras@facilisiseget.com','Vance');
INSERT INTO G25_usuario (cod_usuario,nombres,apellidos,email,nick) VALUES ('448','Duncan','Curtis','vel.venenatis@ametnulla.edu','Zephania');
INSERT INTO G25_usuario (cod_usuario,nombres,apellidos,email,nick) VALUES ('449','Lael','Hart','vel.quam.dignissim@consequat.com','Bert');
INSERT INTO G25_usuario (cod_usuario,nombres,apellidos,email,nick) VALUES ('450','Jenna','Gallegos','nisl@id.org','Mariam');
INSERT INTO G25_usuario (cod_usuario,nombres,apellidos,email,nick) VALUES ('451','Venus','Wyatt','Proin.vel@pede.com','Leo');
INSERT INTO G25_usuario (cod_usuario,nombres,apellidos,email,nick) VALUES ('452','Aline','Sawyer','malesuada@luctusut.org','Zia');
INSERT INTO G25_usuario (cod_usuario,nombres,apellidos,email,nick) VALUES ('453','Marshall','Dudley','commodo.ipsum.Suspendisse@acturpis.edu','Xerxes');
INSERT INTO G25_usuario (cod_usuario,nombres,apellidos,email,nick) VALUES ('454','Hayley','Dotson','urna.nec@dolorsitamet.edu','Rogan');
INSERT INTO G25_usuario (cod_usuario,nombres,apellidos,email,nick) VALUES ('455','Zeph','Mcfadden','porttitor.eros@tristiquepellentesque.ca','Irma');
INSERT INTO G25_usuario (cod_usuario,nombres,apellidos,email,nick) VALUES ('456','Luke','Bryan','elementum.at.egestas@sedturpis.edu','Abraham');
INSERT INTO G25_usuario (cod_usuario,nombres,apellidos,email,nick) VALUES ('457','Riley','Randolph','sit.amet.massa@Aliquamauctorvelit.com','Cody');
INSERT INTO G25_usuario (cod_usuario,nombres,apellidos,email,nick) VALUES ('458','Daphne','Moody','eu.eros.Nam@nequenon.ca','Malachi');
INSERT INTO G25_usuario (cod_usuario,nombres,apellidos,email,nick) VALUES ('459','Iola','Emerson','erat.neque.non@porta.com','Merritt');
INSERT INTO G25_usuario (cod_usuario,nombres,apellidos,email,nick) VALUES ('460','Vielka','Fernandez','lectus.justo.eu@elitsedconsequat.com','Mari');
INSERT INTO G25_usuario (cod_usuario,nombres,apellidos,email,nick) VALUES ('461','Joy','Doyle','eget.ipsum.Donec@facilisi.org','Jillian');
INSERT INTO G25_usuario (cod_usuario,nombres,apellidos,email,nick) VALUES ('462','Shea','Dennis','ornare.sagittis@mauris.edu','Karly');
INSERT INTO G25_usuario (cod_usuario,nombres,apellidos,email,nick) VALUES ('463','Rhonda','Beasley','egestas.blandit@natoquepenatibuset.org','Ryan');
INSERT INTO G25_usuario (cod_usuario,nombres,apellidos,email,nick) VALUES ('464','Valentine','Dillard','id@bibendumsedest.com','Joelle');
INSERT INTO G25_usuario (cod_usuario,nombres,apellidos,email,nick) VALUES ('465','Mira','Glass','risus.Nunc.ac@euodio.com','Holmes');
INSERT INTO G25_usuario (cod_usuario,nombres,apellidos,email,nick) VALUES ('466','Lane','Adkins','magna.Suspendisse.tristique@sapiengravida.edu','Gannon');
INSERT INTO G25_usuario (cod_usuario,nombres,apellidos,email,nick) VALUES ('467','Astra','Leonard','fermentum@orci.ca','Beverly');
INSERT INTO G25_usuario (cod_usuario,nombres,apellidos,email,nick) VALUES ('468','Xavier','Thornton','ac.fermentum.vel@Mauris.com','Zorita');
INSERT INTO G25_usuario (cod_usuario,nombres,apellidos,email,nick) VALUES ('469','Lunea','Downs','libero.est.congue@egetipsum.org','Candice');
INSERT INTO G25_usuario (cod_usuario,nombres,apellidos,email,nick) VALUES ('470','Flavia','Johns','egestas.blandit.Nam@imperdietnon.edu','Lael');
INSERT INTO G25_usuario (cod_usuario,nombres,apellidos,email,nick) VALUES ('471','Kameko','Hawkins','tortor.Nunc@porttitor.ca','Bell');
INSERT INTO G25_usuario (cod_usuario,nombres,apellidos,email,nick) VALUES ('472','Clark','Murphy','fringilla@felispurusac.org','Kendall');
INSERT INTO G25_usuario (cod_usuario,nombres,apellidos,email,nick) VALUES ('473','Penelope','Hopper','vel.arcu.eu@Maurismolestiepharetra.com','Axel');
INSERT INTO G25_usuario (cod_usuario,nombres,apellidos,email,nick) VALUES ('474','Quentin','Foster','Class.aptent.taciti@cursus.ca','Regan');
INSERT INTO G25_usuario (cod_usuario,nombres,apellidos,email,nick) VALUES ('475','Kessie','Goodwin','amet.ultricies@imperdietornare.ca','Simon');
INSERT INTO G25_usuario (cod_usuario,nombres,apellidos,email,nick) VALUES ('476','Vance','Savage','Aliquam.fringilla@nunc.com','Armando');
INSERT INTO G25_usuario (cod_usuario,nombres,apellidos,email,nick) VALUES ('477','Gisela','Brewer','magna.Sed@eteuismod.edu','Cameran');
INSERT INTO G25_usuario (cod_usuario,nombres,apellidos,email,nick) VALUES ('478','Chiquita','Carney','amet.orci@Proin.com','Sarah');
INSERT INTO G25_usuario (cod_usuario,nombres,apellidos,email,nick) VALUES ('479','Levi','Raymond','dictum.placerat@ut.edu','Whoopi');
INSERT INTO G25_usuario (cod_usuario,nombres,apellidos,email,nick) VALUES ('480','Barry','King','sollicitudin.orci.sem@velturpis.com','Quinn');
INSERT INTO G25_usuario (cod_usuario,nombres,apellidos,email,nick) VALUES ('481','Emma','Stewart','tortor.Nunc.commodo@Aeneanegetmetus.ca','Wyoming');
INSERT INTO G25_usuario (cod_usuario,nombres,apellidos,email,nick) VALUES ('482','Dalton','Dudley','nascetur.ridiculus@dignissimpharetra.com','Basia');
INSERT INTO G25_usuario (cod_usuario,nombres,apellidos,email,nick) VALUES ('483','Jeanette','Snyder','urna.nec@a.com','Colorado');
INSERT INTO G25_usuario (cod_usuario,nombres,apellidos,email,nick) VALUES ('484','Wilma','Duran','nisi.Mauris@Aliquamnec.edu','Preston');
INSERT INTO G25_usuario (cod_usuario,nombres,apellidos,email,nick) VALUES ('485','Yeo','Baird','congue.elit@molestie.org','Germane');
INSERT INTO G25_usuario (cod_usuario,nombres,apellidos,email,nick) VALUES ('486','Kermit','Cash','erat.semper.rutrum@orciluctuset.edu','Garrison');
INSERT INTO G25_usuario (cod_usuario,nombres,apellidos,email,nick) VALUES ('487','Baker','Jarvis','eu.elit.Nulla@pharetranibhAliquam.com','Tallulah');
INSERT INTO G25_usuario (cod_usuario,nombres,apellidos,email,nick) VALUES ('488','Kim','Beard','lacus@Nulla.ca','Bruce');
INSERT INTO G25_usuario (cod_usuario,nombres,apellidos,email,nick) VALUES ('489','India','Curtis','nunc.sed.libero@enimEtiam.ca','Amethyst');
INSERT INTO G25_usuario (cod_usuario,nombres,apellidos,email,nick) VALUES ('490','Paul','Roach','aliquet@elit.ca','Beatrice');
INSERT INTO G25_usuario (cod_usuario,nombres,apellidos,email,nick) VALUES ('491','Murphy','Roth','ullamcorper@erat.org','Mara');
INSERT INTO G25_usuario (cod_usuario,nombres,apellidos,email,nick) VALUES ('492','Rebekah','Reilly','nibh.dolor@aliquet.edu','Lesley');
INSERT INTO G25_usuario (cod_usuario,nombres,apellidos,email,nick) VALUES ('493','Malik','Welch','Donec@scelerisquesed.edu','Elvis');
INSERT INTO G25_usuario (cod_usuario,nombres,apellidos,email,nick) VALUES ('494','Rudyard','Espinoza','felis.eget.varius@metusAliquam.ca','Cassandra');
INSERT INTO G25_usuario (cod_usuario,nombres,apellidos,email,nick) VALUES ('495','Mia','Davidson','Suspendisse.sagittis.Nullam@molestieorcitincidunt.com','Petra');
INSERT INTO G25_usuario (cod_usuario,nombres,apellidos,email,nick) VALUES ('496','Amelia','Barnett','pede.nonummy.ut@odioEtiam.ca','Barclay');
INSERT INTO G25_usuario (cod_usuario,nombres,apellidos,email,nick) VALUES ('497','Ori','Walter','ac@sedleoCras.org','Ria');
INSERT INTO G25_usuario (cod_usuario,nombres,apellidos,email,nick) VALUES ('498','Murphy','Kaufman','libero.est@Curabituregestas.com','Ali');
INSERT INTO G25_usuario (cod_usuario,nombres,apellidos,email,nick) VALUES ('499','Quynn','Burton','tincidunt.Donec.vitae@mauriselit.com','Jaden');
INSERT INTO G25_usuario (cod_usuario,nombres,apellidos,email,nick) VALUES ('500','Connor','Cochran','vel.lectus@Duiselementumdui.ca','Naomi');
INSERT INTO G25_usuario (cod_usuario,nombres,apellidos,email,nick) VALUES ('501','Henry','Workman','ornare.egestas.ligula@rutrumjusto.edu','Basia');
INSERT INTO G25_usuario (cod_usuario,nombres,apellidos,email,nick) VALUES ('502','Aline','Sandoval','Mauris@magnatellus.com','Bryar');
INSERT INTO G25_usuario (cod_usuario,nombres,apellidos,email,nick) VALUES ('503','Olivia','Crosby','Aenean.massa.Integer@metusVivamus.org','Lydia');
INSERT INTO G25_usuario (cod_usuario,nombres,apellidos,email,nick) VALUES ('504','Kennedy','Drake','urna@auguescelerisquemollis.edu','Blythe');
INSERT INTO G25_usuario (cod_usuario,nombres,apellidos,email,nick) VALUES ('505','Amanda','Cash','non.luctus@Cumsociisnatoque.org','Orli');
INSERT INTO G25_usuario (cod_usuario,nombres,apellidos,email,nick) VALUES ('506','Jonah','Rowe','turpis@sedturpis.ca','Briar');
INSERT INTO G25_usuario (cod_usuario,nombres,apellidos,email,nick) VALUES ('507','Quail','Snider','quis@Aliquam.ca','Perry');
INSERT INTO G25_usuario (cod_usuario,nombres,apellidos,email,nick) VALUES ('508','Bianca','Becker','velit@dictum.ca','Callum');
INSERT INTO G25_usuario (cod_usuario,nombres,apellidos,email,nick) VALUES ('509','Len','Hickman','molestie.pharetra@tempor.edu','Len');
INSERT INTO G25_usuario (cod_usuario,nombres,apellidos,email,nick) VALUES ('510','Veda','Carroll','nascetur.ridiculus@Nunclaoreetlectus.com','Jaquelyn');
INSERT INTO G25_usuario (cod_usuario,nombres,apellidos,email,nick) VALUES ('511','Eaton','Perry','semper.dui@nislMaecenas.edu','Mohammad');
INSERT INTO G25_usuario (cod_usuario,nombres,apellidos,email,nick) VALUES ('512','Ivana','Kaufman','eget.nisi@nonbibendumsed.org','Kaden');
INSERT INTO G25_usuario (cod_usuario,nombres,apellidos,email,nick) VALUES ('513','Seth','Foster','interdum.Nunc.sollicitudin@veliteu.org','Griffith');
INSERT INTO G25_usuario (cod_usuario,nombres,apellidos,email,nick) VALUES ('514','Xandra','Wiggins','placerat.orci.lacus@Maurisquis.edu','Miranda');
INSERT INTO G25_usuario (cod_usuario,nombres,apellidos,email,nick) VALUES ('515','Stone','Ratliff','ut@eleifend.edu','Leroy');
INSERT INTO G25_usuario (cod_usuario,nombres,apellidos,email,nick) VALUES ('516','Taylor','Michael','mi@turpis.com','Tanek');
INSERT INTO G25_usuario (cod_usuario,nombres,apellidos,email,nick) VALUES ('517','Cameron','Burton','eu.enim.Etiam@afelisullamcorper.ca','Thor');
INSERT INTO G25_usuario (cod_usuario,nombres,apellidos,email,nick) VALUES ('518','Forrest','Murray','congue.turpis@arcuacorci.com','Naomi');
INSERT INTO G25_usuario (cod_usuario,nombres,apellidos,email,nick) VALUES ('519','Jamalia','Martin','faucibus@inceptoshymenaeosMauris.edu','Susan');
INSERT INTO G25_usuario (cod_usuario,nombres,apellidos,email,nick) VALUES ('520','Tanner','Gill','Nunc.sollicitudin.commodo@Quisque.ca','Geoffrey');
INSERT INTO G25_usuario (cod_usuario,nombres,apellidos,email,nick) VALUES ('521','Cameran','Newman','nonummy.ipsum.non@accumsan.edu','Geraldine');
INSERT INTO G25_usuario (cod_usuario,nombres,apellidos,email,nick) VALUES ('522','Kirk','Mayo','tristique@sed.edu','Patience');
INSERT INTO G25_usuario (cod_usuario,nombres,apellidos,email,nick) VALUES ('523','Aline','Contreras','urna.et@enimSed.ca','Giselle');
INSERT INTO G25_usuario (cod_usuario,nombres,apellidos,email,nick) VALUES ('524','Susan','Mcdonald','Fusce@vitaeodio.com','Quon');
INSERT INTO G25_usuario (cod_usuario,nombres,apellidos,email,nick) VALUES ('525','Regan','Graham','vulputate.velit.eu@ultrices.edu','Risa');
INSERT INTO G25_usuario (cod_usuario,nombres,apellidos,email,nick) VALUES ('526','Isaiah','Dickson','orci@cubiliaCurae;Phasellus.com','Paloma');
INSERT INTO G25_usuario (cod_usuario,nombres,apellidos,email,nick) VALUES ('527','Imogene','Sargent','et.commodo.at@pedePraesent.com','Dane');
INSERT INTO G25_usuario (cod_usuario,nombres,apellidos,email,nick) VALUES ('528','Dai','Lynch','malesuada@ipsumprimisin.org','Jenette');
INSERT INTO G25_usuario (cod_usuario,nombres,apellidos,email,nick) VALUES ('529','Axel','Kaufman','Quisque@elementumdui.edu','Rhona');
INSERT INTO G25_usuario (cod_usuario,nombres,apellidos,email,nick) VALUES ('530','Nelle','Gallagher','urna.justo@sitamet.edu','Yvette');
INSERT INTO G25_usuario (cod_usuario,nombres,apellidos,email,nick) VALUES ('531','Ruth','Terry','ante.dictum.cursus@vitaeodio.com','Quinlan');
INSERT INTO G25_usuario (cod_usuario,nombres,apellidos,email,nick) VALUES ('532','Molly','Phelps','a.felis@rhoncusProin.ca','Kelsey');
INSERT INTO G25_usuario (cod_usuario,nombres,apellidos,email,nick) VALUES ('533','Oprah','Bush','Nam.interdum.enim@gravidanon.ca','Echo');
INSERT INTO G25_usuario (cod_usuario,nombres,apellidos,email,nick) VALUES ('534','Gareth','Hess','et.commodo.at@Inlorem.ca','Dante');
INSERT INTO G25_usuario (cod_usuario,nombres,apellidos,email,nick) VALUES ('535','Oren','Reeves','hymenaeos.Mauris@InloremDonec.edu','Laith');
INSERT INTO G25_usuario (cod_usuario,nombres,apellidos,email,nick) VALUES ('536','Kuame','Munoz','Ut.nec.urna@sempertellusid.org','Magee');
INSERT INTO G25_usuario (cod_usuario,nombres,apellidos,email,nick) VALUES ('537','Talon','Hewitt','tempus.scelerisque.lorem@Nullamsuscipit.ca','Rahim');
INSERT INTO G25_usuario (cod_usuario,nombres,apellidos,email,nick) VALUES ('538','Ahmed','Horne','eleifend.nunc.risus@Proin.org','Adele');
INSERT INTO G25_usuario (cod_usuario,nombres,apellidos,email,nick) VALUES ('539','Evangeline','Boyle','amet@condimentumegetvolutpat.ca','Jin');
INSERT INTO G25_usuario (cod_usuario,nombres,apellidos,email,nick) VALUES ('540','Xena','Owen','Proin.ultrices@quamelementum.com','Gavin');
INSERT INTO G25_usuario (cod_usuario,nombres,apellidos,email,nick) VALUES ('541','Jamal','Cote','at.libero.Morbi@enimcommodohendrerit.org','Ross');
INSERT INTO G25_usuario (cod_usuario,nombres,apellidos,email,nick) VALUES ('542','Aiko','Glenn','arcu@dapibusgravidaAliquam.com','Clark');
INSERT INTO G25_usuario (cod_usuario,nombres,apellidos,email,nick) VALUES ('543','Adrian','Mcclain','vulputate.lacus@Maurisblanditenim.com','Sopoline');
INSERT INTO G25_usuario (cod_usuario,nombres,apellidos,email,nick) VALUES ('544','Simon','Vance','ornare.facilisis.eget@infaucibusorci.org','Hyacinth');
INSERT INTO G25_usuario (cod_usuario,nombres,apellidos,email,nick) VALUES ('545','Indira','Johns','ornare@Fusce.edu','Ariel');
INSERT INTO G25_usuario (cod_usuario,nombres,apellidos,email,nick) VALUES ('546','Francesca','Forbes','fermentum.fermentum@Donec.com','Damian');
INSERT INTO G25_usuario (cod_usuario,nombres,apellidos,email,nick) VALUES ('547','Darryl','Sears','mollis@Uttinciduntorci.edu','Shelly');
INSERT INTO G25_usuario (cod_usuario,nombres,apellidos,email,nick) VALUES ('548','Kameko','Quinn','Fusce@eumetusIn.ca','Hollee');
INSERT INTO G25_usuario (cod_usuario,nombres,apellidos,email,nick) VALUES ('549','Ezekiel','Conrad','a.felis@pellentesque.com','Kaitlin');
INSERT INTO G25_usuario (cod_usuario,nombres,apellidos,email,nick) VALUES ('550','Zenia','Robles','Nulla.facilisi.Sed@sagittisDuis.com','Nash');
INSERT INTO G25_usuario (cod_usuario,nombres,apellidos,email,nick) VALUES ('551','Zane','Merrill','nec.euismod.in@non.ca','Olivia');
INSERT INTO G25_usuario (cod_usuario,nombres,apellidos,email,nick) VALUES ('552','Leo','Allen','vestibulum@Integertinciduntaliquam.ca','Cameron');
INSERT INTO G25_usuario (cod_usuario,nombres,apellidos,email,nick) VALUES ('553','Drake','Medina','auctor.odio@lacus.ca','Emery');
INSERT INTO G25_usuario (cod_usuario,nombres,apellidos,email,nick) VALUES ('554','Odessa','Padilla','blandit.enim@Integersemelit.ca','Shaine');
INSERT INTO G25_usuario (cod_usuario,nombres,apellidos,email,nick) VALUES ('555','Lavinia','Ortiz','elit.erat.vitae@orcilacus.org','Brian');
INSERT INTO G25_usuario (cod_usuario,nombres,apellidos,email,nick) VALUES ('556','Moana','Perez','parturient.montes.nascetur@metusAeneansed.org','Aubrey');
INSERT INTO G25_usuario (cod_usuario,nombres,apellidos,email,nick) VALUES ('557','Donovan','Colon','ligula.elit@nec.ca','Sharon');
INSERT INTO G25_usuario (cod_usuario,nombres,apellidos,email,nick) VALUES ('558','Cheyenne','Hardin','Phasellus@Nullafacilisis.ca','Ursa');
INSERT INTO G25_usuario (cod_usuario,nombres,apellidos,email,nick) VALUES ('559','Lacota','Pitts','Aliquam.nec.enim@semconsequat.edu','Audra');
INSERT INTO G25_usuario (cod_usuario,nombres,apellidos,email,nick) VALUES ('560','Wyatt','Valdez','vitae.diam@Infaucibus.ca','Shad');
INSERT INTO G25_usuario (cod_usuario,nombres,apellidos,email,nick) VALUES ('561','Janna','Griffin','Etiam.imperdiet@arcuiaculisenim.com','Anika');
INSERT INTO G25_usuario (cod_usuario,nombres,apellidos,email,nick) VALUES ('562','Molly','Hull','Cras@Integer.ca','Tate');
INSERT INTO G25_usuario (cod_usuario,nombres,apellidos,email,nick) VALUES ('563','Otto','Noel','diam.dictum.sapien@arcuVestibulumante.edu','Stone');
INSERT INTO G25_usuario (cod_usuario,nombres,apellidos,email,nick) VALUES ('564','Burke','Ryan','Morbi.quis@Fusce.org','Kessie');
INSERT INTO G25_usuario (cod_usuario,nombres,apellidos,email,nick) VALUES ('565','Sasha','Williams','massa@ligula.org','Wesley');
INSERT INTO G25_usuario (cod_usuario,nombres,apellidos,email,nick) VALUES ('566','Allegra','Snow','lorem.auctor.quis@acmattisvelit.com','Lillian');
INSERT INTO G25_usuario (cod_usuario,nombres,apellidos,email,nick) VALUES ('567','Linda','Elliott','Cum.sociis.natoque@Vivamusnibh.com','Maia');
INSERT INTO G25_usuario (cod_usuario,nombres,apellidos,email,nick) VALUES ('568','Petra','Bailey','feugiat.tellus@commodoat.com','Fredericka');
INSERT INTO G25_usuario (cod_usuario,nombres,apellidos,email,nick) VALUES ('569','Steel','Knight','rhoncus@Donec.edu','Brendan');
INSERT INTO G25_usuario (cod_usuario,nombres,apellidos,email,nick) VALUES ('570','Maile','Bird','ac.mattis@nuncnullavulputate.edu','Lillith');
INSERT INTO G25_usuario (cod_usuario,nombres,apellidos,email,nick) VALUES ('571','Aidan','Sears','vehicula@gravidasitamet.edu','Kay');
INSERT INTO G25_usuario (cod_usuario,nombres,apellidos,email,nick) VALUES ('572','Kermit','Jarvis','rutrum.Fusce@faucibusorci.com','Dane');
INSERT INTO G25_usuario (cod_usuario,nombres,apellidos,email,nick) VALUES ('573','Daniel','Harrison','gravida.nunc@tempus.com','Remedios');
INSERT INTO G25_usuario (cod_usuario,nombres,apellidos,email,nick) VALUES ('574','Kermit','Villarreal','ante@Maecenasornareegestas.edu','Nathaniel');
INSERT INTO G25_usuario (cod_usuario,nombres,apellidos,email,nick) VALUES ('575','Clio','Dyer','euismod@montesnasceturridiculus.org','Farrah');
INSERT INTO G25_usuario (cod_usuario,nombres,apellidos,email,nick) VALUES ('576','Ria','Sosa','purus.Maecenas@condimentumDonec.com','Salvador');
INSERT INTO G25_usuario (cod_usuario,nombres,apellidos,email,nick) VALUES ('577','Breanna','Rodgers','Morbi@dictum.edu','Reuben');
INSERT INTO G25_usuario (cod_usuario,nombres,apellidos,email,nick) VALUES ('578','Katelyn','Griffith','vel.turpis@Utsagittislobortis.ca','William');
INSERT INTO G25_usuario (cod_usuario,nombres,apellidos,email,nick) VALUES ('579','Pandora','Bradley','at.nisi.Cum@Donecfelis.ca','Curran');
INSERT INTO G25_usuario (cod_usuario,nombres,apellidos,email,nick) VALUES ('580','Erin','Cochran','commodo.at@mattisIntegereu.org','Alana');
INSERT INTO G25_usuario (cod_usuario,nombres,apellidos,email,nick) VALUES ('581','Leilani','Stephenson','tempor@ligulaNullam.org','Zahir');
INSERT INTO G25_usuario (cod_usuario,nombres,apellidos,email,nick) VALUES ('582','Penelope','Williamson','rutrum@Aliquamultrices.com','Christopher');
INSERT INTO G25_usuario (cod_usuario,nombres,apellidos,email,nick) VALUES ('583','Celeste','Harper','ac.facilisis.facilisis@dapibusrutrumjusto.ca','Burke');
INSERT INTO G25_usuario (cod_usuario,nombres,apellidos,email,nick) VALUES ('584','Omar','Daugherty','sapien@ipsum.org','Luke');
INSERT INTO G25_usuario (cod_usuario,nombres,apellidos,email,nick) VALUES ('585','Maile','Wheeler','ipsum.non@Donecnibh.edu','Basil');
INSERT INTO G25_usuario (cod_usuario,nombres,apellidos,email,nick) VALUES ('586','Arthur','Erickson','Quisque.fringilla@rutrumFusce.org','Keelie');
INSERT INTO G25_usuario (cod_usuario,nombres,apellidos,email,nick) VALUES ('587','Imani','Hopkins','aptent@acfermentumvel.com','Nolan');
INSERT INTO G25_usuario (cod_usuario,nombres,apellidos,email,nick) VALUES ('588','Chanda','Holder','In.mi@elit.ca','Roth');
INSERT INTO G25_usuario (cod_usuario,nombres,apellidos,email,nick) VALUES ('589','Xander','English','a.auctor.non@enimnisl.com','Ina');
INSERT INTO G25_usuario (cod_usuario,nombres,apellidos,email,nick) VALUES ('590','Diana','Woodward','urna.convallis.erat@mus.edu','Jade');
INSERT INTO G25_usuario (cod_usuario,nombres,apellidos,email,nick) VALUES ('591','Brian','Farrell','dui.Cras.pellentesque@eget.ca','Hyacinth');
INSERT INTO G25_usuario (cod_usuario,nombres,apellidos,email,nick) VALUES ('592','Kibo','Church','vitae.erat@enim.org','Cain');
INSERT INTO G25_usuario (cod_usuario,nombres,apellidos,email,nick) VALUES ('593','Nigel','Ingram','et.malesuada@cursuspurus.com','Olivia');
INSERT INTO G25_usuario (cod_usuario,nombres,apellidos,email,nick) VALUES ('594','Seth','Huffman','nunc.sit@nec.com','Destiny');
INSERT INTO G25_usuario (cod_usuario,nombres,apellidos,email,nick) VALUES ('595','Rafael','Barr','arcu.imperdiet@auctor.com','Neve');
INSERT INTO G25_usuario (cod_usuario,nombres,apellidos,email,nick) VALUES ('596','Halee','Battle','turpis.nec@adipiscingelit.org','Cheryl');
INSERT INTO G25_usuario (cod_usuario,nombres,apellidos,email,nick) VALUES ('597','Jaden','Carson','at@vitae.org','Sharon');
INSERT INTO G25_usuario (cod_usuario,nombres,apellidos,email,nick) VALUES ('598','Colette','Wooten','rutrum.lorem.ac@Nuncpulvinar.org','Desirae');
INSERT INTO G25_usuario (cod_usuario,nombres,apellidos,email,nick) VALUES ('599','Ayanna','Woodward','dolor@nibh.ca','Kyle');
INSERT INTO G25_usuario (cod_usuario,nombres,apellidos,email,nick) VALUES ('600','Phelan','Hamilton','diam@risusat.com','Rylee');
